Date,000660.KS,005380.KS,005930.KS,009150.KS,035420.KS,042700.KS,066570.KS,069500.KS,0700.HK,1024.HK,1810.HK,300308.SZ,3690.HK,3986.HK,9992.HK,AAOI,AAOI-USD,AAPL,AAPL-USD,ADBE,ADBE-USD,ALAB,ALAB-USD,AMAT,AMAT-USD,AMD,AMD-USD,AMZN,AMZN-USD,APP,APP-USD,ARM,ARM-USD,ASML,ASML-USD,ASTS,ASTS-USD,AVGO,AVGO-USD,AXTI,AXTI-USD,BABA,BABA-USD,BBX,BBX-USD,BE,BE-USD,BITO,BITO-USD,BMNR,BMNR-USD,BNC,BNC-USD,BOT,BOT-USD,BRK-B,BRKB,BRKB-USD,BSP,BSP-USD,BX,BX-USD,BZ-USD,BZ=F,CAT,CAT-USD,CBRS,CBRS-USD,CIEN,CIEN-USD,CL-USD,CL=F,COHR,COHR-USD,COIN,COIN-USD,COPPER-USD,COST,COST-USD,CRCL,CRCL-USD,CRDO,CRDO-USD,CRM,CRM-USD,CRWD,CRWD-USD,CRWV,CRWV-USD,CSCO,CSCO-USD,CSOPSAMSUNG2L-USD,CSOPSKHYNIX2L-USD,DELL,DELL-USD,DIS,DIS-USD,DKNG,DKNG-USD,DRAM,DRAM-USD,EBAY,EBAY-USD,EWJ,EWJ-USD,EWT,EWT-USD,EWY,EWY-USD,EWZ,EWZ-USD,FLEX,FLEX-USD,FLNC,FLNC-USD,FWDI,FWDI-USD,GC=F,GEV,GEV-USD,GIGADEV-USD,GLW,GLW-USD,GME,GME-USD,GOOGL,GOOGL-USD,GS,GS-USD,HANMI-USD,HD,HD-USD,HG=F,HIMS,HIMS-USD,HK0700-USD,HK1810-USD,HOOD,HOOD-USD,HPE,HPE-USD,HYUNDAI-USD,IBM,IBM-USD,INTC,INTC-USD,INTW,INTW-USD,IREN,IREN-USD,IWM,IWM-USD,JPM,JPM-USD,KLAC,KLAC-USD,KO,KO-USD,KODEX200-USD,KORU,KORU-USD,KSTR,KSTR-USD,KUAISHOU-USD,LGELECTRONICS-USD,LITE,LITE-USD,LLY,LLY-USD,LRCX,LRCX-USD,MEITUAN-USD,META,META-USD,MINIMAX-USD,MRVL,MRVL-USD,MSFT,MSFT-USD,MSTR,MSTR-USD,MU,MU-USD,MUU,MUU-USD,MVLL,MVLL-USD,NATGAS-USD,NAVER-USD,NBIS,NBIS-USD,NFLX,NFLX-USD,NG=F,NOK,NOK-USD,NOW,NOW-USD,NVDA,NVDA-USD,NVO,NVO-USD,ONDS,ONDS-USD,ORCL,ORCL-USD,PA=F,PANW,PANW-USD,PAYP,PAYP-USD,PENG,PENG-USD,PL=F,PLTR,PLTR-USD,POPMART-USD,PYPL,PYPL-USD,QCOM,QCOM-USD,QNTX,QNTX-USD,QQQ,QQQ-USD,RDDT,RDDT-USD,RIVN,RIVN-USD,RKLB,RKLB-USD,SAMSUNG-USD,SAMSUNGEM-USD,SHAZ,SHAZ-USD,SI=F,SKHY,SKHY-USD,SKHYNIX-USD,SMCI,SMCI-USD,SMH,SMH-USD,SNDK,SNDK-USD,SNOW,SNOW-USD,SNXX,SNXX-USD,SOFI,SOFI-USD,SONY,SONY-USD,SOXL,SOXL-USD,SOXS,SOXS-USD,SPCX,SPCX-USD,SPY,SPY-USD,SQQQ,SQQQ-USD,STRC,STRC-USD,STXX,STXX-USD,TBT,TBT-USD,TENCENT-USD,TER,TER-USD,TMF,TMF-USD,TQQQ,TQQQ-USD,TSLA,TSLA-USD,TSM,TSM-USD,TTWO,TTWO-USD,TXN,TXN-USD,TZA,TZA-USD,UBER,UBER-USD,URNM,URNM-USD,USAR,USAR-USD,UVXY,UVXY-USD,V,V-USD,VRT,VRT-USD,WDC,WDC-USD,WEN,WEN-USD,WMT,WMT-USD,XAG-USD,XAU-USD,XBI,XBI-USD,XLE,XLE-USD,XPD-USD,XPT-USD,ZHIPU-USD,ZHONGJI-USD,ZM,ZM-USD
2024-08-16,6959688.0,1113073.0,22061478.0,457217.0,825934.0,2119325.0,478530.0,8459225.0,16414338.0,15677024.0,71246541.0,27506293.0,37261404.0,,4692966.0,1214100.0,,44340200.0,,1541600.0,,4751800.0,,11644600.0,,31123900.0,,31489200.0,,2782200.0,,6100600.0,,804200.0,,68766300.0,,19296900.0,,769000.0,,25249200.0,,,,3571600.0,,5604900.0,,,,2300.0,,,,3345000.0,,,,,3727400.0,,,33753.0,2483800.0,218.0,,,1236500.0,,,100810.0,7019900.0,,6240500.0,,,1516300.0,262945,,,1189900.0,,3494900.0,6.0,13982400.0,,,,27424900.0,,,,11632600.0,,10277700.0,,9454300.0,,,,4966900.0,,6661600.0,,2180100.0,1447500,3982200.0,,21275300.0,,2237100.0,0.0,965600.0,,76500.0,,197.0,2718300.0,,,4741800.0,,3641800.0,,24208600.0,,1587000.0,0.0,,3308300.0,,286.0,6810200.0,,,,14101700.0,,8302500.0,,,2494400.0,,48582700.0,,,,9127600.0,,30427400.0,,7931200.0,,6734000.0,,12651200.0,,,650000.0,,138800.0,,,,2467400.0,,2364900.0,,11232000.0,,,14776700.0,1974653,,11575800.0,,22775600.0,,11360400.0,,18383300.0,,,,,,,,,,35110000.0,,140820.0,11484300.0,,4177500.0,660,302589900.0,,2111300.0,,189500.0,,4893800.0,,0.0,9066800.0,,,,553100.0,1080284.0,50.0,64870600.0,,,9526800.0,,5435700.0,,,,38383600.0,,3005700.0,743.0,37750200.0,,74179900.0,,,,,,15.0,,,,80612000.0,,5194600.0,2222767.0,,,6261900.0,308.0,,,24474900.0,,2949000.0,,82364600.0,,17065.0,,,,44430700.0,,4833428.0,,,,,,353200.0,,,1338200.0,,5797900.0,,89675200.0,,88765100.0,,10710000.0,,1901100.0,,4236400.0,,1498460.0,,11548300.0,,306300.0,,3500.0,,1938140.0,,5111100.0,,6846400.0,240,5949266.0,86698.0,2950100.0,,19872100.0,1016395.0,,,4717900.0,0.0,17753000.0,,0.0,,,,1735000.0,144.0
2024-08-17,,,,,,,,,,,,,,,,,,,,,,,,,,,,,,,,,,,,,,,,,,,,,,,,,,,,,,,,,,,,,,,,,,65.0,,,,,,,,,,,,,176501,,,,,,0.0,,,,,,,,,,,,,,,,,,,,,,1171882,,,,,,0.0,,,,,,,,,,,,,,,,0.0,,,,,,,,,,,,,,,,,,,,,,,,,,,,,,,,,,,,,,,,,,,,,934576,,,,,,,,,,,,,,,,,,,,,,,,10,,,,,,,,,,,,,,,1154733.0,,,,,,,,,,,,,,33.0,,,,,,,,,,,,,,,,2307510.0,,,,260.0,,,,,,,,,,,,,,,,,,,,,,,,,,,,,,,,,,,,,,,,,,,,,,,,,,,1430,,89654.0,,,,845996.0,,,,0.0,,,0.0,,,,,119.0
2024-08-18,,,,,,,,,,,,,,,,,,,,,,,,,,,,,,,,,,,,,,,,,,,,,,,,,,,,,,,,,,,,,,,,,,9444.0,,,,,,,,,,,,,149306,,,,,,0.0,,,,,,,,,,,,,,,,,,,,,,1188901,,,,,,0.0,,,,,,,,,,,,,,,,1.0,,,,,,,,,,,,,,,,,,,,,,,,,,,,,,,,,,,,,,,,,,,,,360116,,,,,,,,,,,,,,,,,,,,,,,,334,,,,,,,,,,,,,,,1349019.0,,,,,,,,,,,,,,6737.0,,,,,,,,,,,,,,,,2187112.0,,,,120.0,,,,,,,,,,,,,,,,,,,,,,,,,,,,,,,,,,,,,,,,,,,,,,,,,,,876,,93355.0,,,,809643.0,,,,18.0,,,0.0,,,,,304.0
2024-08-19,3977026.0,739313.0,14146565.0,226829.0,548046.0,905341.0,483361.0,6736568.0,15210162.0,33267533.0,123269250.0,18725366.0,17188364.0,,9411740.0,1563200.0,,40687800.0,,1423300.0,,2386400.0,,5285400.0,,60766900.0,,31129800.0,,1873300.0,,6272100.0,,1024600.0,,37779900.0,,20441700.0,,132900.0,,14751000.0,,,,2751800.0,,4837800.0,,,,2400.0,,,,3385300.0,,,,,2146200.0,,,45853.0,2252600.0,13905.0,,,682900.0,,,118172.0,3160900.0,,6304200.0,,,1318400.0,166228,,,1585600.0,,4501300.0,0.0,21866400.0,,,,16436600.0,,,,8374900.0,,9723600.0,,7283000.0,,,,3557300.0,,5268800.0,,2877700.0,1668057,3028100.0,,19868100.0,,2276800.0,0.0,1680200.0,,9700.0,,88.0,1626900.0,,,2851700.0,,4543500.0,,22416200.0,,1027900.0,20.0,,3634900.0,,237.0,7045900.0,,,,11372200.0,,9017300.0,,,2361400.0,,65956300.0,,,,10854700.0,,17246200.0,,6090800.0,,9716000.0,,9843900.0,,,869000.0,,33600.0,,,,1962500.0,,2374600.0,,10306000.0,,,9879700.0,594075,,9607200.0,,15234000.0,,6595700.0,,15744600.0,,,,,,,,,,30162000.0,,179074.0,16540600.0,,3207500.0,225,318333600.0,,1681800.0,,240200.0,,3641600.0,,0.0,16124600.0,,,,383400.0,1032110.0,50.0,52353600.0,,,9578100.0,,6708100.0,,,,23737700.0,,4487400.0,32514.0,21051300.0,,47084200.0,,,,,,18.0,,,,68802000.0,,5564300.0,2247246.0,,,5326400.0,355.0,,,51562200.0,,3243500.0,,77684200.0,,16152.0,,,,39121800.0,,5167436.0,,,,,,474500.0,,,1347800.0,,6075600.0,,91599800.0,,76435200.0,,11511000.0,,1078300.0,,3788900.0,,1591160.0,,13821300.0,,507400.0,,2400.0,,1585180.0,,6555900.0,,6791700.0,344,6809613.0,76521.0,4167100.0,,13709300.0,827623.0,,,6426300.0,0.0,21762600.0,,0.0,,,,2679700.0,225.0
2024-08-20,4258190.0,660818.0,10683836.0,301439.0,541953.0,854630.0,285409.0,5472924.0,11852608.0,25414936.0,79865450.0,16960535.0,14669733.0,,4976090.0,1539100.0,,30299000.0,,1219600.0,,3298200.0,,4860300.0,,76851200.0,,26255200.0,,2363900.0,,5847700.0,,921300.0,,32419000.0,,19417500.0,,148500.0,,17880100.0,,,,4130800.0,,7658100.0,,,,18800.0,,,,2906500.0,,,,,1811400.0,,,39162.0,1479500.0,10305.0,,,933600.0,,,329276.0,3302400.0,,12353700.0,,,1104600.0,180626,,,2221700.0,,5731300.0,0.0,15506000.0,,,,18697300.0,,,,6189000.0,,8863400.0,,8744100.0,,,,3137700.0,,6518700.0,,2615700.0,1029762,2500700.0,,15997400.0,,1509700.0,0.0,1545400.0,,30600.0,,187.0,1138200.0,,,3182200.0,,3570300.0,,18341500.0,,2122700.0,4390.0,,3459400.0,,326.0,6515600.0,,,,10363700.0,,9747600.0,,,1790400.0,,84161300.0,,,,8931500.0,,21703900.0,,5640000.0,,6854000.0,,11957400.0,,,785600.0,,1700.0,,,,2895700.0,,4961500.0,,9951000.0,,,7944400.0,477443,,10304300.0,,16387600.0,,11274600.0,,16075500.0,,,,,,,,,,48131000.0,,129952.0,11145900.0,,3923500.0,19285,300087400.0,,2106900.0,,547300.0,,3738300.0,,0.0,25706000.0,,,,674500.0,1172059.0,50.0,40783000.0,,,23546000.0,,6222400.0,,,,29209300.0,,4206300.0,58725.0,23709800.0,,27622900.0,,,,,,15.0,,,,60604000.0,,6578600.0,2411536.0,,,4929400.0,60.0,,,42987600.0,,3695500.0,,83644600.0,,20456.0,,,,33732300.0,,5628868.0,,,,,,265900.0,,,1671900.0,,6291800.0,,97859000.0,,74001200.0,,13555500.0,,2750600.0,,7111400.0,,1892050.0,,10246500.0,,213000.0,,1100.0,,2192780.0,,6803600.0,,5977800.0,109,4900789.0,87982.0,3390800.0,,14434000.0,884747.0,,,5546100.0,11.0,33866400.0,,0.0,,,,2224200.0,89.0
2024-08-21,4508983.0,359513.0,7805598.0,189640.0,464862.0,621977.0,265101.0,6776592.0,11647083.0,95091142.0,98036616.0,13381497.0,15349800.0,,22188169.0,1502900.0,,34765500.0,,1401700.0,,2221400.0,,4460500.0,,42791200.0,,35599100.0,,3545900.0,,6235300.0,,646500.0,,36381900.0,,16097700.0,,151900.0,,14690000.0,,,,4276100.0,,6895000.0,,,,15900.0,,,,3028500.0,,,,,1945200.0,,,45081.0,1433200.0,3664.0,,,880400.0,,,390527.0,2320200.0,,7502400.0,,,1465500.0,156858,,,3730600.0,,4648200.0,0.0,21033600.0,,,,21177600.0,,,,6714400.0,,7637600.0,,8820100.0,,,,5541100.0,,7388200.0,,2855700.0,1058092,2241200.0,,11199900.0,,1978800.0,0.0,973500.0,,14900.0,,96.0,1601400.0,,,4557600.0,,3163200.0,,22902000.0,,917100.0,7050.0,,4587600.0,,299.0,5351700.0,,,,9837100.0,,7719800.0,,,2579300.0,,57028900.0,,,,11121300.0,,19623100.0,,5202300.0,,6185000.0,,8792400.0,,,1555200.0,,500.0,,,,1624900.0,,2617000.0,,8452000.0,,,13423300.0,356294,,9332700.0,,16067300.0,,11774500.0,,13658900.0,,,,,,,,,,22353000.0,,124659.0,8107300.0,,3049500.0,313,257883600.0,,2410500.0,,680500.0,,3776800.0,,1.0,10018600.0,,,,514600.0,1675335.0,4.0,38147600.0,,,10455500.0,,6309500.0,,,,25658800.0,,4179400.0,51190.0,24317300.0,,26839900.0,,,,,,1.0,,,,57375000.0,,4813700.0,2044768.0,,,16443000.0,321.0,,,38849700.0,,4133000.0,,83611500.0,,19604.0,,,,41514600.0,,5185076.0,,,,,,439100.0,,,1409400.0,,8292600.0,,103000800.0,,70146000.0,,9434800.0,,1849400.0,,8119300.0,,1701700.0,,9290200.0,,633600.0,,0.0,,2887500.0,,6639700.0,,5735300.0,193,5700146.0,89838.0,2246400.0,,14832000.0,873519.0,,,6482400.0,0.0,22737800.0,,0.0,,,,7107300.0,187.0
2024-08-22,3166217.0,497250.0,8149101.0,153520.0,1616355.0,906777.0,265019.0,5570074.0,16786859.0,39480789.0,434622724.0,10673465.0,18083963.0,,22571188.0,3012600.0,,43695300.0,,1627700.0,,1435600.0,,6621900.0,,45737300.0,,32047500.0,,3145700.0,,4736300.0,,1092600.0,,20021700.0,,30044500.0,,177800.0,,9729000.0,,,,3646100.0,,4497600.0,,,,4500.0,,,,3502800.0,,,,,1795500.0,,,33822.0,2021400.0,361.0,,,728700.0,,,334117.0,1368400.0,,5284900.0,,,1440900.0,142548,,,1868300.0,,5111400.0,0.0,17682800.0,,,,19143100.0,,,,7018300.0,,7613000.0,,7194000.0,,,,3875000.0,,7426000.0,,5192200.0,1330208,2885600.0,,30963700.0,,1277900.0,0.0,973800.0,,13200.0,,210.0,2067900.0,,,3736200.0,,3382500.0,,22493300.0,,943800.0,2241.0,,4097300.0,,301.0,9802400.0,,,,7417900.0,,7195100.0,,,1969500.0,,81444700.0,,,,11218700.0,,18084300.0,,5247100.0,,9199000.0,,12509200.0,,,1498200.0,,46400.0,,,,1321200.0,,3183700.0,,13665000.0,,,15708300.0,885105,,9705600.0,,19361900.0,,7963400.0,,17967000.0,,,,,,,,,,27294000.0,,153777.0,6112600.0,,3532500.0,461,376189100.0,,2723800.0,,363700.0,,5162200.0,,0.0,6149200.0,,,,753500.0,1049613.0,0.0,43522200.0,,,11811100.0,,6743500.0,,,,37739600.0,,3939000.0,30035.0,20573300.0,,22202400.0,,,,,,4.0,,,,61153000.0,,8007400.0,2281070.0,,,37236900.0,517.0,,,29843200.0,,3159000.0,,107889900.0,,26296.0,,,,56121500.0,,7801676.0,,,,,,413700.0,,,1815000.0,,9118700.0,,127496400.0,,79514500.0,,13546100.0,,1221900.0,,6879900.0,,1644010.0,,9571900.0,,565800.0,,694600.0,,3217260.0,,4425200.0,,4304800.0,137,4203833.0,95579.0,2209300.0,,16511100.0,838203.0,,,7016500.0,0.0,19595400.0,,0.0,,,,22168500.0,569.0
2024-08-23,4371332.0,449189.0,9420306.0,366446.0,589333.0,665017.0,267411.0,5766510.0,13055635.0,26304902.0,123160023.0,12275356.0,16679813.0,,8014669.0,2349100.0,,38677300.0,,2023500.0,,2538900.0,,5296400.0,,43694600.0,,29150100.0,,1910200.0,,7286800.0,,1395900.0,,25736700.0,,18848000.0,,168900.0,,17318000.0,,,,3648100.0,,11118100.0,,,,2100.0,,,,2805400.0,,,,,4886900.0,,,19275.0,2183900.0,4211.0,,,1311900.0,,,313764.0,2418800.0,,8304200.0,,,1305800.0,341662,,,3228300.0,,4711300.0,0.0,12994400.0,,,,16474100.0,,,,6023400.0,,7369200.0,,7270700.0,,,,2824300.0,,8212200.0,,3567500.0,1617672,3794800.0,,20777900.0,,2215800.0,0.0,1801400.0,,82500.0,,94.0,4872700.0,,,2893100.0,,4056700.0,,13955700.0,,1751800.0,724.0,,3426200.0,,301.0,7369500.0,,,,13294500.0,,7959500.0,,,2322000.0,,73398400.0,,,,13611600.0,,40003100.0,,7214000.0,,6858000.0,,11834700.0,,,921000.0,,5300.0,,,,1973400.0,,2063300.0,,10671000.0,,,11323900.0,1055949,,12982800.0,,18493800.0,,17791300.0,,25465100.0,,,,,,,,,,23545000.0,,62492.0,8747400.0,,3510500.0,550,323230300.0,,2112200.0,,103900.0,,4544600.0,,0.0,7013400.0,,,,421500.0,1790510.0,0.0,34121200.0,,,8222200.0,,6823600.0,,,,36061500.0,,5286700.0,26191.0,39766900.0,,14731100.0,,,,,,8.0,,,,53374000.0,,6933400.0,2839761.0,,,16772600.0,464.0,,,52448400.0,,2222000.0,,87128100.0,,27275.0,,,,50639400.0,,7452056.0,,,,,,554800.0,,,1846900.0,,7711400.0,,128753200.0,,81525200.0,,12189100.0,,1076200.0,,6112000.0,,2821810.0,,13065600.0,,917700.0,,1228600.0,,2791220.0,,3697400.0,,4990700.0,77,4029064.0,100118.0,3066700.0,,12299100.0,903796.0,,,7626600.0,0.0,20734600.0,,0.0,,,,10683900.0,154.0
2024-08-24,,,,,,,,,,,,,,,,,,,,,,,,,,,,,,,,,,,,,,,,,,,,,,,,,,,,,,,,,,,,,,,,,,5994.0,,,,,,,,,,,,,253630,,,,,,0.0,,,,,,,,,,,,,,,,,,,,,,873404,,,,,,0.0,,,,,,,,,,,,,,,,77.0,,,,,,,,,,,,,,,,,,,,,,,,,,,,,,,,,,,,,,,,,,,,,1126076,,,,,,,,,,,,,,,,,,,,,,,,246,,,,,,,,,,,,,,,2247193.0,,,,,,,,,,,,,,4152.0,,,,,,,,,,,,,,,,2550714.0,,,,208.0,,,,,,,,,,,,,,,,,,,,,,,,,,,,,,,,,,,,,,,,,,,,,,,,,,,267,,98415.0,,,,931051.0,,,,0.0,,,0.0,,,,,162.0
2024-08-25,,,,,,,,,,,,,,,,,,,,,,,,,,,,,,,,,,,,,,,,,,,,,,,,,,,,,,,,,,,,,,,,,,26666.0,,,,,,,,,,,,,269736,,,,,,0.0,,,,,,,,,,,,,,,,,,,,,,826914,,,,,,0.0,,,,,,,,,,,,,,,,31.0,,,,,,,,,,,,,,,,,,,,,,,,,,,,,,,,,,,,,,,,,,,,,699593,,,,,,,,,,,,,,,,,,,,,,,,166,,,,,,,,,,,,,,,2010254.0,,,,,,,,,,,,,,2102.0,,,,,,,,,,,,,,,,2363616.0,,,,167.0,,,,,,,,,,,,,,,,,,,,,,,,,,,,,,,,,,,,,,,,,,,,,,,,,,,118,,96943.0,,,,878013.0,,,,0.0,,,0.0,,,,,155.0
2024-08-26,4913204.0,469538.0,15655938.0,230543.0,1277462.0,631347.0,237816.0,4216064.0,16251125.0,17813986.0,85190286.0,26366268.0,18754675.0,,6058352.0,1400600.0,,30602200.0,,1387500.0,,3395700.0,,7333900.0,,49893300.0,,22366200.0,,2055200.0,,6042300.0,,1251500.0,,17618600.0,,18521200.0,,223400.0,,29321700.0,,,,3890300.0,,5369900.0,,,,1500.0,,,,3575800.0,,,,,3795200.0,,,25997.0,1718100.0,7903.0,,,1685600.0,,,409675.0,2344700.0,,5437100.0,,,1737000.0,201217,,,2816900.0,,3818300.0,0.0,14233600.0,,,,12016800.0,,,,7307800.0,,8043800.0,,7566000.0,,,,3196900.0,,6750900.0,,2454100.0,1490080,1898200.0,,16534200.0,,1457900.0,0.0,2049800.0,,27100.0,,290.0,2176800.0,,,2607200.0,,4780500.0,,14190400.0,,1084200.0,7.0,,2452100.0,,346.0,5935900.0,,,,10676300.0,,7313700.0,,,2567200.0,,58534800.0,,,,12423700.0,,24865500.0,,5105200.0,,7785000.0,,12912200.0,,,641800.0,,2600.0,,,,1852000.0,,2166000.0,,11154000.0,,,9584000.0,526421,,10382000.0,,13152800.0,,10418800.0,,26752300.0,,,,,,,,,,13542000.0,,50432.0,5986900.0,,2681500.0,300,331964700.0,,1781100.0,,130600.0,,2729600.0,,0.0,6962800.0,,,,458600.0,2238649.0,0.0,35283600.0,,,9063000.0,,7437600.0,,,,27452600.0,,2555700.0,49227.0,33109800.0,,13359400.0,,,,,,53.0,,,,90386000.0,,6925200.0,2192602.0,,,12690100.0,210.0,,,31511400.0,,2116000.0,,86603000.0,,20818.0,,,,35788600.0,,5300188.0,,,,,,221100.0,,,1648600.0,,5554500.0,,84981400.0,,59301200.0,,9611300.0,,805600.0,,5806000.0,,1428940.0,,10999900.0,,688900.0,,736500.0,,2000120.0,,4612200.0,,4828700.0,167,4296046.0,83247.0,2556200.0,,9508200.0,853611.0,,,5653000.0,0.0,19514800.0,,0.0,,,,6547300.0,104.0
2024-08-27,5796566.0,555018.0,11130145.0,155579.0,628385.0,529080.0,207580.0,,13675535.0,20821869.0,88144342.0,16377596.0,42738256.0,,6460100.0,1109000.0,,35934600.0,,1404400.0,,4029000.0,,6632500.0,,35102700.0,,29842000.0,,1876100.0,,4241400.0,,661600.0,,14778800.0,,16683100.0,,147400.0,,9026100.0,,,,2584500.0,,6388800.0,,,,900.0,,,,3764700.0,,,,,3870800.0,,,21261.0,1210800.0,2885.0,,,1160500.0,,,331162.0,1753600.0,,5992900.0,,,2098900.0,313638,,,1587200.0,,5276400.0,0.0,14747600.0,,,,10243900.0,,,,6271600.0,,7237400.0,,5445700.0,,,,4134200.0,,4898100.0,,1872200.0,1391109,2328100.0,,8461800.0,,1568000.0,0.0,1440700.0,,7200.0,,100.0,1613100.0,,,4120100.0,,4118800.0,,11821900.0,,977900.0,0.0,,1780300.0,,256.0,13887700.0,,,,8052600.0,,7637300.0,,,2617100.0,,43862000.0,,,,10886100.0,,19577900.0,,5185200.0,,6871000.0,,16988400.0,,,428800.0,,4500.0,,,,1100300.0,,2912900.0,,8911000.0,,,6282700.0,1884640,,6699300.0,,13492900.0,,10943100.0,,17234600.0,,,,,,,,,,31649000.0,,68871.0,9442100.0,,2407500.0,929,303134600.0,,2124400.0,,143500.0,,3872200.0,,0.0,3473000.0,,,,1605200.0,1550256.0,0.0,23541300.0,,,9396900.0,,6498800.0,,,,27510000.0,,3716300.0,1861.0,20302300.0,,16090500.0,,,,,,78.0,,,,116837000.0,,5534400.0,2427815.0,,,6461800.0,158.0,,,27703700.0,,4354000.0,,74033300.0,,18133.0,,,,32693900.0,,4513636.0,,,,,,329700.0,,,1066200.0,,5700100.0,,71532600.0,,62821400.0,,9186000.0,,783900.0,,4373400.0,,1770920.0,,7294100.0,,299000.0,,56300.0,,1325920.0,,6594100.0,,5431800.0,190,6675461.0,109305.0,1635100.0,,11557800.0,941232.0,,,5293600.0,0.0,16627200.0,,0.0,,,,4605700.0,376.0
2024-08-28,5590086.0,1170970.0,9794514.0,147243.0,781672.0,1442239.0,264327.0,6708121.0,14602521.0,23296534.0,76185975.0,14895224.0,43855211.0,,4856130.0,1686700.0,,38052200.0,,1289700.0,,3411900.0,,6412500.0,,34075800.0,,29045000.0,,3219400.0,,7388100.0,,727300.0,,20565800.0,,18063600.0,,187500.0,,14024400.0,,,,2708800.0,,10751500.0,,,,300.0,,,,4838100.0,,,,,2548600.0,,,16512.0,1514500.0,762.0,,,1596500.0,,,337361.0,1805600.0,,4995700.0,,,1668400.0,200189,,,1911000.0,,10981900.0,0.0,28290400.0,,,,14571400.0,,,,9528000.0,,8569700.0,,6182600.0,,,,4002800.0,,9908200.0,,4602500.0,1600682,2895000.0,,12924700.0,,1451900.0,0.0,1135900.0,,40500.0,,2353.0,2067600.0,,,3727100.0,,5219500.0,,16407400.0,,1568100.0,168.0,,2218300.0,,24167.0,7675000.0,,,,10959700.0,,8707000.0,,,2645200.0,,50144900.0,,,,12007500.0,,19685000.0,,6506400.0,,6489000.0,,13272600.0,,,384800.0,,1000.0,,,,1205900.0,,1701800.0,,11739000.0,,,9106100.0,765431,,8661000.0,,14882700.0,,8860100.0,,25564300.0,,,,,,,,,,24306000.0,,165219.0,7710800.0,,4323000.0,514,448101100.0,,2765400.0,,126300.0,,3022600.0,,3097.0,3306600.0,,,,1125400.0,1423377.0,57.0,33961400.0,,,9277700.0,,6534600.0,,,,37372400.0,,4033100.0,5430.0,28459100.0,,12833300.0,,,,,,42397.0,,,,369735000.0,,8114000.0,2261323.0,,,7769900.0,162.0,,,33583100.0,,5290500.0,,101998500.0,,23702.0,,,,41066000.0,,6256956.0,,,,,,212700.0,,,1352700.0,,4154300.0,,118625800.0,,64116400.0,,10581400.0,,1153700.0,,3998100.0,,1778400.0,,9529400.0,,725600.0,,13300.0,,2841140.0,,5455100.0,,6981700.0,881,6182511.0,121227.0,2289400.0,,9814300.0,995017.0,,,5093000.0,0.0,17049000.0,,0.0,,,,4479000.0,466.0
2024-08-29,8284585.0,1646679.0,16884479.0,315148.0,448071.0,1974828.0,327033.0,6493190.0,12890430.0,23940106.0,69733894.0,37485099.0,88880692.0,,7768266.0,3669800.0,,51906300.0,,1955600.0,,6837000.0,,6730300.0,,31602100.0,,26407800.0,,4595100.0,,9715200.0,,1173800.0,,15876500.0,,23519300.0,,88400.0,,14154200.0,,,,3143700.0,,9660200.0,,,,300.0,,,,4459400.0,,,,,2744900.0,,,9726.0,1664500.0,1068.0,,,1428900.0,,,408147.0,1612700.0,,3841800.0,,,1709900.0,171156,,,1973600.0,,14301700.0,0.0,52400800.0,,,,16324100.0,,,,23836600.0,,6181800.0,,7191600.0,,,,3422100.0,,6345900.0,,4123900.0,1261654,3156300.0,,25900600.0,,1819400.0,0.0,1310600.0,,27300.0,,3966.0,3155500.0,,,4482800.0,,10428400.0,,19699800.0,,1566300.0,0.0,,2698400.0,,6135.0,4899900.0,,,,7621500.0,,9558700.0,,,2989600.0,,64529700.0,,,,27835300.0,,24599500.0,,6416100.0,,8065000.0,,17201700.0,,,583200.0,,6400.0,,,,1264400.0,,1762800.0,,12437000.0,,,8317400.0,232264,,16527000.0,,17045200.0,,8431400.0,,18984300.0,,,,,,,,,,21870000.0,,154737.0,50253000.0,,6228000.0,761,453023300.0,,2754700.0,,134900.0,,4588400.0,,852.0,5457000.0,,,,595000.0,1182264.0,29.0,39733000.0,,,13181600.0,,12514200.0,,,,41081500.0,,5040100.0,9680.0,20853200.0,,8084100.0,,,,,,7849.0,,,,130533000.0,,9256500.0,2184883.0,,,6871400.0,153.0,,,84954500.0,,3146000.0,,97333200.0,,24225.0,,,,38715200.0,,7909652.0,,,,,,378600.0,,,1496200.0,,5564700.0,,120033600.0,,62308800.0,,13213200.0,,929600.0,,5622800.0,,2245480.0,,9300800.0,,483600.0,,42100.0,,2636760.0,,5565100.0,,7012300.0,472,5716948.0,112219.0,1973000.0,,11856800.0,829537.0,,,5732700.0,0.0,22498800.0,,0.0,,,,2759900.0,157.0
2024-08-30,4498221.0,1206940.0,16358520.0,378561.0,950399.0,1075656.0,1141903.0,4963885.0,30873303.0,52118817.0,177604614.0,31259546.0,74886388.0,,10524808.0,4196300.0,,52990800.0,,1983000.0,,8630000.0,,7313800.0,,31169100.0,,43429400.0,,4581600.0,,4763100.0,,991200.0,,16165900.0,,25158500.0,,73000.0,,20027300.0,,,,2418000.0,,8959200.0,,,,400.0,,,,7465800.0,,,,,3421600.0,,,50268.0,2974100.0,150.0,,,2967800.0,,,427273.0,2230400.0,,7307200.0,,,1933500.0,198240,,,2374500.0,,10507700.0,0.0,26468000.0,,,,15615800.0,,,,33433600.0,,8403600.0,,7568800.0,,,,5430200.0,,6495600.0,,2693700.0,991003,2301300.0,,47117200.0,,2390500.0,0.0,1179900.0,,24400.0,,208.0,3347700.0,,,5231400.0,,15680700.0,,22123800.0,,1838900.0,39.0,,3216700.0,,1365.0,5448500.0,,,,11026200.0,,18330200.0,,,4751000.0,,177785400.0,,,,13744600.0,,23010500.0,,8574100.0,,10793000.0,,18624200.0,,,364200.0,,5600.0,,,,1674600.0,,2555100.0,,12427000.0,,,9157500.0,236255,,32029800.0,,24308300.0,,7803000.0,,18819400.0,,,,,,,,,,32667000.0,,131106.0,28292000.0,,9605000.0,304,333751600.0,,2718300.0,,106100.0,,7980700.0,,77.0,5977200.0,,,,418500.0,1118740.0,29.0,42388000.0,,,9635000.0,,11110800.0,,,,33466500.0,,4152500.0,5610.0,22865400.0,,8159300.0,,,,,,488.0,,,,109332000.0,,8623800.0,2238325.0,,,5217200.0,1027.0,,,40858700.0,,2005000.0,,85280800.0,,20468.0,,,,62700100.0,,6081716.0,,,,,,1087200.0,,,1497100.0,,9047600.0,,92946800.0,,63370600.0,,9481400.0,,1206500.0,,5860900.0,,1282050.0,,12676900.0,,270200.0,,0.0,,2426640.0,,6296100.0,,7101000.0,553,8489030.0,132858.0,2596800.0,,23230000.0,922104.0,,,5282100.0,0.0,28085000.0,,0.0,,,,5144500.0,265.0
2024-08-31,,,,,,,,,,,,,,,,,,,,,,,,,,,,,,,,,,,,,,,,,,,,,,,,,,,,,,,,,,,,,,,,,,2338.0,,,,,,,,,,,,,197258,,,,,,0.0,,,,,,,,,,,,,,,,,,,,,,1798383,,,,,,0.0,,,,,,,,,,,,,,,,0.0,,,,,,,,,,,,,,,,,,,,,,,,,,,,,,,,,,,,,,,,,,,,,257544,,,,,,,,,,,,,,,,,,,,,,,,66,,,,,,,,,,,,,,,1124217.0,,,,,,,,,,,,,,16451.0,,,,,,,,,,,,,,,,2148193.0,,,,634.0,,,,,,,,,,,,,,,,,,,,,,,,,,,,,,,,,,,,,,,,,,,,,,,,,,,122,,125870.0,,,,668609.0,,,,0.0,,,0.0,,,,,145.0
2024-09-01,,,,,,,,,,,,,,,,,,,,,,,,,,,,,,,,,,,,,,,,,,,,,,,,,,,,,,,,,,,,,,,,,,555.0,,,,,,,,,,,,,142134,,,,,,0.0,,,,,,,,,,,,,,,,,,,,,,804059,,,,,,0.0,,,,,,,,,,,,,,,,12.0,,,,,,,,,,,,,,,,,,,,,,,,,,,,,,,,,,,,,,,,,,,,,865027,,,,,,,,,,,,,,,,,,,,,,,,489,,,,,,,,,,,,,,,1344415.0,,,,,,,,,,,,,,1175.0,,,,,,,,,,,,,,,,2139541.0,,,,119.0,,,,,,,,,,,,,,,,,,,,,,,,,,,,,,,,,,,,,,,,,,,,,,,,,,,114,,120596.0,,,,684792.0,,,,0.0,,,0.0,,,,,145.0
2024-09-02,3507670.0,1006660.0,12641376.0,323305.0,505605.0,746626.0,511432.0,6423898.0,13878671.0,17416760.0,81454069.0,22085824.0,27217094.0,,4505538.0,,,,,,,,,,,,,,,,,,,,,,,,,,,,,,,,,,,,,,,,,,,,,,,,,,,608.0,,,,,,,,,,,,,166956,,,,,,0.0,,,,,,,,,,,,,,,,,,,,,,1230032,,,,,,0.0,,,,,,,,,,,,,,,,27.0,,,,,,,,,,,,,,,,,,,,,,,,,,,,,,,,,,,,,,,,,,,,,892909,,,,,,,,,,,,,,,,,,,,,,,,15570,,,,,,,,,,,,,,,1328968.0,,,,,,,,,,,,,,1664.0,,,,,,,,,,,,,,,,2212284.0,,,,294.0,,,,,,,,,,,,,,,,,,,,,,,,,,,,,,,,,,,,,,,,,,,,,,,,,,,182,,122009.0,,,,779773.0,,,,0.0,,,58.0,,,,,67.0
2024-09-03,3286574.0,1024521.0,16314599.0,250558.0,536586.0,661268.0,381699.0,5515228.0,9814885.0,34364594.0,66363685.0,13014877.0,19616696.0,,3703016.0,6185000.0,,50190600.0,,2757900.0,,4443000.0,,12163400.0,,42172700.0,,37817500.0,,3302500.0,,6382500.0,,1870800.0,,9855500.0,,37179100.0,,177800.0,,11638200.0,,,,4779600.0,,9803200.0,,,,5800.0,,,,7511900.0,,,,,2339700.0,,,70646.0,3107200.0,180.0,,,4872800.0,,,546617.0,2115200.0,,9746600.0,,,1784200.0,166322,,,3320000.0,,6190400.0,0.0,22012800.0,,,,14918600.0,,,,14159000.0,,8465500.0,,7667900.0,,,,4228900.0,,8228800.0,,6030200.0,872089,3237100.0,,23963500.0,,2913000.0,0.0,1936700.0,,31300.0,,206.0,4275300.0,,,4886400.0,,11350500.0,,38945300.0,,2373600.0,0.0,,3598100.0,,1114.0,6559000.0,,,,11353500.0,,15341500.0,,,3874700.0,,115305500.0,,,,18314900.0,,31338500.0,,8956100.0,,16612000.0,,14755800.0,,,1107200.0,,34300.0,,,,1881000.0,,2529400.0,,16690000.0,,,12459100.0,501807,,22273200.0,,20313600.0,,8258800.0,,28897200.0,,,,,,,,,,31610000.0,,221115.0,30014900.0,,6307500.0,26,477155100.0,,2309800.0,,166300.0,,6831200.0,,7.0,5231600.0,,,,1028400.0,1098398.0,29.0,34531600.0,,,8571300.0,,11620300.0,,,,44985200.0,,3016000.0,32144.0,21395100.0,,6921300.0,,,,,,292.0,,,,97224000.0,,14466300.0,2207657.0,,,6277500.0,976.0,,,43359200.0,,4532000.0,,140077900.0,,32244.0,,,,60600100.0,,6674312.0,,,,,,766700.0,,,3193900.0,,10087900.0,,147572600.0,,76714200.0,,18464400.0,,1581700.0,,9284000.0,,2321050.0,,13053300.0,,701000.0,,37300.0,,4803280.0,,7278300.0,,9052500.0,2,7794587.0,128072.0,3824500.0,,22666100.0,782946.0,,,9086700.0,0.0,38194200.0,,0.0,,,,3316400.0,150.0
2024-09-04,10020391.0,942257.0,27366563.0,527962.0,1217431.0,1229958.0,729415.0,7172762.0,13278870.0,26807990.0,106320627.0,31225853.0,27521023.0,,2745755.0,4302100.0,,43840200.0,,1615800.0,,4374800.0,,6378100.0,,42130600.0,,30309200.0,,2575400.0,,6041600.0,,2350900.0,,43765000.0,,20324100.0,,143700.0,,11114100.0,,,,2370300.0,,7811900.0,,,,17800.0,,,,5309400.0,,,,,1703600.0,,,56979.0,2782500.0,3101.0,,,4792000.0,,,482025.0,2281800.0,,7826400.0,,,1425200.0,203114,,,3960700.0,,4706500.0,0.0,17488800.0,,,,16411700.0,,,,8113600.0,,6317200.0,,5708400.0,,,,3775200.0,,5105500.0,,6487800.0,1351945,3361600.0,,17619700.0,,3881200.0,0.0,2229100.0,,15400.0,,470.0,3765100.0,,,3493800.0,,6700900.0,,19353800.0,,1509400.0,23.0,,3221300.0,,944.0,4018700.0,,,,9923300.0,,21890700.0,,,3142500.0,,85871900.0,,,,9955400.0,,23706300.0,,7389500.0,,9272000.0,,18140800.0,,,519800.0,,59000.0,,,,1534500.0,,1891700.0,,9434000.0,,,8335200.0,419070,,11815400.0,,15135800.0,,8191100.0,,16356500.0,,,,,,,,,,17853000.0,,150022.0,18957700.0,,3544500.0,3220,372470300.0,,1811600.0,,125100.0,,6243300.0,,0.0,6138400.0,,,,1040400.0,1551222.0,29.0,33419500.0,,,8369000.0,,6737000.0,,,,32505100.0,,2772100.0,13031.0,18070200.0,,9643700.0,,,,,,237.0,,,,71634000.0,,8646300.0,2303172.0,,,3727700.0,645.0,,,34795200.0,,2766000.0,,108759900.0,,23245.0,,,,47224900.0,,8113300.0,,,,,,440200.0,,,1632000.0,,8809600.0,,96798400.0,,80651800.0,,11317400.0,,990100.0,,4650400.0,,3061760.0,,7995800.0,,358400.0,,92200.0,,4031900.0,,6107500.0,,5232300.0,197,4870228.0,123474.0,3252500.0,,18442800.0,954636.0,,,6944700.0,0.0,30114000.0,,0.0,,,,2896500.0,226.0
2024-09-05,5349484.0,884047.0,25686769.0,239457.0,830603.0,912271.0,947316.0,5346956.0,9576319.0,25914192.0,94213782.0,18634620.0,24972705.0,,6085540.0,2977300.0,,36615400.0,,1573600.0,,2884300.0,,6495000.0,,25023000.0,,40170500.0,,2019200.0,,4660200.0,,1672000.0,,41445700.0,,31548500.0,,187600.0,,8461000.0,,,,2413200.0,,8055700.0,,,,11000.0,,,,6213200.0,,,,,2234600.0,,,47879.0,2525500.0,913.0,,,3240200.0,,,405596.0,1178000.0,,5732700.0,,,1998800.0,224240,,,10574800.0,,4083600.0,0.0,15712000.0,,,,16312000.0,,,,9362400.0,,6234100.0,,9079400.0,,,,4199700.0,,5091200.0,,2455400.0,1658755,2865800.0,,14487300.0,,1426600.0,0.0,1718700.0,,31600.0,,54.0,3064200.0,,,4030200.0,,5101200.0,,18688700.0,,1828300.0,23.0,,2789200.0,,543.0,3824200.0,,,,11493500.0,,29090200.0,,,3229200.0,,65388800.0,,,,13534300.0,,23910500.0,,8067900.0,,8183000.0,,23866100.0,,,746000.0,,16200.0,,,,744700.0,,3201100.0,,8197000.0,,,8640900.0,242245,,8823800.0,,14195500.0,,6066600.0,,13890700.0,,,,,,,,,,18101000.0,,196899.0,15344600.0,,3944500.0,0,306850700.0,,2883500.0,,98300.0,,8733200.0,,6.0,3379000.0,,,,950000.0,1197625.0,29.0,24012300.0,,,11473800.0,,5600000.0,,,,34452400.0,,2699600.0,5642.0,20258900.0,,6214600.0,,,,,,299.0,,,,61987000.0,,6535400.0,2465441.0,,,3891500.0,379.0,,,37429500.0,,2429500.0,,100075900.0,,21744.0,,,,44264300.0,,7247848.0,,,,,,716900.0,,,1317100.0,,10178100.0,,110171600.0,,119355000.0,,10260600.0,,1021700.0,,4107400.0,,2050630.0,,8890900.0,,456900.0,,4500.0,,3560580.0,,6447400.0,,3809900.0,24,3064994.0,128840.0,2583300.0,,13082900.0,1005834.0,,,5735500.0,0.0,24991200.0,,0.0,,,,2638000.0,67.0
2024-09-06,3459914.0,710077.0,19022299.0,410012.0,649137.0,983019.0,655369.0,5168464.0,,,,14485606.0,,,,1807900.0,,48423000.0,,2096800.0,,2304100.0,,8887900.0,,39993500.0,,41466500.0,,4251000.0,,6770000.0,,3286800.0,,17645500.0,,76634600.0,,216400.0,,11712700.0,,,,12135600.0,,10673700.0,,,,13700.0,,,,4400300.0,,,,,2577900.0,,,36035.0,2676600.0,5237.0,,,2440700.0,,,351074.0,2043200.0,,11026600.0,,,2074600.0,237873,,,7003800.0,,6259400.0,0.0,17280400.0,,,,21040500.0,,,,11962600.0,,7791500.0,,9822400.0,,,,5032100.0,,11533400.0,,4564400.0,1587555,4245800.0,,23557700.0,,1931600.0,0.0,1393200.0,,30700.0,,96.0,3884700.0,,,4653200.0,,23884000.0,,37912100.0,,1995600.0,41.0,,2228800.0,,679.0,9235400.0,,,,12834200.0,,16208800.0,,,3304500.0,,92686500.0,,,,13726500.0,,34561300.0,,7777000.0,,13906000.0,,17485700.0,,,2110600.0,,3100.0,,,,1258700.0,,3440000.0,,15530000.0,,,14744500.0,954875,,17130900.0,,19609500.0,,8795500.0,,23587100.0,,,,,,,,,,29913000.0,,121498.0,20795100.0,,5354000.0,487,413638100.0,,2591800.0,,378300.0,,11154800.0,,5.0,4735200.0,,,,840800.0,1423033.0,29.0,50946800.0,,,12315800.0,,10703000.0,,,,50624400.0,,3074500.0,28223.0,25712800.0,,9211300.0,,,,,,72.0,,,,90480000.0,,12019300.0,2579676.0,,,5651700.0,126.0,,,46372000.0,,4865000.0,,156147600.0,,27770.0,,,,68493800.0,,9432920.0,,,,,,1344000.0,,,2298400.0,,17441800.0,,169904600.0,,112177000.0,,14964400.0,,1246000.0,,6314400.0,,2826530.0,,11449800.0,,679300.0,,5500.0,,5685920.0,,7187700.0,,8197900.0,1182,5491905.0,129385.0,3561800.0,,14548600.0,937993.0,,,8019300.0,0.0,35912000.0,,0.0,,,,2797500.0,241.0
2024-09-07,,,,,,,,,,,,,,,,,,,,,,,,,,,,,,,,,,,,,,,,,,,,,,,,,,,,,,,,,,,,,,,,,,408.0,,,,,,,,,,,,,317785,,,,,,0.0,,,,,,,,,,,,,,,,,,,,,,1083585,,,,,,0.0,,,,,,,,,,,,,,,,21.0,,,,,,,,,,,,,,,,,,,,,,,,,,,,,,,,,,,,,,,,,,,,,695350,,,,,,,,,,,,,,,,,,,,,,,,303,,,,,,,,,,,,,,,1583959.0,,,,,,,,,,,,,,28376.0,,,,,,,,,,,,,,,,2160798.0,,,,372.0,,,,,,,,,,,,,,,,,,,,,,,,,,,,,,,,,,,,,,,,,,,,,,,,,,,1151,,125611.0,,,,889191.0,,,,0.0,,,0.0,,,,,47.0
2024-09-08,,,,,,,,,,,,,,,,,,,,,,,,,,,,,,,,,,,,,,,,,,,,,,,,,,,,,,,,,,,,,,,,,,2679.0,,,,,,,,,,,,,177499,,,,,,0.0,,,,,,,,,,,,,,,,,,,,,,1144020,,,,,,0.0,,,,,,,,,,,,,,,,27.0,,,,,,,,,,,,,,,,,,,,,,,,,,,,,,,,,,,,,,,,,,,,,201278,,,,,,,,,,,,,,,,,,,,,,,,340,,,,,,,,,,,,,,,1176925.0,,,,,,,,,,,,,,6537.0,,,,,,,,,,,,,,,,2063546.0,,,,111.0,,,,,,,,,,,,,,,,,,,,,,,,,,,,,,,,,,,,,,,,,,,,,,,,,,,450,,114458.0,,,,716050.0,,,,0.0,,,0.0,,,,,84.0
2024-09-09,4484162.0,638085.0,23263298.0,296278.0,612322.0,796492.0,508309.0,5952857.0,20078164.0,62909398.0,149404091.0,19469552.0,38187905.0,,5012914.0,2827900.0,,67180000.0,,1997100.0,,3052300.0,,7492500.0,,27194500.0,,29037400.0,,3564600.0,,7321500.0,,2539900.0,,13431400.0,,39516700.0,,141700.0,,10434400.0,,,,4508800.0,,9166400.0,,,,12700.0,,,,4571000.0,,,,,2133700.0,,,35995.0,2355800.0,502.0,,,1546300.0,,,351074.0,1824800.0,,9256700.0,,,1954000.0,161120,,,3018800.0,,4588800.0,0.0,12792800.0,,,,18677600.0,,,,18742700.0,,8750200.0,,8176600.0,,,,4075000.0,,4790600.0,,2237400.0,532306,2233500.0,,11957400.0,,10998700.0,0.0,1523000.0,,4400.0,,96.0,1654700.0,,,2936000.0,,14064700.0,,39260500.0,,1714200.0,13.0,,2747600.0,,679.0,6025000.0,,,,10350600.0,,13693000.0,,,3705000.0,,64244100.0,,,,13520700.0,,23584100.0,,8935100.0,,8399000.0,,12939300.0,,,941200.0,,13600.0,,,,1301000.0,,2405900.0,,11506000.0,,,11047800.0,296597,,11622600.0,,15295100.0,,9771200.0,,20526400.0,,,,,,,,,,26831000.0,,121498.0,13028900.0,,5645500.0,244,273912000.0,,1881800.0,,1116900.0,,20233400.0,,5.0,4788600.0,,,,1120100.0,1670946.0,29.0,140582500.0,,,11869300.0,,7494900.0,,,,32981200.0,,4540600.0,11668.0,21409800.0,,9684900.0,,,,,,72.0,,,,80224000.0,,7933400.0,2537882.0,,,3674600.0,155.0,,,33004200.0,,2552500.0,,84474500.0,,18411.0,,,,40445800.0,,6760180.0,,,,,,539900.0,,,1618800.0,,7162900.0,,110835000.0,,67443500.0,,10339000.0,,2107800.0,,4864100.0,,2608290.0,,8804600.0,,398200.0,,9200.0,,2887220.0,,10933900.0,,5446600.0,289,5518233.0,129728.0,3479700.0,,22260200.0,847986.0,,,5876800.0,0.0,32824400.0,,0.0,,,,2780700.0,147.0
2024-09-10,4718523.0,364974.0,30651376.0,457387.0,956903.0,918538.0,487322.0,5218848.0,12303441.0,32715270.0,81163590.0,33098828.0,21838708.0,,4489751.0,1764000.0,,51591000.0,,2030100.0,,1620100.0,,5367900.0,,37217500.0,,36233800.0,,2828300.0,,4896200.0,,1524000.0,,15132500.0,,36067500.0,,170400.0,,15327800.0,,,,3414200.0,,5701900.0,,,,7900.0,,,,3544100.0,,,,,2684700.0,,,47963.0,1869200.0,433.0,,,2075800.0,,,442855.0,1153200.0,,5824800.0,,,1360800.0,190131,,,3460000.0,,3544800.0,0.0,8796800.0,,,,11754700.0,,,,9367400.0,,6858300.0,,9705400.0,,,,4091300.0,,4699300.0,,5801700.0,541553,3078600.0,,13294100.0,,5864700.0,0.0,1429100.0,,8900.0,,5.0,1894700.0,,,3626200.0,,19175500.0,,31118800.0,,3583100.0,10.0,,2787400.0,,674.0,5752700.0,,,,10336500.0,,70663200.0,,,3070600.0,,55621300.0,,,,12790500.0,,23025700.0,,28406900.0,,7789000.0,,10277600.0,,,1009000.0,,500.0,,,,654400.0,,1930400.0,,13518000.0,,,9899000.0,376426,,12203700.0,,19594300.0,,7738000.0,,17019000.0,,,,,,,,,,20792000.0,,183556.0,23479300.0,,4419500.0,96,268283700.0,,2246700.0,,187500.0,,37374200.0,,0.0,4959800.0,,,,719700.0,1909769.0,29.0,91721000.0,,,12317500.0,,7918100.0,,,,29680300.0,,2615600.0,9148.0,24465200.0,,6175700.0,,,,,,20.0,,,,49475000.0,,7651600.0,2454923.0,,,3380100.0,60.0,,,57932200.0,,3474000.0,,81557500.0,,16639.0,,,,36394600.0,,6410852.0,,,,,,862400.0,,,904700.0,,7827600.0,,91582400.0,,78891100.0,,11910800.0,,853200.0,,4859400.0,,2060320.0,,20227200.0,,770200.0,,87300.0,,2339500.0,,5314400.0,,4235500.0,102,4349230.0,131362.0,3129100.0,,17686300.0,820730.0,,,4635900.0,0.0,49326800.0,,0.0,,,,3476000.0,0.0
2024-09-11,3203928.0,781938.0,35809707.0,401621.0,425569.0,550779.0,328650.0,5017069.0,12043623.0,15534909.0,74641703.0,19611607.0,23022020.0,,2810241.0,2511800.0,,44587100.0,,2681000.0,,2900700.0,,8187100.0,,50935400.0,,42564700.0,,7894700.0,,11056800.0,,2559100.0,,16135000.0,,39700800.0,,127300.0,,11551700.0,,,,5097300.0,,7489800.0,,,,5800.0,,,,5772700.0,,,,,3148600.0,,,42995.0,1934700.0,253.0,,,1490600.0,,,393311.0,2383300.0,,6417400.0,,,1796100.0,153281,,,3691300.0,,4822200.0,0.0,10664400.0,,,,15106600.0,,,,9715100.0,,10779000.0,,12209000.0,,,,5393600.0,,5874000.0,,4529700.0,740933,2827400.0,,12530900.0,,5479500.0,0.0,3408700.0,,21900.0,,90.0,3787500.0,,,5657100.0,,28921500.0,,29607700.0,,2426500.0,433.0,,2937700.0,,550.0,6851300.0,,,,12396200.0,,70763400.0,,,5554300.0,,71403100.0,,,,12668000.0,,27175600.0,,13658700.0,,11291000.0,,11418200.0,,,1897400.0,,12700.0,,,,855700.0,,2721100.0,,22202000.0,,,10782500.0,2124367,,14571600.0,,19266900.0,,8731200.0,,20879600.0,,,,,,,,,,23919000.0,,198836.0,29109300.0,,5012000.0,94,441422400.0,,3930300.0,,185300.0,,12630100.0,,6.0,6914000.0,,,,699900.0,1803304.0,16.0,68302300.0,,,12344900.0,,8275400.0,,,,57843000.0,,3466500.0,10782.0,27551100.0,,13295200.0,,,,,,18.0,,,,73376000.0,,11148300.0,1797691.0,,,4000900.0,33.0,,,42877800.0,,2442000.0,,143140900.0,,27007.0,,,,75248600.0,,10655912.0,,,,,,950200.0,,,2644600.0,,11145800.0,,163475200.0,,83548600.0,,15059500.0,,1720800.0,,5900500.0,,2423500.0,,14671900.0,,1011200.0,,20400.0,,4618280.0,,6281800.0,,10119200.0,1282,4786085.0,128118.0,2617200.0,,19518800.0,866812.0,,,5267400.0,0.0,48125800.0,,0.0,,,,3516700.0,175.0
2024-09-12,8628996.0,660069.0,35884106.0,404756.0,586471.0,1058507.0,524435.0,4568052.0,13800366.0,14525918.0,69973131.0,22198433.0,41248772.0,,5666179.0,4594200.0,,37455600.0,,5506600.0,,2292600.0,,8011700.0,,29233700.0,,33544200.0,,9795800.0,,6990600.0,,1318700.0,,25201000.0,,43530700.0,,107500.0,,10775000.0,,,,4007100.0,,6228200.0,,,,8700.0,,,,3848700.0,,,,,3540500.0,,,42690.0,1747000.0,190.0,,,1330800.0,,,351976.0,1547200.0,,6689300.0,,,1867300.0,220034,,,2837900.0,,5219700.0,0.0,10582800.0,,,,13229500.0,,,,9893500.0,,7173300.0,,12731100.0,,,,8941200.0,,3155900.0,,3357700.0,503358,2996400.0,,13803700.0,,3997600.0,0.0,1904000.0,,23800.0,,132.0,4041400.0,,,2418200.0,,9539500.0,,29621500.0,,1480500.0,17.0,,2367700.0,,749.0,10272700.0,,,,13507200.0,,41955200.0,,,4615300.0,,51520600.0,,,,9885100.0,,27611700.0,,9054400.0,,10707000.0,,12337800.0,,,1141800.0,,3300.0,,,,1230800.0,,2510800.0,,15067000.0,,,11970500.0,671004,,10595400.0,,17395700.0,,6031600.0,,30900000.0,,,,,,,,,,25821000.0,,231423.0,31428500.0,,4708500.0,7677,366052700.0,,2169700.0,,505900.0,,16161300.0,,8.0,3515800.0,,,,410100.0,1275592.0,1.0,54291900.0,,,8369100.0,,6039200.0,,,,40067800.0,,4783600.0,68478.0,16401400.0,,13983500.0,,,,,,33.0,,,,49342000.0,,8209500.0,2191778.0,,,4702200.0,41.0,,,39028500.0,,1897000.0,,98895800.0,,19314.0,,,,51819600.0,,7212616.0,,,,,,647000.0,,,1478400.0,,9031400.0,,109802600.0,,71894900.0,,13399900.0,,1194200.0,,7201000.0,,2199010.0,,16357900.0,,530700.0,,121800.0,,2766300.0,,4160800.0,,11803600.0,57,5268715.0,130574.0,2025100.0,,14877700.0,972292.0,,,5702200.0,0.0,31762000.0,,0.0,,,,2184100.0,75.0
2024-09-13,5246578.0,524969.0,25045135.0,139135.0,352083.0,631320.0,539926.0,4802842.0,11013765.0,20358713.0,73146752.0,35283994.0,28574247.0,,3730940.0,1832300.0,,36766600.0,,10423500.0,,3064200.0,,4851300.0,,25117200.0,,26495400.0,,8598400.0,,10883300.0,,1069200.0,,25794500.0,,29850000.0,,220800.0,,8985500.0,,,,4306200.0,,8726400.0,,,,12100.0,,,,3882600.0,,,,,4681200.0,,,34281.0,2518600.0,3598.0,,,1409600.0,,,308983.0,2148600.0,,5953600.0,,,1327500.0,201160,,,2188600.0,,4998900.0,0.0,8535600.0,,,,10168900.0,,,,7353300.0,,7084200.0,,9946100.0,,,,5556600.0,,3882300.0,,2458700.0,526910,1999500.0,,17904100.0,,2959300.0,0.0,2536100.0,,19500.0,,31.0,3697500.0,,,3372800.0,,8053700.0,,29591200.0,,1794500.0,3.0,,2514700.0,,509.0,8820000.0,,,,11931600.0,,19822600.0,,,4572300.0,,44236300.0,,,,12753100.0,,37388100.0,,10226700.0,,5867000.0,,11073800.0,,,930600.0,,16600.0,,,,965200.0,,2045400.0,,8713000.0,,,10321400.0,7567578,,8863600.0,,15874600.0,,12239100.0,,21267200.0,,,,,,,,,,22765000.0,,173713.0,11548900.0,,4564500.0,9,238358300.0,,2375300.0,,363500.0,,25727800.0,,0.0,3052600.0,,,,623900.0,1021548.0,1.0,49727200.0,,,7572600.0,,4049900.0,,,,29111800.0,,3726000.0,9429.0,23786600.0,,13806100.0,,,,,,66.0,,,,69967000.0,,6405800.0,2288787.0,,,3235600.0,11.0,,,45043900.0,,1741000.0,,78147300.0,,18113.0,,,,39310500.0,,5131296.0,,,,,,632500.0,,,1122700.0,,5668600.0,,87966600.0,,59515100.0,,8787800.0,,1223400.0,,4617000.0,,2939620.0,,30376500.0,,451700.0,,50100.0,,2654840.0,,4987600.0,,7264500.0,302,4738325.0,126402.0,4029900.0,,12994100.0,830740.0,,,6389100.0,0.0,26195400.0,,0.0,,,,2061800.0,0.0
2024-09-14,,,,,,,,,,,,,,,,,,,,,,,,,,,,,,,,,,,,,,,,,,,,,,,,,,,,,,,,,,,,,,,,,,624.0,,,,,,,,,,,,,179263,,,,,,0.0,,,,,,,,,,,,,,,,,,,,,,891920,,,,,,0.0,,,,,,,,,,,,,,,,26.0,,,,,,,,,,,,,,,,,,,,,,,,,,,,,,,,,,,,,,,,,,,,,790451,,,,,,,,,,,,,,,,,,,,,,,,77,,,,,,,,,,,,,,,727247.0,,,,,,,,,,,,,,6166.0,,,,,,,,,,,,,,,,2073988.0,,,,72.0,,,,,,,,,,,,,,,,,,,,,,,,,,,,,,,,,,,,,,,,,,,,,,,,,,,78,,128496.0,,,,737435.0,,,,0.0,,,0.0,,,,,49.0
2024-09-15,,,,,,,,,,,,,,,,,,,,,,,,,,,,,,,,,,,,,,,,,,,,,,,,,,,,,,,,,,,,,,,,,,0.0,,,,,,,,,,,,,171153,,,,,,0.0,,,,,,,,,,,,,,,,,,,,,,958704,,,,,,0.0,,,,,,,,,,,,,,,,8.0,,,,,,,,,,,,,,,,,,,,,,,,,,,,,,,,,,,,,,,,,,,,,14316398,,,,,,,,,,,,,,,,,,,,,,,,272,,,,,,,,,,,,,,,1360468.0,,,,,,,,,,,,,,2793.0,,,,,,,,,,,,,,,,2131299.0,,,,49.0,,,,,,,,,,,,,,,,,,,,,,,,,,,,,,,,,,,,,,,,,,,,,,,,,,,21,,126489.0,,,,698962.0,,,,0.0,,,0.0,,,,,93.0
2024-09-16,,,,,,,,,7689238.0,15703976.0,27267287.0,,21336151.0,,1143600.0,2942100.0,,59357400.0,,5248200.0,,2882100.0,,5915800.0,,27677800.0,,26065500.0,,6967200.0,,9734700.0,,1150100.0,,13323900.0,,26126900.0,,164400.0,,11298200.0,,,,5628700.0,,6066400.0,,,,1200.0,,,,3264400.0,,,,,4426400.0,,,36417.0,1648200.0,0.0,,,1944000.0,,,295176.0,1654500.0,,4686200.0,,,1661000.0,217468,,,1750900.0,,5367000.0,0.0,14794400.0,,,,16668200.0,,,,8618900.0,,9028600.0,,8610700.0,,,,4526700.0,,5148600.0,,4676900.0,603534,4353900.0,,10432300.0,,3448900.0,0.0,1234800.0,,15200.0,,28.0,2334900.0,,,3699800.0,,5981200.0,,18379800.0,,1500300.0,0.0,,2877800.0,,539.0,4883800.0,,,,8155600.0,,14943400.0,,,4176100.0,,149337000.0,,,,12676200.0,,23289000.0,,8634900.0,,8630000.0,,10786500.0,,,436000.0,,1900.0,,,,1490700.0,,1760300.0,,12521000.0,,,9527600.0,4794933,,7666700.0,,13834700.0,,8765900.0,,26494300.0,,,,,,,,,,18437000.0,,163817.0,27475400.0,,5411500.0,212,248772300.0,,1776200.0,,523300.0,,27384400.0,,0.0,3393200.0,,,,635100.0,1145332.0,1.0,74767300.0,,,6495000.0,,6510000.0,,,,22585600.0,,2683800.0,12132.0,18831300.0,,13219600.0,,,,,,116.0,,,,43034000.0,,5505200.0,2100690.0,,,5435300.0,76.0,,,44920400.0,,2483000.0,,79670100.0,,16705.0,,,,36656100.0,,4696512.0,,,,,,343000.0,,,1974100.0,,7148500.0,,82331000.0,,54323000.0,,12194300.0,,1320600.0,,3717800.0,,1767820.0,,12016700.0,,228400.0,,152100.0,,1750040.0,,4458900.0,,6043800.0,447,5943445.0,128411.0,2731200.0,,15346400.0,771831.0,,,7126900.0,24.0,26875000.0,,0.0,,,,4054700.0,98.0
2024-09-17,,,,,,,,,10147851.0,8603304.0,44239073.0,,17621881.0,,778231.0,1342400.0,,45519300.0,,5164100.0,,3677900.0,,4026100.0,,29889000.0,,26091700.0,,9429300.0,,5117900.0,,734600.0,,13548400.0,,19844300.0,,318900.0,,10113900.0,,,,4591700.0,,10714200.0,,,,7200.0,,,,3824300.0,,,,,3923400.0,,,38565.0,2088400.0,1066.0,,,1637100.0,,,251629.0,2348200.0,,5225200.0,,,1387000.0,174302,,,2085100.0,,5423400.0,0.0,11101600.0,,,,13230300.0,,,,9412700.0,,8193100.0,,9093100.0,,,,5918000.0,,4484600.0,,1785000.0,1127110,2158800.0,,14695900.0,,4128400.0,2268.0,1486500.0,,64500.0,,22.0,5144000.0,,,4436700.0,,6307600.0,,20715600.0,,1444900.0,0.0,,2947600.0,,463.0,5082800.0,,,,8636600.0,,28391600.0,,,5635200.0,,196249800.0,,,,13982900.0,,35563500.0,,7573300.0,,8555000.0,,12974400.0,,,557200.0,,800.0,,,,1668400.0,,2248000.0,,11458000.0,,,11690800.0,2316962,,6346700.0,,18874200.0,,21043400.0,,17744800.0,,,,,,,,,,22986000.0,,171895.0,21045200.0,,5169500.0,254,231925900.0,,3515800.0,,187200.0,,12580100.0,,0.0,4998800.0,,,,635400.0,1210822.0,20.0,64461800.0,,,6187200.0,,5828000.0,,,,30084400.0,,3824400.0,5688.0,18816800.0,,9185000.0,,,,,,52.0,,,,36491000.0,,4722800.0,2206423.0,,,4539500.0,41.0,,,49071800.0,,3567500.0,,86913700.0,,18058.0,,,,49321000.0,,5454516.0,,,,,,676800.0,,,1142900.0,,8590600.0,,103114400.0,,66761600.0,,8629100.0,,1534300.0,,3478500.0,,2918230.0,,14639800.0,,216900.0,,16500.0,,3336460.0,,5135700.0,,4287300.0,56,6882775.0,128743.0,2453000.0,,21065900.0,816957.0,,,9199300.0,0.0,25034600.0,,0.0,,,,2305000.0,126.0
2024-09-18,,,,,,,,,,,,15117560.0,,,,1352000.0,,59894900.0,,3997300.0,,6085100.0,,4266900.0,,26320100.0,,34448100.0,,7244700.0,,6306300.0,,1249000.0,,10937500.0,,26557600.0,,429400.0,,7858800.0,,,,4011800.0,,8646600.0,,,,11900.0,,,,3065200.0,,,,,3921300.0,,,35693.0,1990700.0,0.0,,,1341600.0,,,102907.0,4791200.0,,5027400.0,,,1338200.0,144691,,,1794400.0,,4436700.0,0.0,12714400.0,,,,12697700.0,,,,10783600.0,,10289800.0,,8237300.0,,,,6414500.0,,4204200.0,,3807100.0,1360195,4499800.0,,17090300.0,,3568500.0,5.0,1800100.0,,21300.0,,25.0,3255900.0,,,3846000.0,,10728200.0,,23677300.0,,1699500.0,0.0,,3549400.0,,311.0,4715700.0,,,,13807200.0,,17767100.0,,,3482800.0,,118727900.0,,,,15578400.0,,54085200.0,,8259900.0,,8178000.0,,10719700.0,,,683000.0,,4100.0,,,,1341800.0,,1777000.0,,11523000.0,,,10323500.0,1303909,,8449200.0,,18898000.0,,16345600.0,,20130600.0,,,,,,,,,,29844000.0,,137696.0,31297300.0,,4906000.0,17695,310318900.0,,2854800.0,,513700.0,,12274400.0,,2.0,5707400.0,,,,977800.0,1102167.0,0.0,66279800.0,,,13498200.0,,5877600.0,,,,39909200.0,,4688400.0,12150.0,30971200.0,,11804500.0,,,,,,86.0,,,,57557000.0,,7299800.0,2501574.0,,,6484100.0,25.0,,,63736800.0,,3752500.0,,113735500.0,,24787.0,,,,59044900.0,,8029252.0,,,,,,1250800.0,,,1361400.0,,13750300.0,,166396200.0,,78010200.0,,9116000.0,,1449600.0,,4262100.0,,4555010.0,,11720900.0,,232700.0,,6800.0,,4013920.0,,5890000.0,,8542000.0,403,5873326.0,131875.0,2353200.0,,15684900.0,758830.0,,,11433200.0,0.0,28209600.0,,0.0,,,,2571700.0,109.0
2024-09-19,15001257.0,848380.0,49402713.0,284576.0,606948.0,1242107.0,1336983.0,6043733.0,25801963.0,46052005.0,127470344.0,27338454.0,53919649.0,,4684070.0,1799900.0,,66781300.0,,3582500.0,,3504700.0,,7326100.0,,44500000.0,,39543200.0,,6986000.0,,7689000.0,,1644300.0,,14703300.0,,32453100.0,,336700.0,,18618400.0,,,,4933400.0,,8260500.0,,,,3700.0,,,,3891300.0,,,,,4707700.0,,,36126.0,4066600.0,18127.0,,,1383200.0,,,86630.0,5311100.0,,9299100.0,,,1747500.0,214646,,,2885300.0,,11022800.0,0.0,24876000.0,,,,16274000.0,,,,10630500.0,,10912400.0,,7430000.0,,,,5348900.0,,6376100.0,,2266000.0,1521398,4225200.0,,16138200.0,,6863800.0,4595.0,1783800.0,,5300.0,,99.0,3060800.0,,,7478800.0,,8902600.0,,26587700.0,,3060700.0,0.0,,3753500.0,,566.0,6794600.0,,,,14118900.0,,17085300.0,,,5279600.0,,99829200.0,,,,12919100.0,,35369500.0,,11635200.0,,12411000.0,,13635600.0,,,1498800.0,,3100.0,,,,2657200.0,,2446500.0,,15943000.0,,,15647000.0,1456559,,12149600.0,,21706600.0,,20177300.0,,25208900.0,,,,,,,,,,42285000.0,,190187.0,30074600.0,,7421500.0,477,293506400.0,,2653900.0,,245100.0,,10075900.0,,0.0,4807600.0,,,,950600.0,1770345.0,0.0,59882000.0,,,21662400.0,,10900000.0,,,,52782500.0,,5105700.0,34144.0,29977400.0,,10540500.0,,,,,,26.0,,,,49492000.0,,11254200.0,2494312.0,,,8518100.0,119.0,,,58745600.0,,2949000.0,,123984300.0,,30839.0,,,,75315500.0,,8902316.0,,,,,,627000.0,,,2522600.0,,12014300.0,,114801400.0,,102694600.0,,15855000.0,,1971000.0,,5155600.0,,3671890.0,,17698400.0,,352700.0,,2200.0,,2266440.0,,10382100.0,,9608800.0,69,6377125.0,127185.0,3274900.0,,21525700.0,901432.0,,,13107200.0,0.0,37806800.0,,0.0,,,,1908000.0,514.0
2024-09-20,7155655.0,809348.0,32746056.0,285260.0,780267.0,956159.0,719401.0,6874828.0,28407069.0,159475242.0,134110539.0,16076308.0,60241060.0,,5771280.0,1552500.0,,318679900.0,,6100700.0,,8256700.0,,14306900.0,,40248200.0,,100378600.0,,9910700.0,,7362000.0,,2748600.0,,18870200.0,,91758500.0,,311500.0,,12277000.0,,,,10720000.0,,5758700.0,,,,3500.0,,,,8468800.0,,,,,5540500.0,,,27358.0,5440500.0,6909.0,,,4556100.0,,,306997.0,6824700.0,,8152300.0,,,4658200.0,284415,,,3540900.0,,11463200.0,54.0,71500400.0,,,,44096600.0,,,,75332800.0,,19251500.0,,7375500.0,,,,19791000.0,,6623000.0,,2008900.0,1486325,1873300.0,,30075200.0,,31675300.0,0.0,1522600.0,,15900.0,,17.0,4111400.0,,,10034500.0,,61919200.0,,40896400.0,,4452600.0,32.0,,6584200.0,,276.0,11135600.0,,,,22849800.0,,30623000.0,,,9958800.0,,260377900.0,,,,11951000.0,,34587500.0,,20885000.0,,16226000.0,,48578500.0,,,991000.0,,37800.0,,,,1582900.0,,9921800.0,,29262000.0,,,22066800.0,19008926,,14307500.0,,55167100.0,,12332300.0,,28711000.0,,,,,,,,,,39981000.0,,161905.0,25461200.0,,18046000.0,302,382462400.0,,9683500.0,,199600.0,,12187700.0,,0.0,7552600.0,,,,3849900.0,1943432.0,0.0,450290500.0,,,27274600.0,,27546400.0,,,,34577700.0,,8518300.0,7385.0,77632800.0,,22836000.0,,,,,,3.0,,,,76344000.0,,8183300.0,2224576.0,,,20222000.0,155.0,,,36453900.0,,2927000.0,,108589600.0,,20959.0,,,,77503100.0,,5948552.0,,,,,,1452300.0,,,4334400.0,,7316600.0,,96759600.0,,99879100.0,,18429800.0,,5624000.0,,14502900.0,,2817900.0,,17472700.0,,798500.0,,8300.0,,2240420.0,,27810900.0,,13255800.0,70321,10165403.0,136874.0,4642300.0,,39534300.0,884895.0,,,7655300.0,12.0,27961600.0,,0.0,,,,4368500.0,170.0
2024-09-21,,,,,,,,,,,,,,,,,,,,,,,,,,,,,,,,,,,,,,,,,,,,,,,,,,,,,,,,,,,,,,,,,,838.0,,,,,,,,,,,,,156608,,,,,,0.0,,,,,,,,,,,,,,,,,,,,,,1091055,,,,,,0.0,,,,,,,,,,,,,,,,220.0,,,,,,,,,,,,,,,,,,,,,,,,,,,,,,,,,,,,,,,,,,,,,11843490,,,,,,,,,,,,,,,,,,,,,,,,190,,,,,,,,,,,,,,,948237.0,,,,,,,,,,,,,,24167.0,,,,,,,,,,,,,,,,1926545.0,,,,157.0,,,,,,,,,,,,,,,,,,,,,,,,,,,,,,,,,,,,,,,,,,,,,,,,,,,7967,,122574.0,,,,705140.0,,,,31.0,,,15.0,,,,,436.0
2024-09-22,,,,,,,,,,,,,,,,,,,,,,,,,,,,,,,,,,,,,,,,,,,,,,,,,,,,,,,,,,,,,,,,,,789.0,,,,,,,,,,,,,191507,,,,,,0.0,,,,,,,,,,,,,,,,,,,,,,1334383,,,,,,0.0,,,,,,,,,,,,,,,,0.0,,,,,,,,,,,,,,,,,,,,,,,,,,,,,,,,,,,,,,,,,,,,,2319166,,,,,,,,,,,,,,,,,,,,,,,,0,,,,,,,,,,,,,,,938223.0,,,,,,,,,,,,,,15420.0,,,,,,,,,,,,,,,,1838878.0,,,,119.0,,,,,,,,,,,,,,,,,,,,,,,,,,,,,,,,,,,,,,,,,,,,,,,,,,,6927,,125406.0,,,,719885.0,,,,18.0,,,0.0,,,,,100.0
2024-09-23,4497592.0,484728.0,28542376.0,810659.0,951074.0,655936.0,462772.0,4645629.0,15223032.0,34520760.0,196007468.0,12615349.0,37934059.0,,2800110.0,1768600.0,,54146000.0,,2107000.0,,2710400.0,,4457900.0,,21728500.0,,36993100.0,,3910300.0,,4567100.0,,965600.0,,7277600.0,,29431100.0,,545500.0,,19744100.0,,,,5635800.0,,4845600.0,,,,4700.0,,,,3485100.0,,,,,3485300.0,,,29116.0,2442700.0,2228.0,,,3429700.0,,,338267.0,1943900.0,,4933200.0,,,1697600.0,290432,,,1735500.0,,6034000.0,0.0,22077200.0,,,,18343400.0,,,,8067800.0,,7338700.0,,9223200.0,,,,4806300.0,,3480500.0,,5001000.0,1298373,1946400.0,,24198500.0,,4011300.0,0.0,902300.0,,23200.0,,9.0,3336700.0,,,4122300.0,,13969500.0,,24150900.0,,953200.0,209.0,,2502300.0,,755.0,3949100.0,,,,11694200.0,,11338800.0,,,4074800.0,,184439100.0,,,,16804600.0,,20157700.0,,7223500.0,,4388000.0,,11613000.0,,,428800.0,,1300.0,,,,1171100.0,,2292000.0,,7389000.0,,,12830700.0,1908683,,14430600.0,,15128900.0,,10090300.0,,23394100.0,,,,,,,,,,32243000.0,,124650.0,18013000.0,,6065000.0,403,206228500.0,,7069900.0,,154200.0,,7916100.0,,0.0,4410400.0,,,,1395700.0,1101815.0,0.0,79460700.0,,,12839800.0,,9810000.0,,,,24843000.0,,3645600.0,13179.0,35701000.0,,12454700.0,,,,,,70.0,,,,71532000.0,,3781400.0,2423228.0,,,8335800.0,71.0,,,31400000.0,,2087500.0,,59731600.0,,11384.0,,,,44116900.0,,4117700.0,,,,,,539800.0,,,1116000.0,,9837100.0,,69837000.0,,86927200.0,,5794200.0,,1495700.0,,2757400.0,,2319750.0,,8285300.0,,1573800.0,,12600.0,,1412160.0,,6505600.0,,6964900.0,1927,3847549.0,134652.0,2905200.0,,12147300.0,1053436.0,,,9997200.0,0.0,26630200.0,,0.0,,,,2526600.0,221.0
2024-09-24,3442530.0,429463.0,26957500.0,391940.0,661159.0,892311.0,704111.0,6212802.0,42919010.0,67140754.0,231382970.0,36020719.0,58311925.0,,8010200.0,5535600.0,,43556100.0,,2842100.0,,1687600.0,,4849700.0,,27531200.0,,43478900.0,,4925200.0,,4907700.0,,881200.0,,8430000.0,,34223400.0,,479200.0,,47423200.0,,,,5132700.0,,6002100.0,,,,2600.0,,,,3009900.0,,,,,2227500.0,,,31341.0,4024300.0,1486.0,,,2103800.0,,,318516.0,2451500.0,,6035500.0,,,2432600.0,210637,,,1818100.0,,7154500.0,0.0,16442800.0,,,,26479300.0,,,,6851800.0,,7860300.0,,8056500.0,,,,5274900.0,,5007100.0,,4524400.0,1158119,5483700.0,,21431500.0,,3028100.0,0.0,1284500.0,,11400.0,,35.0,3804400.0,,,4179100.0,,12121400.0,,23332100.0,,1035400.0,0.0,,4057700.0,,431.0,5986200.0,,,,7446100.0,,10154800.0,,,3183900.0,,113082500.0,,,,19792300.0,,20939800.0,,7323200.0,,8213000.0,,13330600.0,,,1732400.0,,18700.0,,,,2399900.0,,2767400.0,,9895000.0,,,12993000.0,1477882,,7702100.0,,17015800.0,,9365200.0,,23043200.0,,,,,,,,,,35657000.0,,61695.0,22849300.0,,5006500.0,1389,354966800.0,,4974100.0,,301000.0,,6155100.0,,1.0,4521000.0,,,,1252100.0,1188629.0,0.0,79519200.0,,,14724800.0,,9666800.0,,,,25952600.0,,4444900.0,2755.0,32304400.0,,9793400.0,,,,,,35.0,,,,53494000.0,,5435900.0,2679229.0,,,9271900.0,94.0,,,47198600.0,,2139000.0,,83369600.0,,18166.0,,,,46805700.0,,5435220.0,,,,,,474100.0,,,965500.0,,9676400.0,,81259600.0,,88491000.0,,14576100.0,,1190500.0,,5573200.0,,2406050.0,,16099200.0,,913400.0,,92400.0,,1872800.0,,13690200.0,,5068300.0,8566,8797950.0,130835.0,2238300.0,,14651100.0,844990.0,,,7906800.0,1.0,34627400.0,,0.0,,,,2294700.0,310.0
2024-09-25,4665075.0,575575.0,28652438.0,312230.0,676074.0,1093071.0,1038510.0,7750557.0,40112126.0,85900583.0,295113558.0,28631151.0,75294115.0,,9491425.0,2120300.0,,42308700.0,,3211600.0,,2476800.0,,5060100.0,,35233300.0,,26391100.0,,4530400.0,,6406100.0,,878200.0,,10986100.0,,16613800.0,,353100.0,,18816600.0,,,,4762800.0,,4234400.0,,,,15900.0,,,,2843300.0,,,,,3918400.0,,,31571.0,2661500.0,89.0,,,1446800.0,,,476237.0,1765100.0,,5359900.0,,,1728100.0,509875,,,1836400.0,,7920000.0,0.0,11814000.0,,,,22422200.0,,,,8535000.0,,8408200.0,,19885200.0,,,,5110700.0,,3972400.0,,1598800.0,1113281,3429300.0,,26106800.0,,3323700.0,0.0,1057400.0,,23800.0,,175.0,2454200.0,,,4262100.0,,6139700.0,,18869200.0,,1763900.0,11.0,,2787300.0,,563.0,4011200.0,,,,4989400.0,,24344100.0,,,2537800.0,,117013400.0,,,,15477900.0,,23242300.0,,8976500.0,,5751000.0,,12329100.0,,,1143000.0,,1400.0,,,,1505700.0,,1805100.0,,11680000.0,,,16543400.0,913349,,9341100.0,,13396400.0,,7839400.0,,54762900.0,,,,,,,,,,22598000.0,,91605.0,25786700.0,,11444000.0,13,284692900.0,,2943600.0,,215000.0,,7142400.0,,0.0,3576600.0,,,,1150600.0,1368581.0,0.0,46511700.0,,,13822400.0,,5095500.0,,,,26549900.0,,4321100.0,534.0,53125000.0,,29464600.0,,,,,,38.0,,,,49986000.0,,4978300.0,3336923.0,,,18611900.0,583.0,,,26123100.0,,2203000.0,,73587500.0,,17776.0,,,,38428600.0,,4966140.0,,,,,,274800.0,,,1736500.0,,7283900.0,,64724800.0,,65034300.0,,8280900.0,,841600.0,,4124600.0,,2338390.0,,12552600.0,,601800.0,,104800.0,,1570240.0,,11671300.0,,8452500.0,51776,5016022.0,124508.0,2566100.0,,14163800.0,1110584.0,,,8469500.0,1.0,27633600.0,,0.0,,,,2479900.0,130.0
2024-09-26,9519633.0,766978.0,37566015.0,441905.0,700659.0,2555656.0,535114.0,6994284.0,50254878.0,93590817.0,277149964.0,26838969.0,84240850.0,,8513345.0,2467800.0,,36636700.0,,3282400.0,,3797000.0,,7849800.0,,38044900.0,,36334900.0,,4494900.0,,7025500.0,,1566400.0,,9862100.0,,24340000.0,,637400.0,,67261600.0,,,,5625700.0,,8027500.0,,,,11700.0,,,,3262000.0,,,,,3155400.0,,,18234.0,3906800.0,499.0,,,2108000.0,,,478069.0,4263600.0,,12455200.0,,,2738600.0,640795,,,1882400.0,,5253400.0,0.0,18128400.0,,,,18374000.0,,,,13420500.0,,10061600.0,,9379400.0,,,,3726600.0,,6694400.0,,3169800.0,1631005,6563300.0,,32485700.0,,5280000.0,0.0,1355700.0,,8700.0,,17216.0,2817700.0,,,3767600.0,,5777500.0,,20319300.0,,1378100.0,3721.0,,2849500.0,,1237.0,5489600.0,,,,9350700.0,,17618600.0,,,2673200.0,,95416900.0,,,,17668600.0,,24974700.0,,7807500.0,,9080000.0,,10815200.0,,,2450000.0,,28800.0,,,,2515600.0,,2693000.0,,20680000.0,,,14400800.0,877078,,11715300.0,,14492000.0,,17068500.0,,107965900.0,,,,,,,,,,28330000.0,,187374.0,26128800.0,,7997500.0,0,302582900.0,,4369500.0,,249700.0,,7096800.0,,8.0,5054400.0,,,,1421400.0,1540849.0,11039.0,48602000.0,,,13316700.0,,8475000.0,,,,32020200.0,,4310300.0,1548.0,38408200.0,,15727000.0,,,,,,301.0,,,,239230000.0,,10082100.0,2406091.0,,,8431100.0,19.0,,,27429400.0,,3544500.0,,138171800.0,,33591.0,,,,48336000.0,,6425780.0,,,,,,385600.0,,,2101400.0,,8968900.0,,107003200.0,,67142200.0,,15103400.0,,1485400.0,,4521300.0,,2333660.0,,14788600.0,,751400.0,,635500.0,,1582480.0,,9552500.0,,9150700.0,40088,11688573.0,122085.0,2743700.0,,17061100.0,929829.0,,,6764900.0,0.0,46896400.0,,0.0,,,,2018900.0,329.0
2024-09-27,6886272.0,493853.0,28433030.0,197385.0,844604.0,1246923.0,417394.0,6771255.0,57154793.0,121672889.0,347881602.0,49555524.0,127235353.0,,16738438.0,2721200.0,,34026000.0,,2718300.0,,3891700.0,,4524800.0,,27876000.0,,36002300.0,,2327100.0,,4375100.0,,1038400.0,,24274100.0,,20580900.0,,253400.0,,50075200.0,,,,4204400.0,,11135500.0,,,,8100.0,,,,2728000.0,,,,,2170600.0,,,7872.0,2683700.0,0.0,,,1887600.0,,,341133.0,2431300.0,,10563400.0,,,3459100.0,333069,,,1836900.0,,5220100.0,0.0,11585600.0,,,,13868300.0,,,,13545000.0,,10155400.0,,7163100.0,,,,4479200.0,,8990200.0,,3617800.0,2027637,4236300.0,,12888900.0,,2635000.0,0.0,1663100.0,,7100.0,,4228.0,2293600.0,,,3940300.0,,7416500.0,,21101300.0,,1420100.0,108.0,,2452300.0,,1128.0,5526400.0,,,,18021300.0,,10396800.0,,,3830300.0,,85883300.0,,,,14074900.0,,23959600.0,,7032500.0,,6274000.0,,11175700.0,,,890600.0,,119900.0,,,,2313500.0,,4377300.0,,13895000.0,,,9398400.0,3024604,,12366900.0,,14896100.0,,17321200.0,,42960200.0,,,,,,,,,,23956000.0,,224258.0,20772500.0,,4533000.0,167,271009200.0,,9655300.0,,166900.0,,8974400.0,,0.0,3519200.0,,,,796100.0,2925459.0,1555.0,43219100.0,,,11575300.0,,5880700.0,,,,22851100.0,,3922300.0,176893.0,35828100.0,,39176900.0,,,,,,120.0,,,,107420000.0,,7128600.0,2567618.0,,,7123300.0,628.0,,,33376700.0,,4186000.0,,85253500.0,,22334.0,,,,42100900.0,,5348304.0,,,,,,440600.0,,,1701900.0,,7243500.0,,82930600.0,,70988100.0,,17908400.0,,1371000.0,,3074400.0,,3104920.0,,7580100.0,,315200.0,,152400.0,,1951120.0,,6509600.0,,7032700.0,4619,5413451.0,131284.0,2009900.0,,11899100.0,50882.0,,,6116200.0,0.0,30489600.0,,0.0,,,,1417500.0,190.0
2024-09-28,,,,,,,,,,,,,,,,,,,,,,,,,,,,,,,,,,,,,,,,,,,,,,,,,,,,,,,,,,,,,,,,,,2289.0,,,,,,,,,,,,,234104,,,,,,0.0,,,,,,,,,,,,,,,,,,,,,,1429632,,,,,,0.0,,,,,,,,,,,,,,,,0.0,,,,,,,,,,,,,,,,,,,,,,,,,,,,,,,,,,,,,,,,,,,,,726446,,,,,,,,,,,,,,,,,,,,,,,,13,,,,,,,,,,,,,,,1673034.0,,,,,,,,,,,,,,31188.0,,,,,,,,,,,,,,,,1981953.0,,,,3364.0,,,,,,,,,,,,,,,,,,,,,,,,,,,,,,,,,,,,,,,,,,,,,,,,,,,2374,,126058.0,,,,92279.0,,,,0.0,,,0.0,,,,,277.0
2024-09-29,,,,,,,,,,,,,,,,,,,,,,,,,,,,,,,,,,,,,,,,,,,,,,,,,,,,,,,,,,,,,,,,,,1418.0,,,,,,,,,,,,,339812,,,,,,0.0,,,,,,,,,,,,,,,,,,,,,,1149695,,,,,,0.0,,,,,,,,,,,,,,,,54.0,,,,,,,,,,,,,,,,,,,,,,,,,,,,,,,,,,,,,,,,,,,,,927655,,,,,,,,,,,,,,,,,,,,,,,,1963,,,,,,,,,,,,,,,1432901.0,,,,,,,,,,,,,,10718.0,,,,,,,,,,,,,,,,2154883.0,,,,3512.0,,,,,,,,,,,,,,,,,,,,,,,,,,,,,,,,,,,,,,,,,,,,,,,,,,,2283,,125968.0,,,,78193.0,,,,,,,0.0,,,,,1.0
2024-09-30,4859468.0,1032595.0,32694163.0,485175.0,1947054.0,732766.0,406956.0,7175102.0,75459468.0,131388932.0,336102598.0,61306531.0,102848272.0,,17078929.0,3393400.0,,54541900.0,,2587000.0,,2357500.0,,5746000.0,,21881600.0,,41583900.0,,3814900.0,,4028300.0,,994700.0,,15948000.0,,16902000.0,,268200.0,,58561500.0,,,,3759100.0,,7937500.0,,,,6200.0,,,,3631100.0,,,,,3110200.0,,,41928.0,2251300.0,0.0,,,1170300.0,,,350115.0,2295800.0,,11710000.0,,,2142900.0,357440,,,2692000.0,,5059700.0,0.0,11414800.0,,,,17807500.0,,,,8638100.0,,7982300.0,,7820200.0,,,,5393900.0,,5042300.0,,3408400.0,1137336,5333900.0,,14547100.0,,2915000.0,0.0,1400700.0,,23800.0,,973.0,3372200.0,,,3725600.0,,10161700.0,,20413900.0,,1602500.0,316.0,,3442000.0,,416.0,7009900.0,,,,10101300.0,,16962200.0,,,3543400.0,,66308200.0,,,,11656600.0,,21938200.0,,8663800.0,,9329000.0,,18015300.0,,,2912800.0,,104000.0,,,,1171500.0,,3244600.0,,10983000.0,,,12792300.0,764124,,9082900.0,,16807300.0,,13338100.0,,39544700.0,,,,,,,,,,17099000.0,,156783.0,13361900.0,,4217500.0,855,226553700.0,,6855500.0,,1344000.0,,10210300.0,,0.0,5139800.0,,,,757100.0,1329864.0,243.0,42110200.0,,,6846900.0,,8099700.0,,,,30281100.0,,3558300.0,2241.0,27646300.0,,20367700.0,,,,,,73.0,,,,68311000.0,,6252500.0,1771173.0,,,7932100.0,214.0,,,28296700.0,,2265000.0,,74316700.0,,23492.0,,,,63557400.0,,6270580.0,,,,,,342700.0,,,1261800.0,,7613800.0,,85862800.0,,80705700.0,,13540200.0,,1343700.0,,5459100.0,,2456910.0,,12991100.0,,608300.0,,9200.0,,2785780.0,,5969900.0,,4848300.0,1136,7047621.0,128965.0,2192700.0,,18997000.0,85571.0,,,6828900.0,1.0,22806600.0,,0.0,,,,2024600.0,184.0
2024-10-01,,,,,,,,,,,,,,,,1922400.0,,63285000.0,,3730000.0,,1779800.0,,6930100.0,,31831900.0,,36044900.0,,2555900.0,,6028100.0,,1244100.0,,12264200.0,,23770400.0,,238800.0,,44505000.0,,,,5817300.0,,11245200.0,,,,8900.0,,,,3043700.0,,,,,2949700.0,,,90111.0,2091400.0,0.0,,,1728500.0,,,668216.0,1819500.0,,15210500.0,,,1836700.0,578112,,,1629800.0,,4369900.0,0.0,12490400.0,,,,16621800.0,,,,9641900.0,,10099200.0,,9536400.0,,,,5298700.0,,5128000.0,,5785100.0,1261269,4364800.0,,19830300.0,,2559400.0,0.0,2647800.0,,87200.0,,153.0,2304100.0,,,3753000.0,,7189200.0,,28338100.0,,1528600.0,88.0,,3476200.0,,748.0,10062500.0,,,,11467400.0,,14802400.0,,,3548400.0,,86344400.0,,,,14459000.0,,30016000.0,,8540100.0,,12796000.0,,13294500.0,,,2228800.0,,47600.0,,,,1426700.0,,2455200.0,,14368000.0,,,15259300.0,895415,,12896400.0,,19092900.0,,14103300.0,,34309800.0,,,,,,,,,,28135000.0,,161084.0,19138000.0,,6565500.0,1022,302094500.0,,3978400.0,,948300.0,,7595100.0,,3.0,5406000.0,,,,666900.0,2043161.0,38.0,52858000.0,,,10608700.0,,8277600.0,,,,42735400.0,,3150500.0,1041.0,50162000.0,,14756800.0,,,,,,86.0,,,,30604000.0,,7751800.0,2198602.0,,,7087800.0,1837.0,,,34573700.0,,4922000.0,,124928300.0,,36029.0,,,,72668800.0,,8646944.0,,,,,,517100.0,,,2249400.0,,10508600.0,,134760200.0,,87397600.0,,11850200.0,,1379100.0,,9039900.0,,2761140.0,,8980500.0,,476500.0,,142800.0,,6493420.0,,5781600.0,,4428600.0,1716,4617402.0,129523.0,2279600.0,,16054200.0,113695.0,,,11106900.0,0.0,66114200.0,,0.0,,,,1930600.0,751.0
2024-10-02,4720638.0,1035510.0,28473536.0,230994.0,940787.0,537353.0,444424.0,6121360.0,48766943.0,94552905.0,251108945.0,,111032616.0,,8518841.0,2092100.0,,32880600.0,,1981600.0,,1495900.0,,5536600.0,,24630400.0,,23704100.0,,2637200.0,,3884400.0,,898400.0,,8763000.0,,14317800.0,,150600.0,,53732800.0,,,,6127400.0,,7711100.0,,,,18400.0,,,,2803400.0,,,,,1862800.0,,,53911.0,1767900.0,294.0,,,4516900.0,,,429225.0,2091800.0,,7881100.0,,,1317100.0,371849,,,1715000.0,,8512300.0,1.0,10370400.0,,,,11071300.0,,,,6047100.0,,6144200.0,,7181500.0,,,,4938000.0,,4396300.0,,3468000.0,1560792,2852200.0,,19347600.0,,2157300.0,0.0,3024300.0,,14800.0,,72.0,2769700.0,,,2525200.0,,5673100.0,,17760200.0,,1445100.0,19.0,,3431300.0,,469.0,6008500.0,,,,12009700.0,,12851100.0,,,3343400.0,,59033900.0,,,,10142300.0,,14455400.0,,5810900.0,,7018000.0,,11155500.0,,,1854200.0,,204700.0,,,,1150100.0,,1751600.0,,14324000.0,,,6524700.0,637915,,10872900.0,,16582300.0,,12557500.0,,26334900.0,,,,,,,,,,17582000.0,,162673.0,17047700.0,,4666000.0,1658,221845900.0,,5958600.0,,237300.0,,7073000.0,,1.0,4105200.0,,,,552800.0,1208199.0,8.0,34988900.0,,,8073300.0,,4484600.0,,,,23744000.0,,3992000.0,1081.0,29933000.0,,15642600.0,,,,,,24.0,,,,22026900.0,,5842600.0,1801331.0,,,5396700.0,4074.0,,,27871200.0,,3716000.0,,81729100.0,,25260.0,,,,38097800.0,,6120124.0,,,,,,495100.0,,,1307900.0,,10119300.0,,79119400.0,,93983900.0,,11164400.0,,1178200.0,,4389400.0,,2342120.0,,11323400.0,,358000.0,,1900.0,,2758620.0,,4741600.0,,6185500.0,697,5065502.0,125613.0,3397200.0,,16618300.0,48818.0,,,8488100.0,0.0,41925200.0,,0.0,,,,1786600.0,387.0
2024-10-03,,,,,,,,,31600782.0,59560381.0,190305304.0,,78089168.0,,4847185.0,1328600.0,,34044200.0,,1921600.0,,1901000.0,,3813300.0,,29598800.0,,30204300.0,,3160900.0,,3035400.0,,651900.0,,9619700.0,,13072300.0,,151300.0,,29267000.0,,,,4104200.0,,6171100.0,,,,2500.0,,,,2564700.0,,,,,2109500.0,,,68997.0,1866100.0,0.0,,,3271900.0,,,460554.0,2138000.0,,4298600.0,,,1451900.0,286254,,,2281900.0,,3868400.0,0.0,13345600.0,,,,11029100.0,,,,6872500.0,,6180300.0,,6079600.0,,,,3397600.0,,3879300.0,,5048000.0,1511695,3988100.0,,19315200.0,,1519700.0,0.0,1483200.0,,22200.0,,354.0,1913700.0,,,2480000.0,,4665800.0,,15073100.0,,1290600.0,130.0,,3320700.0,,407.0,25320900.0,,,,7146000.0,,10884200.0,,,3788300.0,,49565900.0,,,,7877300.0,,21353000.0,,7251300.0,,5842000.0,,9374800.0,,,1999600.0,,61700.0,,,,1406700.0,,1974700.0,,6725800.0,,,11581000.0,1080286,,8344400.0,,13686400.0,,8814200.0,,22176700.0,,,,,,,,,,22564000.0,,133170.0,12411900.0,,5969000.0,165,277118000.0,,4320900.0,,184000.0,,4735700.0,,0.0,4020600.0,,,,442200.0,992251.0,56.0,57196400.0,,,9121300.0,,6260200.0,,,,25337200.0,,4120300.0,58.0,21102700.0,,8922600.0,,,,,,146.0,,,,30466100.0,,5926900.0,2092642.0,,,4122400.0,247.0,,,28729000.0,,2312000.0,,86857200.0,,20735.0,,,,40846500.0,,6043440.0,,,,,,461700.0,,,1409700.0,,8063700.0,,97749400.0,,80729200.0,,12555000.0,,1462100.0,,3167000.0,,2544770.0,,11096300.0,,429000.0,,600.0,,2931320.0,,3036700.0,,6036300.0,771,5244769.0,133835.0,1829400.0,,11640400.0,13015.0,,,5961100.0,0.0,44726000.0,,0.0,,,,1633300.0,268.0
2024-10-04,3633358.0,856583.0,24247578.0,211656.0,1171102.0,458373.0,409224.0,6396033.0,24663665.0,38162645.0,149949209.0,,72028503.0,,7346450.0,2484400.0,,37245100.0,,1949300.0,,3836200.0,,4131100.0,,44556500.0,,40890300.0,,3961200.0,,3756700.0,,862500.0,,12388100.0,,17921400.0,,314300.0,,25644200.0,,,,4951700.0,,5808800.0,,,,400.0,,,,3090200.0,,,,,2073700.0,,,57481.0,1675100.0,0.0,,,2110400.0,,,428815.0,3173800.0,,6852400.0,,,1516400.0,223677,,,1966500.0,,6129900.0,0.0,12473600.0,,,,11724100.0,,,,8175800.0,,6308900.0,,6753900.0,,,,3065400.0,,4020900.0,,3133200.0,1632916,2590600.0,,15078600.0,,1992600.0,0.0,1493300.0,,18408500.0,,114.0,3157300.0,,,2368000.0,,5286200.0,,19047400.0,,1721600.0,585.0,,3989000.0,,440.0,7932000.0,,,,9715300.0,,8528200.0,,,3553800.0,,49845500.0,,,,11860600.0,,27901500.0,,10211700.0,,7573000.0,,12684800.0,,,3447600.0,,278200.0,,,,2260500.0,,1970500.0,,7574100.0,,,14169500.0,379252,,10249200.0,,19169700.0,,14030100.0,,21911200.0,,,,,,,,,,22290000.0,,173745.0,10080900.0,,5916000.0,100,243678100.0,,6307000.0,,130900.0,,6386900.0,,0.0,4072800.0,,,,417800.0,1176435.0,51.0,62532500.0,,,10070400.0,,6586500.0,,,,30686600.0,,7415600.0,274.0,76581600.0,,10742200.0,,,,,,156.0,,,,30991900.0,,5771300.0,2081609.0,,,6279100.0,133.0,,,58014300.0,,2291500.0,,100846900.0,,21871.0,,,,42939100.0,,7359188.0,,,,,,851000.0,,,1247100.0,,16675900.0,,110700400.0,,86573200.0,,9993800.0,,1768100.0,,4092900.0,,3232820.0,,10750300.0,,300200.0,,100.0,,2818860.0,,4259300.0,,5740300.0,891,6039230.0,135265.0,2498100.0,,11583400.0,,,,5972400.0,0.0,35945600.0,,0.0,,,,1875300.0,303.0
2024-10-05,,,,,,,,,,,,,,,,,,,,,,,,,,,,,,,,,,,,,,,,,,,,,,,,,,,,,,,,,,,,,,,,,,133.0,,,,,,,,,,,,,231423,,,,,,0.0,,,,,,,,,,,,,,,,,,,,,,926140,,,,,,0.0,,,,,,,,,,,,,,,,0.0,,,,,,,,,,,,,,,,,,,,,,,,,,,,,,,,,,,,,,,,,,,,,395357,,,,,,,,,,,,,,,,,,,,,,,,160,,,,,,,,,,,,,,,1089099.0,,,,,,,,,,,,,,50.0,,,,,,,,,,,,,,,,1994001.0,,,,83.0,,,,,,,,,,,,,,,,,,,,,,,,,,,,,,,,,,,,,,,,,,,,,,,,,,,136,,130272.0,,,,,,,,0.0,,,0.0,,,,,118.0
2024-10-06,,,,,,,,,,,,,,,,,,,,,,,,,,,,,,,,,,,,,,,,,,,,,,,,,,,,,,,,,,,,,,,,,,420.0,,,,,,,,,,,,,329768,,,,,,0.0,,,,,,,,,,,,,,,,,,,,,,1107148,,,,,,0.0,,,,,,,,,,,,,,,,47.0,,,,,,,,,,,,,,,,,,,,,,,,,,,,,,,,,,,,,,,,,,,,,446308,,,,,,,,,,,,,,,,,,,,,,,,1053,,,,,,,,,,,,,,,1084332.0,,,,,,,,,,,,,,5073.0,,,,,,,,,,,,,,,,1978954.0,,,,103.0,,,,,,,,,,,,,,,,,,,,,,,,,,,,,,,,,,,,,,,,,,,,,,,,,,,457,,138612.0,,,,,,,,0.0,,,3.0,,,,,95.0
2024-10-07,3904925.0,731171.0,35066533.0,209504.0,1084682.0,521747.0,542298.0,5638671.0,25334387.0,53547166.0,218062756.0,,50709476.0,,5272285.0,1877600.0,,39505400.0,,4870500.0,,2436900.0,,3711100.0,,38379900.0,,42364200.0,,3848900.0,,4763700.0,,898200.0,,9119700.0,,15588300.0,,328700.0,,38404000.0,,,,4158000.0,,6430700.0,,,,22300.0,,,,3222100.0,,,,,2101100.0,,,55050.0,2224500.0,0.0,,,2810300.0,,,419018.0,3268800.0,,6797500.0,,,1963200.0,734056,,,1870300.0,,4794700.0,0.0,9257200.0,,,,10941700.0,,,,5208100.0,,11043600.0,,8345100.0,,,,3752000.0,,2930400.0,,2427500.0,1692320,2579600.0,,11230100.0,,1881600.0,0.0,1405000.0,,639100.0,,284.0,1925100.0,,,3170800.0,,5988000.0,,22463100.0,,1173300.0,0.0,,3267800.0,,413.0,25996700.0,,,,10007900.0,,10961300.0,,,3458000.0,,54928700.0,,,,12754800.0,,14891800.0,,6718900.0,,7481000.0,,14512000.0,,,2782200.0,,836700.0,,,,2142000.0,,2915700.0,,7542700.0,,,12014200.0,6058311,,8227200.0,,20919800.0,,19826000.0,,21749300.0,,,,,,,,,,33605000.0,,216871.0,11872700.0,,5618000.0,0,346250200.0,,4245300.0,,711200.0,,6791000.0,,0.0,4799200.0,,,,466500.0,1690137.0,23.0,44124800.0,,,9206600.0,,4359300.0,,,,24975100.0,,2811200.0,145.0,29217100.0,,12518500.0,,,,,,1.0,,,,104771200.0,,4958800.0,2007158.0,,,4186400.0,411.0,,,40480600.0,,3341500.0,,73150200.0,,18088.0,,,,49964700.0,,4889672.0,,,,,,599100.0,,,927200.0,,10458200.0,,82403400.0,,68113300.0,,12054200.0,,1041500.0,,2772400.0,,2070150.0,,15328800.0,,474100.0,,2000.0,,3002560.0,,4339300.0,,6403600.0,257,4314832.0,129837.0,2374100.0,,16791600.0,,,,5678800.0,0.0,32519400.0,,0.0,,,,2110700.0,196.0
2024-10-08,3988028.0,413552.0,27411786.0,202214.0,893907.0,421986.0,1185008.0,4408500.0,70468024.0,132750858.0,453596652.0,74989328.0,129061135.0,,12831022.0,4281300.0,,31855700.0,,3551600.0,,1825500.0,,3616100.0,,34730200.0,,26372100.0,,2616000.0,,3690500.0,,1265900.0,,6489900.0,,20774200.0,,688900.0,,37414400.0,,,,2845700.0,,6843100.0,,,,13500.0,,,,2234100.0,,,,,1578000.0,,,66184.0,2438800.0,0.0,,,1559300.0,,,496760.0,1823900.0,,5696100.0,,,1697900.0,1267186,,,1551900.0,,5211200.0,0.0,11545200.0,,,,12365000.0,,,,5681500.0,,10209100.0,,6697700.0,,,,3563800.0,,2883400.0,,3096500.0,1065712,2693500.0,,10924700.0,,2151900.0,0.0,1480200.0,,159700.0,,687.0,1671900.0,,,3160800.0,,4840500.0,,23072700.0,,1296700.0,0.0,,3693900.0,,504.0,49075100.0,,,,39241500.0,,11588800.0,,,3245100.0,,58650500.0,,,,13087800.0,,18118600.0,,6021800.0,,6534000.0,,13549700.0,,,965400.0,,741700.0,,,,1081600.0,,2200000.0,,6913500.0,,,7857400.0,13467274,,9750100.0,,19229300.0,,20984800.0,,18858300.0,,,,,,,,,,31874000.0,,162513.0,14104900.0,,5904000.0,39134,285722500.0,,3808000.0,,975200.0,,7845400.0,,0.0,6637000.0,,,,419300.0,1389688.0,32.0,62542900.0,,,8618500.0,,7843500.0,,,,28272000.0,,2494700.0,239.0,22441900.0,,12438500.0,,,,,,21.0,,,,106186100.0,,4435300.0,2431334.0,,,3289900.0,163.0,,,40451800.0,,2017000.0,,66629700.0,,16071.0,,,,37398700.0,,5556376.0,,,,,,443900.0,,,1071900.0,,9592600.0,,77914000.0,,56303200.0,,10394200.0,,757000.0,,6283700.0,,2081780.0,,17800300.0,,475100.0,,276300.0,,2136120.0,,4370900.0,,4942600.0,624,5125831.0,128272.0,2702700.0,,15270000.0,,,,5414700.0,0.0,39759800.0,,0.0,,,,2497000.0,137.0
2024-10-09,,,,,,,,,46372903.0,99573337.0,311173505.0,65754769.0,108218713.0,,7992887.0,2082400.0,,33591100.0,,2869400.0,,12526300.0,,4141600.0,,33890700.0,,26343100.0,,4041800.0,,5476100.0,,1004900.0,,9425500.0,,25504100.0,,177500.0,,28793000.0,,,,3910400.0,,5583900.0,,,,20000.0,,,,2206100.0,,,,,2847300.0,,,46931.0,1757900.0,0.0,,,3057400.0,,,401159.0,1708800.0,,5725000.0,,,1956500.0,3127125,,,3138700.0,,4851000.0,0.0,10137600.0,,,,10586100.0,,,,6023500.0,,8654500.0,,5402100.0,,,,3645200.0,,2758400.0,,5988500.0,1257751,1805600.0,,25465800.0,,1942900.0,0.0,1126100.0,,69800.0,,152.0,1891700.0,,,14297200.0,,3914000.0,,31181800.0,,1695900.0,48.0,,3627800.0,,425.0,8671400.0,,,,22201800.0,,10816900.0,,,5083600.0,,44759000.0,,,,13222000.0,,18230700.0,,7024000.0,,6285000.0,,9037700.0,,,1423000.0,,312000.0,,,,1071700.0,,1820100.0,,9078600.0,,,9529700.0,17776503,,8105200.0,,14974300.0,,13445300.0,,18442700.0,,,,,,,,,,19811000.0,,190644.0,13201500.0,,5661500.0,2019,246191600.0,,3971400.0,,488300.0,,8120900.0,,0.0,4918400.0,,,,431200.0,1857856.0,6.0,86404700.0,,,6926000.0,,5486500.0,,,,24995000.0,,5019000.0,98.0,35090500.0,,10854500.0,,,,,,2.0,,,,65379000.0,,4063400.0,2222316.0,,,8812300.0,11.0,,,32950100.0,,1987700.0,,67182800.0,,17541.0,,,,37912200.0,,5377868.0,,,,,,296200.0,,,1434300.0,,8634900.0,,78696200.0,,66289500.0,,11925000.0,,880000.0,,3214900.0,,2060080.0,,17251100.0,,379200.0,,163600.0,,1524360.0,,4115800.0,,5512600.0,351,5869754.0,124894.0,2790000.0,,12413000.0,,,,6049400.0,0.0,31519600.0,,0.0,,,,4297200.0,104.0
2024-10-10,6325045.0,641891.0,45262214.0,329564.0,1408359.0,925929.0,675353.0,6478450.0,33111230.0,64128149.0,168957063.0,46360897.0,68711009.0,,13787996.0,1452200.0,,28183500.0,,2775100.0,,8234700.0,,3796800.0,,75113600.0,,27785000.0,,3846400.0,,4341700.0,,876300.0,,7198900.0,,16318000.0,,955300.0,,19736600.0,,,,3532700.0,,8612900.0,,,,8200.0,,,,2375800.0,,,,,2460700.0,,,43562.0,1331700.0,249.0,,,2461500.0,,,321453.0,1464200.0,,5379900.0,,,1765800.0,1227674,,,2319400.0,,3965500.0,0.0,31439600.0,,,,9377500.0,,,,5947200.0,,6698000.0,,4920600.0,,,,3656700.0,,2604800.0,,1683900.0,1467075,1957000.0,,11874700.0,,1900700.0,0.0,1275100.0,,70500.0,,320.0,1795800.0,,,4261500.0,,4180800.0,,14144100.0,,1309000.0,34.0,,3040800.0,,259.0,11351700.0,,,,12990200.0,,18463700.0,,,3142000.0,,44874600.0,,,,10808900.0,,24571400.0,,7927100.0,,4619000.0,,8635200.0,,,1165600.0,,218400.0,,,,1199900.0,,1682100.0,,7159500.0,,,7740400.0,1613110,,7658400.0,,13848400.0,,15937500.0,,27605600.0,,1016000.0,,,,,,,,27679000.0,,188461.0,7057800.0,,5552500.0,158,242311300.0,,2911300.0,,238400.0,,7115900.0,,0.0,4452400.0,,,,569400.0,2822236.0,3.0,62516300.0,,,11326100.0,,5048000.0,,,,25750400.0,,3974100.0,155.0,24184400.0,,6877000.0,,,,,,4.0,,,,40610900.0,,4044600.0,2246908.0,,,8831500.0,158.0,,,46015000.0,,2079400.0,,79999000.0,,20477.0,,,,44138100.0,,5315084.0,,,,,,533900.0,,,986400.0,,13940000.0,,86060600.0,,83087100.0,,6443800.0,,912100.0,,3649400.0,,2361210.0,,15033600.0,,241900.0,,4700.0,,1740400.0,,4063900.0,,4653900.0,629,4646111.0,150290.0,5798300.0,,10812700.0,,,,6752900.0,0.0,26047400.0,,0.0,,,,4969600.0,174.0
2024-10-11,3475666.0,282919.0,29623969.0,162284.0,576782.0,489050.0,499239.0,5585424.0,,,,35176110.0,,,,2331800.0,,31759200.0,,2992400.0,,7639600.0,,2604100.0,,42136200.0,,25751600.0,,4037700.0,,3399000.0,,964700.0,,7292900.0,,23070000.0,,305900.0,,18042600.0,,,,4524800.0,,8007200.0,,,,9400.0,,,,3242000.0,,,,,2205400.0,,,44341.0,2110400.0,2043.0,,,3223400.0,,,315302.0,3959500.0,,10767100.0,,,1527300.0,734395,,,3072000.0,,3597000.0,0.0,18427200.0,,,,12704500.0,,,,7811900.0,,8089100.0,,8410700.0,,,,3223900.0,,3398100.0,,2991300.0,1256927,2807600.0,,14482900.0,,2748200.0,0.0,956300.0,,77100.0,,12.0,1848400.0,,,3277500.0,,3931600.0,,15344300.0,,2409700.0,0.0,,2717400.0,,336.0,8557100.0,,,,16868900.0,,8488000.0,,,3469200.0,,43585300.0,,,,13875700.0,,19950900.0,,18320700.0,,5708000.0,,8786300.0,,,1034600.0,,346400.0,,,,1282400.0,,2293900.0,,6530300.0,,,8587100.0,1159910,,7650700.0,,14144900.0,,29933800.0,,19133900.0,,1146000.0,,,,,,,,22995000.0,,150928.0,7260000.0,,4270500.0,222,170209500.0,,4115800.0,,251800.0,,5869400.0,,2.0,4596000.0,,,,741000.0,3227449.0,0.0,66206900.0,,,7744800.0,,3801400.0,,,,20644500.0,,5076300.0,74.0,24732700.0,,8278500.0,,,,,,15.0,,,,40748100.0,,4202900.0,2109882.0,,,6703200.0,190.0,,,42833300.0,,1725600.0,,58434500.0,,15967.0,,,,42268000.0,,4075100.0,,,,,,941600.0,,,1186800.0,,8223900.0,,70735200.0,,142628900.0,,12163900.0,,1311700.0,,2815800.0,,2957220.0,,57290500.0,,221000.0,,44100.0,,1467140.0,,4746300.0,,6545000.0,272,5353255.0,146171.0,4862700.0,,9570700.0,,,,7486100.0,0.0,26414600.0,,0.0,,,,2967300.0,247.0
2024-10-12,,,,,,,,,,,,,,,,,,,,,,,,,,,,,,,,,,,,,,,,,,,,,,,,,,,,,,,,,,,,,,,,,,375.0,,,,,,,,,,,,,960713,,,,,,0.0,,,,,,,,,,,,,,,,,,,,,,1118179,,,,,,0.0,,,,,,,,,,,,,,,,12.0,,,,,,,,,,,,,,,,,,,,,,,,,,,,,,,,,,,,,,,,,,,,,44999178,,,,,,,,,,,,,,,,,,,,,,,,128,,,,,,,,,,,,,,,9617582.0,,,,,,,,,,,,,,49.0,,,,,,,,,,,,,,,,1944265.0,,,,146.0,,,,,,,,,,,,,,,,,,,,,,,,,,,,,,,,,,,,,,,,,,,,,,,,,,,97,,149945.0,,,,,,,,,,,0.0,,,,,261.0
2024-10-13,,,,,,,,,,,,,,,,,,,,,,,,,,,,,,,,,,,,,,,,,,,,,,,,,,,,,,,,,,,,,,,,,,0.0,,,,,,,,,,,,,620763,,,,,,0.0,,,,,,,,,,,,,,,,,,,,,,1237365,,,,,,0.0,,,,,,,,,,,,,,,,0.0,,,,,,,,,,,,,,,,,,,,,,,,,,,,,,,,,,,,,,,,,,,,,6302285,,,,,,,,,,,,,,,,,,,,,,,,1032,,,,,,,,,,,,,,,5867486.0,,,,,,,,,,,,,,55.0,,,,,,,,,,,,,,,,1875076.0,,,,123.0,,,,,,,,,,,,,,,,,,,,,,,,,,,,,,,,,,,,,,,,,,,,,,,,,,,733,,145982.0,,,,,,,,0.0,,,0.0,,,,,472.0
2024-10-14,3309274.0,307668.0,20886249.0,179489.0,677634.0,916860.0,287959.0,5728670.0,30316807.0,66541781.0,179121230.0,42267443.0,62345605.0,,11003180.0,3954000.0,,39882100.0,,3411500.0,,3234300.0,,5239300.0,,31757200.0,,22614400.0,,5361000.0,,9073300.0,,1769200.0,,11297100.0,,17195800.0,,170800.0,,21351600.0,,,,3637200.0,,9677500.0,,,,3000.0,,,,2969800.0,,,,,2576800.0,,,35593.0,3006100.0,3186.0,,,1461300.0,,,273455.0,2275400.0,,18131400.0,,,1431500.0,765096,,,3026500.0,,3642500.0,0.0,17896800.0,,,,11428600.0,,,,5933000.0,,6262000.0,,7343100.0,,,,3404000.0,,2416100.0,,2399400.0,931510,1953700.0,,16173400.0,,2830300.0,0.0,792000.0,,37300.0,,40.0,1822300.0,,,3560600.0,,6636600.0,,19016100.0,,2174900.0,2512.0,,2088700.0,,398.0,19101300.0,,,,17233000.0,,8153300.0,,,2524400.0,,35403600.0,,,,26287500.0,,19263300.0,,9048900.0,,5679000.0,,7659300.0,,,1053600.0,,51300.0,,,,1272100.0,,1550400.0,,8155000.0,,,8252000.0,2142333,,12347900.0,,16653100.0,,31736600.0,,15021900.0,,2048000.0,,,,,,,,27971000.0,,139692.0,13045900.0,,2837000.0,2688,232347700.0,,2477300.0,,1010600.0,,4688700.0,,0.0,2989800.0,,,,666300.0,6449826.0,0.0,41010900.0,,,5865400.0,,9933600.0,,,,26060100.0,,5488800.0,311.0,20180400.0,,14831200.0,,,,,,2.0,,,,45227800.0,,4608600.0,1830925.0,,,4002400.0,181.0,,,116449900.0,,2081300.0,,69661800.0,,18349.0,,,,36217200.0,,4557220.0,,,,,,381700.0,,,1423700.0,,8732500.0,,67691200.0,,86291900.0,,11714400.0,,725100.0,,3291600.0,,2676650.0,,14752400.0,,277400.0,,1300.0,,1161940.0,,3996600.0,,5474300.0,856,5856656.0,132925.0,8628000.0,,9914500.0,,,,5538500.0,13.0,22198600.0,,0.0,,,,3658200.0,198.0
2024-10-15,4060365.0,382087.0,22715239.0,233280.0,1056877.0,840526.0,348089.0,5409366.0,33478410.0,51827431.0,154001004.0,32637433.0,69635778.0,,14606634.0,3278000.0,,64751400.0,,3605700.0,,3026200.0,,16613200.0,,50768000.0,,32178900.0,,4586200.0,,9584300.0,,9350700.0,,7848300.0,,27657500.0,,226600.0,,28942600.0,,,,4116100.0,,11406900.0,,,,1100.0,,,,3929900.0,,,,,2615800.0,,,47877.0,2715100.0,3442.0,,,2028900.0,,,328738.0,2790200.0,,17324800.0,,,1613900.0,751518,,,3408900.0,,3850800.0,0.0,15061600.0,,,,20066300.0,,,,6016600.0,,6535800.0,,6921800.0,,,,3956000.0,,6168100.0,,4287500.0,879726,4177600.0,,14772900.0,,1928300.0,0.0,1179500.0,,35200.0,,39.0,2190200.0,,,4078700.0,,4851900.0,,20247200.0,,4525400.0,159.0,,3693000.0,,614.0,17277400.0,,,,16466500.0,,14362600.0,,,3350600.0,,68900600.0,,,,18515200.0,,25998800.0,,9235800.0,,28709000.0,,10358700.0,,,2462800.0,,125000.0,,,,1667300.0,,2284200.0,,25611300.0,,,9564200.0,1597146,,25056300.0,,18900200.0,,23114600.0,,23419100.0,,504000.0,,,,,,,,29328000.0,,156441.0,24261600.0,,5408000.0,786,377831000.0,,3613900.0,,427600.0,,5848600.0,,12.0,7458000.0,,,,901400.0,3649290.0,0.0,48297000.0,,,7291600.0,,12910400.0,,,,34784500.0,,5701300.0,0.0,22528400.0,,16863600.0,,,,,,0.0,,,,38228200.0,,14128900.0,2039871.0,,,3182600.0,94.0,,,87195400.0,,2120200.0,,131664200.0,,31627.0,,,,54203600.0,,7321924.0,,,,,,645900.0,,,2843600.0,,13065700.0,,106307600.0,,62988800.0,,21812700.0,,1310200.0,,6818800.0,,3127770.0,,14858500.0,,293600.0,,5600.0,,2353760.0,,5807000.0,,9795900.0,840,7904396.0,130499.0,4823300.0,,13276200.0,,,,7379400.0,1.0,37839200.0,,0.0,,,,2735300.0,464.0
2024-10-16,4787317.0,799813.0,23303268.0,646795.0,864891.0,884075.0,449341.0,6674005.0,22490256.0,36193806.0,99985996.0,37880480.0,48202224.0,,5959517.0,3669800.0,,34082200.0,,1859100.0,,4148600.0,,10972600.0,,30575800.0,,23456800.0,,4297500.0,,5052100.0,,10296200.0,,14435000.0,,15285100.0,,315700.0,,16432600.0,,,,2845200.0,,6649900.0,,,,3600.0,,,,3166300.0,,,,,3962000.0,,,40980.0,1551600.0,1201.0,,,1126700.0,,,222437.0,1448600.0,,13970000.0,,,1475500.0,673014,,,1979300.0,,3497000.0,0.0,11556800.0,,,,32382300.0,,,,3833100.0,,9936300.0,,6953200.0,,,,2804300.0,,6439900.0,,2515600.0,1417623,1759600.0,,12831900.0,,2413500.0,0.0,1215700.0,,63800.0,,6.0,1844900.0,,,2818100.0,,4264600.0,,16406000.0,,2649000.0,121.0,,2429000.0,,430.0,8478700.0,,,,12382000.0,,13599300.0,,,2846700.0,,62151800.0,,,,19637100.0,,27656700.0,,6382500.0,,22806000.0,,7937300.0,,,784600.0,,27500.0,,,,1602700.0,,1645400.0,,20469200.0,,,11268400.0,885545,,16355600.0,,15508900.0,,12434600.0,,20450900.0,,330000.0,,,,,,,,24943000.0,,173482.0,39451700.0,,5056000.0,1155,264879700.0,,3019000.0,,445300.0,,6383000.0,,12.0,6166800.0,,,,5829100.0,2479424.0,0.0,59157900.0,,,5434800.0,,6495700.0,,,,22996800.0,,4455200.0,87.0,17753000.0,,26303500.0,,,,,,25.0,,,,50139200.0,,5692300.0,1876923.0,,,4359100.0,123.0,,,48045000.0,,1885200.0,,70233000.0,,13948.0,,,,30725400.0,,4384900.0,,,,,,201900.0,,,1466400.0,,7418700.0,,70784200.0,,49632800.0,,18689200.0,,766300.0,,3311300.0,,2841120.0,,12398500.0,,1468400.0,,0.0,,1444360.0,,9442700.0,,6210100.0,180,5876105.0,146123.0,5529100.0,,11123300.0,,,,6478800.0,1.0,19877000.0,,0.0,,,,1954100.0,71.0
2024-10-17,3996946.0,923060.0,23372873.0,282152.0,571148.0,2401909.0,250163.0,5635313.0,16476899.0,36487412.0,126553025.0,25106707.0,37092810.0,,6286378.0,2489900.0,,32993800.0,,2769200.0,,5348100.0,,9727100.0,,29491900.0,,25039400.0,,2598900.0,,5960000.0,,7209100.0,,11169500.0,,25232400.0,,189000.0,,15808200.0,,,,3854100.0,,6041500.0,,,,9000.0,,,,2520900.0,,,,,9088800.0,,,36901.0,1561500.0,997.0,,,1660800.0,,,188161.0,1832300.0,,8908000.0,,,1321500.0,505259,,,2256400.0,,2830000.0,0.0,12313600.0,,,,18383400.0,,,,5603600.0,,9542500.0,,7753600.0,,,,4987700.0,,3022100.0,,5331000.0,1463337,2348700.0,,11336900.0,,3600600.0,0.0,1168800.0,,83500.0,,30.0,2510100.0,,,2985600.0,,3015300.0,,21453400.0,,2123500.0,162.0,,2013800.0,,345.0,7421300.0,,,,11588300.0,,9672800.0,,,5040100.0,,43807600.0,,,,13642600.0,,18003600.0,,6470200.0,,19365000.0,,14674600.0,,,949800.0,,52900.0,,,,2153200.0,,2191200.0,,20940600.0,,,8701200.0,4822718,,12989700.0,,14820000.0,,11414300.0,,26584800.0,,480000.0,,,,,,,,89267000.0,,135847.0,41757800.0,,3577500.0,914,306435900.0,,2998300.0,,173600.0,,5474000.0,,12.0,3095200.0,,,,1862600.0,1767978.0,0.0,34028400.0,,,8654000.0,,6093200.0,,,,27210700.0,,3074900.0,272.0,27876200.0,,14503200.0,,,,,,26.0,,,,47789300.0,,6745000.0,1827985.0,,,4023500.0,351.0,,,50293900.0,,1662900.0,,97549000.0,,17974.0,,,,34393700.0,,5221472.0,,,,,,336900.0,,,1915900.0,,10606500.0,,97697800.0,,50791800.0,,62274700.0,,816400.0,,4686900.0,,2331760.0,,27373200.0,,787300.0,,11000.0,,1201440.0,,8815800.0,,7672800.0,69,4825907.0,143087.0,5284100.0,,9424700.0,,,,8155300.0,0.0,21433400.0,,0.0,,,,1939800.0,120.0
2024-10-18,5509895.0,696368.0,14420260.0,333067.0,570513.0,3296876.0,159454.0,6168840.0,25963857.0,52047943.0,198754528.0,58646401.0,55680008.0,,10939886.0,2812900.0,,46431500.0,,2011100.0,,2453900.0,,5758600.0,,23823000.0,,37417700.0,,2782700.0,,3404400.0,,4537800.0,,7996300.0,,17835200.0,,170800.0,,20824600.0,,,,3722500.0,,10171100.0,,,,300.0,,,,5635500.0,,,,,5749100.0,,,34009.0,3024100.0,780.0,,,2233900.0,,,95768.0,3748100.0,,13569600.0,,,1654000.0,568345,,,1663700.0,,3087900.0,0.0,11588400.0,,,,17679800.0,,,,5491700.0,,8609700.0,,7605800.0,,,,5186500.0,,2005800.0,,3717300.0,1827889,2411700.0,,14186900.0,,1825800.0,0.0,814100.0,,37500.0,,29.0,2353700.0,,,2036500.0,,5302200.0,,19757700.0,,1779200.0,108.0,,2436600.0,,406.0,6348400.0,,,,10721200.0,,10429200.0,,,4715700.0,,39971700.0,,,,18430500.0,,20047400.0,,7000500.0,,11928000.0,,15087500.0,,,901600.0,,233200.0,,,,1532900.0,,2286900.0,,18493400.0,,,7694300.0,1194714,,5996000.0,,17145300.0,,22814800.0,,16700400.0,,426000.0,,,,,,,,159741000.0,,164160.0,51422800.0,,7113000.0,761,176090200.0,,3193200.0,,157200.0,,5001300.0,,12.0,2900000.0,,,,926700.0,2416948.0,2.0,33969000.0,,,8844300.0,,6432700.0,,,,25335000.0,,5428500.0,277.0,18480900.0,,10093100.0,,,,,,33.0,,,,31933200.0,,3720700.0,1757912.0,,,2751700.0,49.0,,,31400300.0,,2534500.0,,56704300.0,,12152.0,,,,37416800.0,,4231272.0,,,,,,256200.0,,,1729400.0,,6133300.0,,64151600.0,,49611900.0,,21030800.0,,976800.0,,4029500.0,,1872640.0,,14186700.0,,698800.0,,1558700.0,,1140260.0,,5350900.0,,4167800.0,393,3901659.0,147293.0,3275100.0,,12324100.0,,,,4477200.0,0.0,24015200.0,,0.0,,,,1444800.0,157.0
2024-10-19,,,,,,,,,,,,,,,,,,,,,,,,,,,,,,,,,,,,,,,,,,,,,,,,,,,,,,,,,,,,,,,,,,99.0,,,,,,,,,,,,,447740,,,,,,0.0,,,,,,,,,,,,,,,,,,,,,,1095277,,,,,,0.0,,,,,,,,,,,,,,,,10.0,,,,,,,,,,,,,,,,,,,,,,,,,,,,,,,,,,,,,,,,,,,,,958679,,,,,,,,,,,,,,,,,,,,,,,,0,,,,,,,,,,,,,,,2290858.0,,,,,,,,,,,,,,119.0,,,,,,,,,,,,,,,,1777515.0,,,,297.0,,,,,,,,,,,,,,,,,,,,,,,,,,,,,,,,,,,,,,,,,,,,,,,,,,,160,,145734.0,,,,,,,,0.0,,,0.0,,,,,41.0
2024-10-20,,,,,,,,,,,,,,,,,,,,,,,,,,,,,,,,,,,,,,,,,,,,,,,,,,,,,,,,,,,,,,,,,,114.0,,,,,,,,,,,,,533762,,,,,,0.0,,,,,,,,,,,,,,,,,,,,,,1661157,,,,,,0.0,,,,,,,,,,,,,,,,252.0,,,,,,,,,,,,,,,,,,,,,,,,,,,,,,,,,,,,,,,,,,,,,592308,,,,,,,,,,,,,,,,,,,,,,,,1949,,,,,,,,,,,,,,,1510642.0,,,,,,,,,,,,,,137.0,,,,,,,,,,,,,,,,1717166.0,,,,239.0,,,,,,,,,,,,,,,,,,,,,,,,,,,,,,,,,,,,,,,,,,,,,,,,,,,273,,139674.0,,,,,,,,0.0,,,1.0,,,,,137.0
2024-10-21,2428544.0,443742.0,18514905.0,165922.0,537952.0,1238276.0,182074.0,4704271.0,16334100.0,38118998.0,164914336.0,54772748.0,32248970.0,,4950870.0,1878600.0,,36254500.0,,1679700.0,,2728200.0,,4918100.0,,25781200.0,,24639400.0,,5796500.0,,6025900.0,,2184800.0,,9805300.0,,13695100.0,,103500.0,,10328600.0,,,,6648200.0,,8824200.0,,,,500.0,,,,3131500.0,,,,,3386700.0,,,29891.0,2375900.0,0.0,,,1951500.0,,,92584.0,1653300.0,,12686400.0,,,1184900.0,292718,,,2515500.0,,2712600.0,0.0,13174000.0,,,,14083600.0,,,,4405000.0,,8189900.0,,11964600.0,,,,3385500.0,,3082600.0,,1827000.0,1290605,2807800.0,,9556300.0,,1505400.0,0.0,1193700.0,,20000.0,,52.0,2570000.0,,,5225300.0,,3956500.0,,20946500.0,,1752100.0,29.0,,3699500.0,,425.0,8054500.0,,,,10284200.0,,15063900.0,,,2733300.0,,39727000.0,,,,21262200.0,,24243800.0,,5870000.0,,7393000.0,,11981200.0,,,1565800.0,,71100.0,,,,1742400.0,,1592200.0,,12374900.0,,,8171900.0,968546,,8408700.0,,14206100.0,,18028600.0,,14829400.0,,922000.0,,,,,,13616700.0,,60571000.0,,154025.0,27704500.0,,7086000.0,49749,264554500.0,,3230600.0,,134000.0,,4198400.0,,12.0,4362600.0,,,,925100.0,2024251.0,2.0,30719800.0,,,7450300.0,,7297700.0,,,,30336500.0,,3750600.0,72.0,17320000.0,,11021200.0,,,,,,58.0,,,,36216800.0,,3923400.0,1988036.0,,,2577100.0,233.0,,,50814300.0,,2361300.0,,59115800.0,,13809.0,,,,36439000.0,,5346832.0,,,,,,550300.0,,,2303100.0,,13326300.0,,74995800.0,,47329000.0,,14820000.0,,1129100.0,,4948100.0,,2275270.0,,11238700.0,,775400.0,,9700.0,,1445760.0,,6313100.0,,5974800.0,327,6713696.0,116992.0,4562800.0,,9750400.0,,,,6895300.0,0.0,21162000.0,,0.0,,,,2805100.0,125.0
2024-10-22,3466963.0,517834.0,27582527.0,358344.0,765563.0,1086967.0,469583.0,7816564.0,11027704.0,28854806.0,91419386.0,40726439.0,25949808.0,,6681792.0,1896200.0,,38846600.0,,2388700.0,,2932400.0,,6753600.0,,34997400.0,,29650600.0,,3411500.0,,2896000.0,,2067000.0,,10984900.0,,12062600.0,,336400.0,,20650100.0,,,,4125500.0,,6108100.0,,,,6400.0,,,,3315200.0,,,,,2926500.0,,,36505.0,1523900.0,568.0,,,1404800.0,,,330456.0,2540900.0,,7485100.0,,,1189700.0,259339,,,1640200.0,,3100100.0,0.0,9036800.0,,,,14956300.0,,,,7093000.0,,5344300.0,,5420200.0,,,,4387600.0,,3750100.0,,2556100.0,2451383,3211600.0,,11700000.0,,1278700.0,0.0,1626500.0,,10900.0,,93.0,2631800.0,,,4273400.0,,3232300.0,,16568100.0,,1588000.0,360.0,,4486700.0,,378.0,7418600.0,,,,11978800.0,,11112200.0,,,3180800.0,,50160400.0,,,,17578000.0,,15813900.0,,9586800.0,,7874000.0,,18603300.0,,,1818200.0,,117000.0,,,,1482700.0,,1391800.0,,13307000.0,,,8544500.0,1778245,,8795100.0,,25482200.0,,13758100.0,,13758100.0,,1002000.0,,,,,,6443900.0,,29873000.0,,198772.0,27889800.0,,5721500.0,3798,226311600.0,,4689700.0,,123500.0,,5510100.0,,12.0,3167400.0,,,,503800.0,1403922.0,0.0,27830700.0,,,7571300.0,,7313000.0,,,,26685800.0,,3285000.0,70.0,25223600.0,,10455700.0,,,,,,80.0,,,,41248100.0,,3629100.0,1854592.0,,,5650800.0,591.0,,,36501700.0,,2630700.0,,51493100.0,,15072.0,,,,34183800.0,,4969380.0,,,,,,376300.0,,,2217500.0,,10613300.0,,76308000.0,,43268700.0,,11165100.0,,1697000.0,,7910800.0,,2174610.0,,10754000.0,,448800.0,,7700.0,,1218980.0,,5736500.0,,9649700.0,517,8320744.0,8.0,2844900.0,,12240100.0,,,,5222200.0,,17956400.0,,0.0,,,,2710100.0,53.0
2024-10-23,4366079.0,671384.0,27300780.0,251187.0,589358.0,933878.0,653627.0,6679313.0,14656951.0,24683796.0,188180918.0,60557867.0,45149007.0,,27033761.0,2126700.0,,52287000.0,,2021300.0,,2557600.0,,6015200.0,,26095900.0,,31937100.0,,4049400.0,,9708800.0,,1681400.0,,7575600.0,,19513700.0,,282500.0,,13638200.0,,,,8751200.0,,9757100.0,,,,9800.0,,,,3655200.0,,,,,3167400.0,,,28090.0,1500900.0,406.0,,,1456400.0,,,293835.0,1979100.0,,10350100.0,,,2193500.0,291849,,,2480600.0,,3227100.0,,12411600.0,,,,18723000.0,,,,4558900.0,,5388500.0,,4120300.0,,,,3574200.0,,7336800.0,,3546300.0,2199766,2021200.0,,14299400.0,,1819300.0,0.0,1739100.0,,17200.0,,18.0,4244600.0,,,4856800.0,,2945000.0,,18280500.0,,1263200.0,974.0,,3159000.0,,474.0,11670600.0,,,,10203200.0,,10069800.0,,,5791000.0,,45799100.0,,,,20289900.0,,23263500.0,,6180500.0,,8468000.0,,24655200.0,,,1760600.0,,87200.0,,,,1427600.0,,2646600.0,,20569100.0,,,14248400.0,2121782,,8366400.0,,19654400.0,,17025500.0,,15174700.0,,362000.0,,,,,,9849800.0,,37490000.0,,145225.0,19999400.0,,9249500.0,275,285930000.0,,3220700.0,,333600.0,,4830400.0,,12.0,5402200.0,,,,777300.0,1476753.0,20.0,35647000.0,,,7632100.0,,9788200.0,,,,39346600.0,,4083700.0,35.0,21311300.0,,10104900.0,,,,,,6.0,,,,24301000.0,,4971600.0,2051016.0,,,2925300.0,1236.0,,,38130400.0,,2842200.0,,81658300.0,,21598.0,,,,49314600.0,,7554816.0,,,,,,505500.0,,,2821700.0,,10908900.0,,118172200.0,,80938900.0,,16535700.0,,1694800.0,,10548500.0,,2206240.0,,8689900.0,,565300.0,,498700.0,,2656900.0,,5249300.0,,18855300.0,546,7245145.0,360.0,4251900.0,,13058200.0,,,,8293600.0,,19813200.0,,0.0,,,,2654300.0,257.0
2024-10-24,6344515.0,1209781.0,31499922.0,307996.0,384523.0,827590.0,295597.0,7024836.0,11202752.0,37303056.0,108534234.0,44036428.0,29157453.0,,10893746.0,1642700.0,,31109500.0,,2100300.0,,3546500.0,,6122100.0,,22877000.0,,21647400.0,,2489100.0,,5630300.0,,1854700.0,,23926300.0,,20485200.0,,106300.0,,13602900.0,,,,5899100.0,,8008600.0,,,,3500.0,,,,3793500.0,,,,,3531200.0,,,23845.0,1844100.0,47.0,,,1154100.0,,,286571.0,1639600.0,,9925400.0,,,1649600.0,267411,,,1422300.0,,3210700.0,,7923600.0,,,,14699600.0,,,,3638100.0,,5015300.0,,4091000.0,,,,4559600.0,,4179000.0,,2393600.0,1821142,2171900.0,,16232300.0,,2053500.0,0.0,1703800.0,,13900.0,,27.0,3620100.0,,,2304600.0,,2682300.0,,22412500.0,,2058200.0,671.0,,2550300.0,,556.0,5932000.0,,,,7687300.0,,9434600.0,,,11193400.0,,40554400.0,,,,18381500.0,,18381900.0,,6002200.0,,8847000.0,,17568800.0,,,1674200.0,,126300.0,,,,985000.0,,1797100.0,,23196200.0,,,7184700.0,534790,,6226300.0,,13581600.0,,23221500.0,,13206300.0,,230000.0,,,,,,7851700.0,,26430000.0,,139719.0,21665400.0,,17005000.0,206,172354900.0,,4499900.0,,228600.0,,3488000.0,,3.0,2969800.0,,,,658400.0,1676239.0,0.0,34079600.0,,,7398800.0,,4933400.0,,,,22024900.0,,2174100.0,14.0,33208400.0,,16684200.0,,,,,,24.0,,,,23717700.0,,2595500.0,2134381.0,,,2817300.0,569.0,,,72141300.0,,2544500.0,,60128300.0,,14420.0,,,,34979900.0,,5352760.0,,,,,,320800.0,,,7148000.0,,11244500.0,,78612800.0,,204491900.0,,9935800.0,,1218900.0,,9309300.0,,2150460.0,,15220900.0,,366800.0,,8500.0,,2061940.0,,4679900.0,,8149800.0,210,11646501.0,3.0,2402300.0,,11645900.0,,,,4408300.0,,17046600.0,,1.0,,,,2926700.0,184.0
2024-10-25,5530362.0,1116832.0,25829315.0,324300.0,627017.0,760816.0,1000018.0,5844114.0,11951879.0,22201918.0,184518253.0,38942613.0,24837829.0,,54631961.0,1661200.0,,38802300.0,,2426800.0,,5388400.0,,4794700.0,,29758500.0,,29362100.0,,2193300.0,,4425000.0,,1380100.0,,14701900.0,,19977700.0,,159100.0,,16977100.0,,,,6575800.0,,15190400.0,,,,7000.0,,,,2838900.0,,,,,2831000.0,,,20056.0,1606800.0,534.0,,,2063200.0,,,287189.0,2055200.0,,9261300.0,,,1425800.0,245690,,,1641200.0,,3351200.0,,24183200.0,,,,14680500.0,,,,4040200.0,,6638100.0,,8753400.0,,,,3117100.0,,3168200.0,,1323300.0,1034627,2948200.0,,14486700.0,,1934000.0,0.0,1359600.0,,32100.0,,29.0,2087800.0,,,3955000.0,,5989000.0,,19828900.0,,1633200.0,377.0,,1941400.0,,386.0,3971000.0,,,,8752200.0,,7901400.0,,,8482200.0,,67503000.0,,,,18557500.0,,23807800.0,,6369700.0,,9548000.0,,11138100.0,,,1265800.0,,107800.0,,,,830300.0,,2228300.0,,14591100.0,,,11337900.0,562228,,6970400.0,,16899100.0,,25093200.0,,12265000.0,,932000.0,,,,,,6748200.0,,28195000.0,,67455.0,22097500.0,,7474000.0,1122,205122100.0,,4594600.0,,214000.0,,3674700.0,,0.0,2694400.0,,,,635800.0,1673236.0,1.0,50416500.0,,,7201000.0,,5496600.0,,,,38762100.0,,3889100.0,0.0,22770900.0,,10553300.0,,,,,,22.0,,,,32279200.0,,6835900.0,2250931.0,,,2718800.0,388.0,,,58331300.0,,2607400.0,,82300500.0,,21823.0,,,,47268200.0,,9008968.0,,,,,,495000.0,,,3573700.0,,8858400.0,,114826000.0,,161611900.0,,13434900.0,,1040800.0,,5103100.0,,2056190.0,,11727400.0,,320000.0,,1600.0,,2617040.0,,4464600.0,,6257400.0,683,23343541.0,447.0,3062300.0,,8959400.0,,,,6256100.0,,19104600.0,,1.0,,,,2073300.0,206.0
2024-10-26,,,,,,,,,,,,,,,,,,,,,,,,,,,,,,,,,,,,,,,,,,,,,,,,,,,,,,,,,,,,,,,,,,613.0,,,,,,,,,,,,,270250,,,,,,,,,,,,,,,,,,,,,,,,,,,,1736759,,,,,,0.0,,,,,,,,,,,,,,,,346.0,,,,,,,,,,,,,,,,,,,,,,,,,,,,,,,,,,,,,,,,,,,,,2569681,,,,,,,,,,,,,,,,,,,,,,,,485,,,,,,,,,,,,,,,1153166.0,,,,,,,,,,,,,,803.0,,,,,,,,,,,,,,,,2212417.0,,,,471.0,,,,,,,,,,,,,,,,,,,,,,,,,,,,,,,,,,,,,,,,,,,,,,,,,,,659,,47.0,,,,,,,,,,,1.0,,,,,162.0
2024-10-27,,,,,,,,,,,,,,,,,,,,,,,,,,,,,,,,,,,,,,,,,,,,,,,,,,,,,,,,,,,,,,,,,,4066.0,,,,,,,,,,,,,286647,,,,,,,,,,,,,,,,,,,,,,,,,,,,1696638,,,,,,0.0,,,,,,,,,,,,,,,,394.0,,,,,,,,,,,,,,,,,,,,,,,,,,,,,,,,,,,,,,,,,,,,,326595,,,,,,,,,,,,,,,,,,,,,,,,375,,,,,,,,,,,,,,,1097217.0,,,,,,,,,,,,,,25.0,,,,,,,,,,,,,,,,2074617.0,,,,530.0,,,,,,,,,,,,,,,,,,,,,,,,,,,,,,,,,,,,,,,,,,,,,,,,,,,1235,,1.0,,,,,,,,,,,0.0,,,,,48.0
2024-10-28,4114186.0,639039.0,27775009.0,245038.0,319943.0,826381.0,490122.0,3512787.0,15551935.0,32640724.0,165990392.0,40852110.0,19619475.0,,17262910.0,2582200.0,,36087100.0,,2302300.0,,1865400.0,,4101000.0,,36010100.0,,27930800.0,,2584900.0,,5720600.0,,1182800.0,,8941600.0,,13195800.0,,284600.0,,16044400.0,,,,6235200.0,,12549900.0,,,,4100.0,,,,4103400.0,,,,,2141300.0,,,28003.0,3213900.0,0.0,,,1861900.0,,,419623.0,1525300.0,,10458700.0,,,912500.0,350609,,,1918500.0,,3867800.0,,13859200.0,,,,12912300.0,,,,3582900.0,,8146400.0,,7903800.0,,,,3071800.0,,2905500.0,,3774900.0,1428084,2544600.0,,15516100.0,,2592200.0,0.0,1007400.0,,133200.0,,56.0,2231600.0,,,7093800.0,,13641200.0,,32138600.0,,1687100.0,656.0,,2586500.0,,611.0,6136300.0,,,,14670900.0,,8955900.0,,,4993300.0,,41915000.0,,,,23972900.0,,19877700.0,,6843000.0,,10518000.0,,10761400.0,,,1404200.0,,38900.0,,,,772500.0,,2084100.0,,10175800.0,,,10925100.0,3274919,,6652500.0,,14882400.0,,23182000.0,,12381000.0,,156000.0,,,,,,13233100.0,,28624000.0,,89409.0,34528100.0,,6192500.0,1665,173586700.0,,5356000.0,,213900.0,,4330000.0,,0.0,3126600.0,,,,827800.0,1799797.0,4.0,36729700.0,,,15243500.0,,5024600.0,,,,20477800.0,,6567500.0,0.0,31831700.0,,8443100.0,,,,,,3.0,,,,27230200.0,,3557300.0,2104726.0,,,5238600.0,591.0,,,69753400.0,,2573700.0,,51661100.0,,11589.0,,,,30174700.0,,5482468.0,,,,,,411700.0,,,2672100.0,,10190700.0,,69162200.0,,107653600.0,,20135300.0,,1395700.0,,4409000.0,,1974870.0,,9311900.0,,542200.0,,1300.0,,1933720.0,,4306200.0,,4765800.0,382,10454346.0,0.0,5292300.0,,7990200.0,,,,6178200.0,,24228000.0,,0.0,,,,2129800.0,829.0
2024-10-29,4067991.0,746178.0,28369314.0,354807.0,352478.0,1190415.0,473930.0,4158363.0,13797786.0,32594539.0,130524256.0,49801454.0,32660150.0,,14582430.0,4009100.0,,35417200.0,,2089500.0,,1996000.0,,6007400.0,,71896000.0,,35690200.0,,2874200.0,,5317600.0,,1445500.0,,5845200.0,,23702300.0,,448000.0,,13685400.0,,,,3325900.0,,17098600.0,,,,14200.0,,,,3985200.0,,,,,2313600.0,,,16776.0,2186400.0,9046.0,,,1710400.0,,,291929.0,1720900.0,,11542200.0,,,1361700.0,566583,,,1674800.0,,4280700.0,,13819200.0,,,,18810100.0,,,,3909800.0,,6834400.0,,6928700.0,,,,4675200.0,,4448000.0,,2352200.0,1241234,2323900.0,,11110500.0,,5101900.0,0.0,994700.0,,70400.0,,848.0,2030600.0,,,13396800.0,,10078100.0,,42169000.0,,1281600.0,902.0,,3822700.0,,1134.0,6379300.0,,,,13257600.0,,9709400.0,,,5258400.0,,83422200.0,,,,27092100.0,,20282200.0,,6580000.0,,13339000.0,,16525900.0,,,648800.0,,49000.0,,,,1001100.0,,3187500.0,,12540800.0,,,13019100.0,958136,,9883700.0,,17644100.0,,25958500.0,,15164600.0,,212000.0,,,,,,7398100.0,,36604000.0,,143883.0,21278400.0,,8205500.0,192,157593600.0,,8243400.0,,195600.0,,4122900.0,,10.0,4410200.0,,,,846800.0,2305263.0,108.0,26154700.0,,,35206400.0,,6427700.0,,,,28014100.0,,12718700.0,38.0,23459900.0,,9573300.0,,,,,,133.0,,,,35234800.0,,5392800.0,2399933.0,,,4154600.0,697.0,,,164917900.0,,2698400.0,,72288200.0,,18931.0,,,,42899700.0,,6662068.0,,,,,,496100.0,,,2284500.0,,14466200.0,,78545200.0,,80521800.0,,13779100.0,,1603500.0,,5522800.0,,1765940.0,,14469600.0,,753000.0,,1500.0,,1305140.0,,7534800.0,,4019800.0,704,8270205.0,4.0,3124300.0,,9682400.0,,,,6183700.0,,23791600.0,,1.0,,,,3571200.0,275.0
2024-10-30,3580400.0,554300.0,19838511.0,338337.0,716996.0,1966946.0,295828.0,,17895482.0,34075580.0,164014844.0,36838890.0,25149030.0,,7088846.0,2297100.0,,47070900.0,,2728600.0,,1927200.0,,5851300.0,,87701700.0,,37707600.0,,2995100.0,,3784800.0,,3085200.0,,9268400.0,,17911500.0,,590800.0,,10179900.0,,,,8674200.0,,11475900.0,,,,17700.0,,,,2692100.0,,,,,2500700.0,,,11034.0,4037500.0,2696.0,,,1384500.0,,,284795.0,1515800.0,,9515900.0,,,1412200.0,195402,,,1768400.0,,2826500.0,,8335200.0,,,,13284300.0,,,,17073700.0,,7718200.0,,4831900.0,,,,7200300.0,,6802400.0,,2499800.0,846405,2163900.0,,13076200.0,,6004700.0,0.0,1756200.0,,21400.0,,231.0,2085200.0,,,7981600.0,,12383600.0,,68890800.0,,1441600.0,576.0,,2795600.0,,936.0,25749100.0,,,,26660900.0,,15599700.0,,,6956600.0,,50941200.0,,,,11914700.0,,19754800.0,,7110900.0,,16568000.0,,14177800.0,,,1523600.0,,16800.0,,,,1015300.0,,18257200.0,,11076800.0,,,26864900.0,836863,,8417700.0,,29749100.0,,20593300.0,,14321800.0,,364000.0,,,,,,22991900.0,,17220000.0,,162834.0,17105700.0,,4754000.0,222,179418100.0,,11109200.0,,271200.0,,5822500.0,,5.0,2940400.0,,,,574700.0,1423218.0,38.0,31309200.0,,,14910500.0,,8819700.0,,,,29756000.0,,37764600.0,241.0,19962400.0,,9128500.0,,,,,,79.0,,,,236424500.0,,5348400.0,2134696.0,,,4610100.0,514.0,,,95149900.0,,3015300.0,,89440100.0,,20123.0,,,,41435800.0,,6501968.0,,,,,,332100.0,,,2861400.0,,13460900.0,,80473200.0,,53993600.0,,10007800.0,,1659300.0,,4914000.0,,2202920.0,,14997700.0,,306400.0,,51900.0,,1573160.0,,9606800.0,,3529500.0,690,6203812.0,3.0,6434500.0,,9268800.0,,,,4733100.0,,19364200.0,,0.0,,,,2008600.0,2.0
2024-10-31,4573282.0,1075398.0,35809196.0,271263.0,485411.0,936140.0,774675.0,7856335.0,22753709.0,24940027.0,199192208.0,37454132.0,18630573.0,,9061927.0,1742000.0,,64370100.0,,2978700.0,,2890600.0,,7307500.0,,44386600.0,,75146800.0,,2772800.0,,7431900.0,,2398300.0,,6876100.0,,26086600.0,,462400.0,,8379300.0,,,,4526600.0,,11742000.0,,,,6300.0,,,,3660300.0,,,,,3473000.0,,,36772.0,2394500.0,724.0,,,1230100.0,,,311055.0,3253900.0,,18892000.0,,,1771900.0,275806,,,3302200.0,,4301800.0,,13902800.0,,,,22023400.0,,,,7312400.0,,8147700.0,,7213700.0,,,,10499100.0,,5205400.0,,2410800.0,1007879,2422100.0,,15048900.0,,3120300.0,0.0,1058800.0,,49100.0,,849.0,2550700.0,,,6856800.0,,5594500.0,,44769000.0,,2061700.0,679.0,,2518600.0,,1249.0,10793000.0,,,,45738900.0,,12163500.0,,,5925300.0,,112485500.0,,,,16739100.0,,24078400.0,,7829900.0,,20012000.0,,13383700.0,,,3565400.0,,17700.0,,,,1256400.0,,6582800.0,,13044900.0,,,26838400.0,672022,,11273000.0,,53971000.0,,21954100.0,,19830300.0,,308000.0,,,,,,4580400.0,,30577000.0,,185486.0,19945200.0,,6666500.0,589,270039600.0,,8455300.0,,292000.0,,9477500.0,,5.0,4064000.0,,,,900300.0,1325157.0,16.0,50973400.0,,,13919300.0,,10261200.0,,,,41245200.0,,17033500.0,5791.0,25679400.0,,13057500.0,,,,,,37.0,,,,129887200.0,,9464700.0,2212364.0,,,5284600.0,457.0,,,59129200.0,,2136300.0,,135437800.0,,22120.0,,,,60182500.0,,8501396.0,,,,,,450500.0,,,3392300.0,,14153800.0,,138905200.0,,66575300.0,,13062700.0,,1414000.0,,6543000.0,,2079620.0,,64047100.0,,380400.0,,18700.0,,3107300.0,,7950200.0,,5806500.0,724,6048888.0,282.0,8895200.0,,15539000.0,,,,8177800.0,,31623200.0,,0.0,,,,1723100.0,314.0
2024-11-01,3478519.0,765177.0,19083180.0,150398.0,244187.0,632192.0,393593.0,4997821.0,21086569.0,19079425.0,198123879.0,29520830.0,21507197.0,,6056623.0,2367400.0,,65276700.0,,2851600.0,,2328300.0,,6318900.0,,39027400.0,,99687800.0,,3567900.0,,4716100.0,,1801700.0,,5993100.0,,17847000.0,,1412900.0,,8501000.0,,,,5949500.0,,14770500.0,,,,11800.0,,,,2971300.0,,,,,3453200.0,,,32059.0,1633300.0,9.0,,,1427100.0,,,320572.0,2113400.0,,14443400.0,,,1625200.0,301568,,,3520800.0,,3527500.0,,11903600.0,,,,19235600.0,,,,13048400.0,,7944900.0,,5484000.0,,,,7848100.0,,3371600.0,,1628200.0,700907,2092300.0,,25517100.0,,3604200.0,0.0,1475100.0,,5900.0,,109.0,2702200.0,,,5890200.0,,4744500.0,,31796500.0,,1625000.0,256.0,,3277800.0,,695.0,12245000.0,,,,21594100.0,,12602000.0,,,3334100.0,,173471100.0,,,,14840800.0,,21222200.0,,6923500.0,,9064000.0,,12163100.0,,,939400.0,,39400.0,,,,1452000.0,,5266300.0,,10317500.0,,,15303200.0,3270929,,20330500.0,,24230400.0,,26258900.0,,13623400.0,,60000.0,,,,,,3981500.0,,29968000.0,,166422.0,11303700.0,,4926500.0,3310,207127800.0,,4554700.0,,156900.0,,5680600.0,,5.0,5851800.0,,,,1889500.0,1314679.0,5.0,33722500.0,,,16473600.0,,6498100.0,,,,33655800.0,,12024700.0,1478.0,20118900.0,,11010800.0,,,,,,98.0,,,,102739000.0,,5521000.0,2255757.0,,,4659500.0,438.0,,,41742300.0,,1581100.0,,80726000.0,,15601.0,,,,45667500.0,,8646200.0,,,,,,877900.0,,,2352100.0,,20529300.0,,96678800.0,,57544800.0,,12691200.0,,1457800.0,,4208800.0,,2000050.0,,33542200.0,,920800.0,,464200.0,,2336680.0,,5470700.0,,5008300.0,372,5059681.0,6.0,4384900.0,,12181800.0,,,,6877500.0,,26304600.0,,0.0,,,,1973300.0,1011.0
2024-11-02,,,,,,,,,,,,,,,,,,,,,,,,,,,,,,,,,,,,,,,,,,,,,,,,,,,,,,,,,,,,,,,,,,654.0,,,,,,,,,,,,,210912,,,,,,,,,,,,,,,,,,,,,,,,,,,,956759,,,,,,0.0,,,,,,,,,,,,,,,,225.0,,,,,,,,,,,,,,,,,,,,,,,,,,,,,,,,,,,,,,,,,,,,,873331,,,,,,,,,,,,,,,,,,,,,,,,7944,,,,,,,,,,,,,,,1113906.0,,,,,,,,,,,,,,356.0,,,,,,,,,,,,,,,,2165414.0,,,,772.0,,,,,,,,,,,,,,,,,,,,,,,,,,,,,,,,,,,,,,,,,,,,,,,,,,,468,,11.0,,,,,,,,,,,0.0,,,,,186.0
2024-11-03,,,,,,,,,,,,,,,,,,,,,,,,,,,,,,,,,,,,,,,,,,,,,,,,,,,,,,,,,,,,,,,,,,3183.0,,,,,,,,,,,,,265739,,,,,,,,,,,,,,,,,,,,,,,,,,,,1135382,,,,,,0.0,,,,,,,,,,,,,,,,250.0,,,,,,,,,,,,,,,,,,,,,,,,,,,,,,,,,,,,,,,,,,,,,493454,,,,,,,,,,,,,,,,,,,,,,,,395,,,,,,,,,,,,,,,1075224.0,,,,,,,,,,,,,,101.0,,,,,,,,,,,,,,,,2180034.0,,,,428.0,,,,,,,,,,,,,,,,,,,,,,,,,,,,,,,,,,,,,,,,,,,,,,,,,,,389,,232.0,,,,,,,,,,,0.0,,,,,536.0
2024-11-04,3569575.0,748180.0,15586947.0,231613.0,697688.0,742098.0,282767.0,6150133.0,11706119.0,30053492.0,146030485.0,26075221.0,14033434.0,,4443675.0,1912100.0,,44944500.0,,1954900.0,,5365100.0,,3857600.0,,29117400.0,,38492100.0,,4037600.0,,3263600.0,,1232500.0,,6580900.0,,13621300.0,,702000.0,,8681900.0,,,,9878200.0,,11505500.0,,,,35800.0,,,,5733200.0,,,,,2383500.0,,,31292.0,1793600.0,0.0,,,1131300.0,,,286947.0,1536400.0,,11348800.0,,,1576700.0,200675,,,1965300.0,,5107900.0,,9287600.0,,,,13269900.0,,,,10608800.0,,6088000.0,,6489500.0,,,,6351100.0,,2371900.0,,2267900.0,1162199,2459900.0,,22083200.0,,2653800.0,0.0,1997900.0,,72400.0,,16.0,2070500.0,,,4309400.0,,4300200.0,,21492700.0,,1797800.0,231.0,,2690500.0,,471.0,18449700.0,,,,15067200.0,,8093400.0,,,2593900.0,,84616300.0,,,,13971200.0,,20463700.0,,8229600.0,,6379000.0,,10984500.0,,,1561600.0,,13800.0,,,,1257800.0,,3918100.0,,7773000.0,,,12064600.0,3474249,,7935900.0,,19672300.0,,13438800.0,,15765800.0,,274000.0,,,,,,4185000.0,,19022000.0,,201168.0,13223100.0,,4742000.0,0,187528200.0,,6215000.0,,82100.0,,4804400.0,,5.0,3064800.0,,,,1616500.0,875771.0,0.0,75413300.0,,,10257000.0,,4949800.0,,,,23291600.0,,7719300.0,302.0,20363100.0,,7701600.0,,,,,,0.0,,,,92052000.0,,5199200.0,2186652.0,,,3762500.0,582.0,,,41321700.0,,1727600.0,,60422400.0,,12095.0,,,,38217000.0,,6692164.0,,,,,,394200.0,,,1830700.0,,14393200.0,,82214400.0,,68802400.0,,10917300.0,,1829600.0,,3693800.0,,2193130.0,,14949100.0,,688900.0,,13100.0,,2187740.0,,4281600.0,,4637700.0,757,3578583.0,86.0,3781100.0,,11731000.0,,,,6426700.0,,25811800.0,,1.0,,,,1551100.0,454.0
2024-11-05,3560310.0,615978.0,17484474.0,143482.0,346402.0,833100.0,238250.0,,15270863.0,70035031.0,143702336.0,44324009.0,28395939.0,,12573701.0,2078200.0,,28111300.0,,1588100.0,,24756900.0,,4053000.0,,27067300.0,,30564800.0,,4003600.0,,3635000.0,,1282000.0,,6504200.0,,13441800.0,,318000.0,,10804200.0,,,,9984300.0,,12813300.0,,,,20300.0,,,,3154400.0,,,,,2609600.0,,,40233.0,1724100.0,0.0,,,1353200.0,,,247311.0,2405300.0,,9950800.0,,,1622300.0,270642,,,2661500.0,,4456100.0,,9040000.0,,,,10183600.0,,,,6998600.0,,6561700.0,,6914500.0,,,,5236800.0,,3278700.0,,2574100.0,1138235,3421800.0,,19923800.0,,1969700.0,0.0,1887400.0,,10000.0,,23.0,3461400.0,,,4500300.0,,5858400.0,,18242100.0,,2169900.0,75.0,,2496500.0,,585.0,41777400.0,,,,12947200.0,,9456000.0,,,2441500.0,,59153300.0,,,,14034400.0,,26404600.0,,5600700.0,,10163000.0,,8780200.0,,,799800.0,,115400.0,,,,1669600.0,,3733300.0,,8004900.0,,,9775400.0,644202,,10233700.0,,17626000.0,,17993900.0,,12071900.0,,378000.0,,,,,,12434700.0,,22006000.0,,153934.0,11970800.0,,4135000.0,268,160537400.0,,6604300.0,,230800.0,,5456800.0,,5.0,2707400.0,,,,781800.0,1153321.0,0.0,208868200.0,,,6573900.0,,5373200.0,,,,24353600.0,,10831200.0,10.0,18141200.0,,8554000.0,,,,,,6.0,,,,106628300.0,,4344200.0,2103924.0,,,3774600.0,489.0,,,53857800.0,,2271700.0,,63174900.0,,12930.0,,,,39478300.0,,6430704.0,,,,,,491200.0,,,3265700.0,,14765900.0,,79352600.0,,69282500.0,,10339200.0,,1303500.0,,5253200.0,,2023770.0,,12274600.0,,414900.0,,109100.0,,2605120.0,,3753700.0,,4133600.0,623,5521276.0,578.0,2753700.0,,10612500.0,,,,7170600.0,,20876600.0,,0.0,,,,2568400.0,79.0
2024-11-06,3460361.0,1880618.0,22092218.0,203500.0,432475.0,810771.0,310599.0,8834595.0,20755203.0,52844483.0,179735496.0,41890786.0,38093891.0,,6304486.0,4279900.0,,54561100.0,,2969900.0,,15381700.0,,6393300.0,,32911500.0,,72292200.0,,6099600.0,,10774400.0,,3208600.0,,10198300.0,,24300800.0,,507000.0,,18162900.0,,,,12236100.0,,23669800.0,,,,12300.0,,,,6906800.0,,,,,6852200.0,,,57996.0,4720000.0,2126.0,,,1821900.0,,,388265.0,5275800.0,,35456000.0,,,2437400.0,515381,,,2585500.0,,5874900.0,,16910800.0,,,,20506000.0,,,,8857900.0,,11325100.0,,13211700.0,,,,5512000.0,,3993100.0,,2673100.0,1230978,5553000.0,,30569000.0,,5005000.0,0.0,4929900.0,,48200.0,,427.0,4486400.0,,,5073200.0,,6648000.0,,33695500.0,,8042800.0,693.0,,7133400.0,,732.0,36942800.0,,,,49591600.0,,15601000.0,,,3934400.0,,116760500.0,,,,25767000.0,,75554600.0,,23987800.0,,17154000.0,,22899300.0,,,3394800.0,,86700.0,,,,4198700.0,,8257900.0,,15034800.0,,,18305400.0,1265874,,14695200.0,,26681800.0,,26270400.0,,20304500.0,,512000.0,,,,,,4143700.0,,36908000.0,,157298.0,15999100.0,,6233000.0,895,242043900.0,,12044600.0,,223800.0,,11085000.0,,5.0,5031400.0,,,,1430500.0,1990326.0,0.0,114255900.0,,,11546500.0,,17661900.0,,,,43082200.0,,6506100.0,112.0,69491200.0,,17747300.0,,,,,,6.0,,,,122890800.0,,7284400.0,2481395.0,,,5455900.0,346.0,,,63197700.0,,2960300.0,,97893100.0,,15640.0,,,,68182000.0,,8845932.0,,,,,,1836500.0,,,2249700.0,,29791000.0,,118794200.0,,165228700.0,,19834900.0,,3089300.0,,8527500.0,,5464980.0,,26410700.0,,585900.0,,407600.0,,2884680.0,,10320500.0,,7598500.0,1094,7572984.0,248.0,4258000.0,,19974000.0,,,,17003400.0,,50053200.0,,1.0,,,,3880300.0,319.0
2024-11-07,2976546.0,1108161.0,17043102.0,173191.0,675120.0,574866.0,281873.0,6664655.0,19924018.0,37104763.0,201079990.0,42156301.0,42255252.0,,6389784.0,7538000.0,,42137700.0,,2640300.0,,6308100.0,,5274700.0,,30326400.0,,52878400.0,,18592800.0,,16365100.0,,1758300.0,,21948000.0,,18970600.0,,245300.0,,16340400.0,,,,11030100.0,,12460000.0,,,,3700.0,,,,4238000.0,,,,,2865900.0,,,41262.0,3211100.0,1715.0,,,2384700.0,,,353595.0,6448900.0,,16655300.0,,,2145500.0,241324,,,3029800.0,,5722600.0,,14300800.0,,,,17880200.0,,,,6297500.0,,7805100.0,,25107800.0,,,,4975100.0,,4614400.0,,3048200.0,1144951,3395700.0,,29784200.0,,3142900.0,0.0,2243500.0,,46700.0,,676.0,2347600.0,,,2831800.0,,5554400.0,,25352900.0,,4475600.0,210.0,,4323100.0,,394.0,13278100.0,,,,24913000.0,,11975400.0,,,3675800.0,,101489300.0,,,,13696500.0,,34970300.0,,16451100.0,,11222000.0,,14856100.0,,,1276200.0,,79000.0,,,,2900900.0,,4557600.0,,11523600.0,,,14653700.0,2839380,,11491100.0,,19901800.0,,23931700.0,,13569800.0,,544000.0,,,,,,2570100.0,,32951000.0,,165551.0,17398500.0,,6304000.0,0,207323300.0,,8363200.0,,472100.0,,7759400.0,,5.0,4210600.0,,,,1273100.0,1604696.0,1.0,121591200.0,,,7994300.0,,23586300.0,,,,32853100.0,,7756000.0,142.0,57094100.0,,15823800.0,,,,,,222.0,,,,88234700.0,,5370200.0,2256825.0,,,4596400.0,1204.0,,,55627600.0,,3689100.0,,77945800.0,,13046.0,,,,47233200.0,,8425860.0,,,,,,1259700.0,,,1761000.0,,14778400.0,,99545200.0,,117309200.0,,14865200.0,,3777500.0,,6020800.0,,2714150.0,,24305900.0,,739200.0,,0.0,,1818620.0,,6237300.0,,7696700.0,242,4984535.0,2.0,2751500.0,,12665800.0,,,,8157100.0,,26138000.0,,0.0,,,,2288300.0,241.0
2024-11-08,3031573.0,716859.0,13877396.0,166314.0,1233287.0,695102.0,231867.0,7350207.0,19389836.0,59742390.0,220119217.0,49400009.0,39449252.0,,9168046.0,19430500.0,,38328800.0,,2856900.0,,5016900.0,,4767300.0,,27560300.0,,36075800.0,,15031900.0,,6469800.0,,1726800.0,,7363900.0,,13503200.0,,364300.0,,24879800.0,,,,23196100.0,,10982500.0,,,,800.0,,,,3541300.0,,,,,2768300.0,,,35855.0,3345900.0,2280.0,,,2277100.0,,,362038.0,4542400.0,,17431700.0,,,3277100.0,368556,,,2900800.0,,8485000.0,,11382800.0,,,,17517700.0,,,,6325400.0,,7982100.0,,30274900.0,,,,3260300.0,,5076700.0,,1723000.0,1164881,3419300.0,,39773500.0,,2836000.0,0.0,1750800.0,,41600.0,,1038.0,1720000.0,,,4827800.0,,15908600.0,,22006200.0,,2714000.0,602.0,,3448700.0,,473.0,17983800.0,,,,22564100.0,,14164900.0,,,3201000.0,,76428000.0,,,,16019000.0,,26597800.0,,9502100.0,,12781000.0,,14719300.0,,,2793800.0,,119100.0,,,,7369000.0,,7212900.0,,7527100.0,,,9415700.0,12818974,,8340000.0,,16891400.0,,18764200.0,,13045700.0,,482000.0,,,,,,2355700.0,,19106000.0,,158000.0,18213400.0,,5475000.0,1044,175665800.0,,5222600.0,,176300.0,,8520400.0,,5.0,4116600.0,,,,699000.0,1435731.0,6.0,84124000.0,,,8144200.0,,10736600.0,,,,22924500.0,,4402000.0,53.0,58725000.0,,17769100.0,,,,,,3.0,,,,60549600.0,,3915600.0,2207582.0,,,4914400.0,1443.0,,,83464200.0,,10593700.0,,62666300.0,,12741.0,,,,46444900.0,,7559100.0,,,,,,1357200.0,,,1721200.0,,17244400.0,,70060000.0,,204782800.0,,13112100.0,,2225700.0,,5020700.0,,2770490.0,,20152600.0,,349800.0,,52200.0,,1647340.0,,6240600.0,,4621500.0,499,4653520.0,38.0,3334900.0,,14396500.0,,,,9431100.0,,22336800.0,,0.0,,,,2839800.0,195.0
2024-11-09,,,,,,,,,,,,,,,,,,,,,,,,,,,,,,,,,,,,,,,,,,,,,,,,,,,,,,,,,,,,,,,,,,435.0,,,,,,,,,,,,,229894,,,,,,,,,,,,,,,,,,,,,,,,,,,,1111611,,,,,,0.0,,,,,,,,,,,,,,,,887.0,,,,,,,,,,,,,,,,,,,,,,,,,,,,,,,,,,,,,,,,,,,,,1442783,,,,,,,,,,,,,,,,,,,,,,,,938,,,,,,,,,,,,,,,5505674.0,,,,,,,,,,,,,,200.0,,,,,,,,,,,,,,,,1906722.0,,,,1129.0,,,,,,,,,,,,,,,,,,,,,,,,,,,,,,,,,,,,,,,,,,,,,,,,,,,58247,,62.0,,,,,,,,,,,0.0,,,,,197.0
2024-11-10,,,,,,,,,,,,,,,,,,,,,,,,,,,,,,,,,,,,,,,,,,,,,,,,,,,,,,,,,,,,,,,,,,3946.0,,,,,,,,,,,,,397235,,,,,,,,,,,,,,,,,,,,,,,,,,,,1226173,,,,,,0.0,,,,,,,,,,,,,,,,246.0,,,,,,,,,,,,,,,,,,,,,,,,,,,,,,,,,,,,,,,,,,,,,79090733,,,,,,,,,,,,,,,,,,,,,,,,198,,,,,,,,,,,,,,,3436500.0,,,,,,,,,,,,,,1061.0,,,,,,,,,,,,,,,,2404170.0,,,,812.0,,,,,,,,,,,,,,,,,,,,,,,,,,,,,,,,,,,,,,,,,,,,,,,,,,,5540,,260.0,,,,,,,,,,,31.0,,,,,843.0
2024-11-11,2636191.0,856539.0,29811326.0,297664.0,654961.0,894260.0,329411.0,7768380.0,22857586.0,37710046.0,261301204.0,43402414.0,39159080.0,,6717635.0,7278600.0,,42005600.0,,3536600.0,,8504600.0,,5475200.0,,29868100.0,,35456000.0,,10199300.0,,7446100.0,,1520100.0,,11105800.0,,17036700.0,,261800.0,,12556700.0,,,,9914300.0,,30678900.0,,,,8200.0,,,,4119100.0,,,,,2998400.0,,,33838.0,1858900.0,3783.0,,,1496700.0,,,364506.0,3226300.0,,42437500.0,,,2181800.0,1270759,,,2227700.0,,13954200.0,,13381600.0,,,,17827000.0,,,,7210900.0,,9137900.0,,18493100.0,,,,3432900.0,,2468500.0,,2079200.0,1238194,3466000.0,,20309300.0,,2851400.0,0.0,1209500.0,,83300.0,,20.0,2486600.0,,,2994000.0,,26633000.0,,17450400.0,,2510800.0,70.0,,4071500.0,,565.0,38534700.0,,,,43967200.0,,10395900.0,,,3013000.0,,80185300.0,,,,29870900.0,,29207700.0,,9017100.0,,14228000.0,,13980900.0,,,3166400.0,,40500.0,,,,3190700.0,,3342800.0,,10306200.0,,,10209100.0,93865785,,10626600.0,,24503300.0,,47315700.0,,14479700.0,,802000.0,,,,,,2907500.0,,23992000.0,,252383.0,13805800.0,,6535500.0,286,182325600.0,,4941900.0,,258400.0,,5973600.0,,5.0,3761000.0,,,,626700.0,4581030.0,1.0,108357800.0,,,15459400.0,,7829500.0,,,,24167500.0,,5711400.0,37.0,46358500.0,,27297200.0,,,,,,69.0,,,,71258400.0,,7667300.0,2888043.0,,,3829700.0,571.0,,,106393400.0,,4156700.0,,99155700.0,,14659.0,,,,37586800.0,,8666060.0,,,,,,516200.0,,,2027300.0,,9841000.0,,70806000.0,,210521600.0,,16610000.0,,2134000.0,,6154700.0,,2738400.0,,22682200.0,,426200.0,,2121700.0,,1591000.0,,4674100.0,,6556500.0,3852,5891451.0,61.0,6077300.0,,10433200.0,,,,10158900.0,,20909400.0,,0.0,,,,5447400.0,549.0
2024-11-12,3920254.0,911213.0,37962881.0,223849.0,1708052.0,1358606.0,397600.0,9429911.0,27303282.0,45635240.0,185336411.0,54581620.0,60520914.0,,9147511.0,3771300.0,,40398300.0,,4125300.0,,4369800.0,,5478400.0,,33560300.0,,38942900.0,,6234700.0,,4307000.0,,1711000.0,,7179500.0,,15862000.0,,344400.0,,21641900.0,,,,5861900.0,,23886500.0,,,,2600.0,,,,4400500.0,,,,,2939600.0,,,38295.0,1737100.0,12882.0,,,1565300.0,,,286926.0,2132000.0,,24819600.0,,,1691400.0,645283,,,1931900.0,,7659700.0,,12734800.0,,,,16609400.0,,,,6667800.0,,9366200.0,,12019900.0,,,,4008000.0,,8155700.0,,5553600.0,1401088,4149400.0,,16472600.0,,2061500.0,0.0,1707200.0,,31600.0,,118.0,6123700.0,,,4385700.0,,18972700.0,,25134900.0,,2392900.0,54.0,,5647100.0,,542.0,15916200.0,,,,26059500.0,,8487500.0,,,2817800.0,,62539700.0,,,,18966300.0,,35314300.0,,6861000.0,,11113000.0,,15021000.0,,,5179800.0,,107900.0,,,,2124800.0,,3378600.0,,9672300.0,,,16287700.0,22482975,,8482400.0,,19401200.0,,39705800.0,,21859700.0,,816000.0,,,,,,2125500.0,,28141000.0,,245266.0,17059900.0,,6458500.0,3494,198634700.0,,5135400.0,,427700.0,,6629900.0,,5.0,3702800.0,,,,716200.0,4662735.0,1.0,59061300.0,,,10036900.0,,8483300.0,,,,25835300.0,,5247900.0,1370.0,32265800.0,,25153600.0,,,,,,5.0,,,,44022500.0,,6574000.0,2331161.0,,,5754800.0,780.0,,,61125000.0,,2713200.0,,75694800.0,,14164.0,,,,43006100.0,,7396920.0,,,,,,1767000.0,,,2213300.0,,15904000.0,,68286000.0,,155726000.0,,11819000.0,,1115100.0,,4990800.0,,3669070.0,,19439700.0,,616000.0,,4500.0,,2284800.0,,4616400.0,,6110700.0,867,11215071.0,792.0,4227100.0,,12860200.0,,,,9782700.0,,18500400.0,,0.0,,,,3943000.0,873.0
2024-11-13,3172827.0,778547.0,52527995.0,323743.0,1224589.0,715712.0,337930.0,10612090.0,28307185.0,44149382.0,145984202.0,67028063.0,36152267.0,,4477744.0,2816000.0,,48566200.0,,3470200.0,,3164100.0,,8634600.0,,35146600.0,,46212900.0,,4750300.0,,4945300.0,,2453700.0,,26559500.0,,17472500.0,,361600.0,,12874500.0,,,,6127200.0,,24749200.0,,,,1700.0,,,,2861700.0,,,,,2728000.0,,,43666.0,2001900.0,2628.0,,,1695500.0,,,386027.0,2033200.0,,27997400.0,,,1757600.0,584463,,,1935400.0,,6902900.0,,18982800.0,,,,36350600.0,,,,4701400.0,,17701300.0,,9168900.0,,,,4251500.0,,4318600.0,,2875200.0,1071216,4957400.0,,17677300.0,,1807200.0,0.0,1260000.0,,18300.0,,53.0,3054500.0,,,5383800.0,,18490300.0,,23184000.0,,1763100.0,153.0,,3083100.0,,645.0,21430900.0,,,,23203600.0,,10682400.0,,,3247800.0,,58202000.0,,,,30569000.0,,25947700.0,,11472600.0,,15052000.0,,13177600.0,,,6614200.0,,44800.0,,,,2024800.0,,3059300.0,,11618100.0,,,10757600.0,3804830,,9163000.0,,21502200.0,,46238500.0,,18416200.0,,1488000.0,,,,,,2088900.0,,27678000.0,,218400.0,17013400.0,,6568500.0,4145,191903300.0,,3157100.0,,297100.0,,5695400.0,,5.0,3929400.0,,,,1083200.0,5120896.0,1.0,85937400.0,,,9256600.0,,7921700.0,,,,24567400.0,,4567400.0,150.0,119810200.0,,121001300.0,,,,,,5.0,,,,55525500.0,,5537900.0,2507718.0,,,11352100.0,36.0,,,55166000.0,,2966800.0,,92269200.0,,14405.0,,,,47388600.0,,9273940.0,,,,,,1063000.0,,,1780900.0,,17144500.0,,74989000.0,,125405600.0,,13882200.0,,1074400.0,,7921800.0,,4057230.0,,15006000.0,,450000.0,,400.0,,1966320.0,,4046400.0,,4591000.0,1477,5995836.0,223.0,3361700.0,,12802600.0,,,,8092400.0,,23676200.0,,0.0,,,,2729000.0,6151.0
2024-11-14,6309368.0,817142.0,48510715.0,262599.0,2172828.0,679653.0,392933.0,10261930.0,34898922.0,44786701.0,155298014.0,39636138.0,33412299.0,,5696962.0,4176100.0,,44923900.0,,3098800.0,,2980500.0,,11747400.0,,31681400.0,,42620300.0,,7161900.0,,4069500.0,,3925300.0,,18254900.0,,20638900.0,,491800.0,,16946800.0,,,,4366100.0,,16020000.0,,,,800.0,,,,3777300.0,,,,,2417200.0,,,32367.0,1372500.0,396.0,,,1613300.0,,,232270.0,1631800.0,,17375300.0,,,1859900.0,578915,,,4080400.0,,7630600.0,,10328400.0,,,,33747700.0,,,,3510700.0,,47436100.0,,6573500.0,,,,4195400.0,,4324000.0,,2503600.0,1047821,4175800.0,,19530700.0,,2828900.0,0.0,1820300.0,,5700.0,,27.0,2449500.0,,,3506000.0,,16502000.0,,31007500.0,,1670500.0,0.0,,3348100.0,,451.0,62791600.0,,,,13023400.0,,9000700.0,,,6372900.0,,49252100.0,,,,17393800.0,,29272100.0,,10172200.0,,11699000.0,,15910800.0,,,3610400.0,,39900.0,,,,1736900.0,,3998800.0,,9993900.0,,,11053700.0,2543718,,7631900.0,,30246900.0,,26605700.0,,18459700.0,,578000.0,,,,,,2164500.0,,30382000.0,,209678.0,13241400.0,,5788500.0,410,194463300.0,,4467100.0,,204800.0,,7804300.0,,5.0,4857800.0,,,,815300.0,5575548.0,1.0,59968200.0,,,8468300.0,,7012600.0,,,,28679500.0,,2667700.0,300.0,80485000.0,,45509000.0,,,,,,38.0,,,,95152100.0,,4607600.0,2234749.0,,,4959600.0,223.0,,,46251400.0,,2083500.0,,68994200.0,,10824.0,,,,38904100.0,,8360580.0,,,,,,1237500.0,,,1502500.0,,12241500.0,,77651400.0,,120726100.0,,11453900.0,,1071500.0,,4783800.0,,3911890.0,,17372200.0,,390900.0,,1294700.0,,2048980.0,,4415800.0,,5020200.0,824,4804210.0,120.0,2905500.0,,15740700.0,,,,15029400.0,,18011000.0,,0.0,,,,2906200.0,391.0
2024-11-15,4330750.0,709396.0,46774485.0,349276.0,1153043.0,671264.0,270178.0,8507787.0,29061324.0,37701009.0,117132035.0,37995502.0,26486305.0,,12372454.0,3451000.0,,47923700.0,,4612400.0,,3969700.0,,16287500.0,,44217500.0,,86591100.0,,24367500.0,,7740300.0,,3063200.0,,17840000.0,,20836200.0,,424200.0,,31018300.0,,,,64722200.0,,13371400.0,,,,5100.0,,,,5817700.0,,,,,2893600.0,,,30126.0,2165500.0,1415.0,,,1611400.0,,,205235.0,4122100.0,,18020600.0,,,2269900.0,411749,,,3817600.0,,7093000.0,,13842000.0,,,,28173700.0,,,,5010100.0,,32048000.0,,11524600.0,,,,5167600.0,,5632200.0,,2379700.0,1029257,6802100.0,,15728900.0,,2385400.0,0.0,1684100.0,,5700.0,,20.0,2931300.0,,,3655700.0,,16451800.0,,32504600.0,,2007700.0,60.0,,3239500.0,,349.0,32409600.0,,,,17537500.0,,10918000.0,,,3986500.0,,55104900.0,,,,12962800.0,,37930000.0,,11518800.0,,17120000.0,,26284300.0,,,5232200.0,,27700.0,,,,1784500.0,,7334600.0,,14577400.0,,,17712900.0,3286257,,10001300.0,,28247600.0,,25842000.0,,18518300.0,,806000.0,,,,,,2010600.0,,36737000.0,,181092.0,18293400.0,,7492500.0,3648,250132900.0,,8076200.0,,497400.0,,8986300.0,,5.0,4408200.0,,,,799900.0,3518265.0,1.0,155280400.0,,,8083200.0,,9737000.0,,,,51461100.0,,4605100.0,71.0,79212600.0,,42280000.0,,,,,,2.0,,,,74025400.0,,9499700.0,1984506.0,,,5737700.0,102.0,,,48186500.0,,2958400.0,,113560200.0,,14574.0,,,,75988800.0,,10371340.0,,,,,,1458500.0,,,3091900.0,,15451400.0,,120601600.0,,114440300.0,,9834800.0,,1349600.0,,5970400.0,,3668120.0,,23980900.0,,932100.0,,200.0,,5231400.0,,5106300.0,,6155000.0,2833,4633014.0,34.0,3537400.0,,17370600.0,,,,30310200.0,,28080400.0,,0.0,,,,2234600.0,288.0
2024-11-16,,,,,,,,,,,,,,,,,,,,,,,,,,,,,,,,,,,,,,,,,,,,,,,,,,,,,,,,,,,,,,,,,,753.0,,,,,,,,,,,,,323143,,,,,,,,,,,,,,,,,,,,,,,,,,,,1321065,,,,,,0.0,,,,,,,,,,,,,,,,30.0,,,,,,,,,,,,,,,,,,,,,,,,,,,,,,,,,,,,,,,,,,,,,3229348,,,,,,,,,,,,,,,,,,,,,,,,0,,,,,,,,,,,,,,,4784891.0,,,,,,,,,,,,,,126.0,,,,,,,,,,,,,,,,2045405.0,,,,52.0,,,,,,,,,,,,,,,,,,,,,,,,,,,,,,,,,,,,,,,,,,,,,,,,,,,598,,8.0,,,,,,,,,,,0.0,,,,,228.0
2024-11-17,,,,,,,,,,,,,,,,,,,,,,,,,,,,,,,,,,,,,,,,,,,,,,,,,,,,,,,,,,,,,,,,,,429.0,,,,,,,,,,,,,954150,,,,,,,,,,,,,,,,,,,,,,,,,,,,922211,,,,,,0.0,,,,,,,,,,,,,,,,161.0,,,,,,,,,,,,,,,,,,,,,,,,,,,,,,,,,,,,,,,,,,,,,3936958,,,,,,,,,,,,,,,,,,,,,,,,469,,,,,,,,,,,,,,,3182628.0,,,,,,,,,,,,,,0.0,,,,,,,,,,,,,,,,2023707.0,,,,15.0,,,,,,,,,,,,,,,,,,,,,,,,,,,,,,,,,,,,,,,,,,,,,,,,,,,1249,,0.0,,,,,,,,,,,0.0,,,,,512.0
2024-11-18,3885644.0,1115993.0,48095234.0,353912.0,760104.0,526119.0,295260.0,5891926.0,20493537.0,33588942.0,162095850.0,40771630.0,28205598.0,,5745330.0,3337900.0,,44633700.0,,2259000.0,,6335900.0,,8324400.0,,38705400.0,,36409900.0,,5365200.0,,5706800.0,,2010600.0,,14509200.0,,17856900.0,,560000.0,,13482000.0,,,,38481800.0,,16977100.0,,,,9300.0,,,,3357100.0,,,,,2083100.0,,,30425.0,1626200.0,1115.0,,,1210700.0,,,110375.0,2061100.0,,25607400.0,,,1797300.0,593268,,,2068000.0,,4250400.0,,9537600.0,,,,23769300.0,,,,6501800.0,,14226200.0,,12760000.0,,,,2731000.0,,3377800.0,,1754900.0,1311710,3773100.0,,15746800.0,,2458800.0,0.0,2383700.0,,12500.0,,136.0,1815200.0,,,3590000.0,,8494900.0,,20135300.0,,1848900.0,151.0,,3394300.0,,371.0,23562200.0,,,,36877100.0,,12030800.0,,,3405900.0,,59589500.0,,,,12404400.0,,29368500.0,,9051400.0,,12233000.0,,16062100.0,,,3205800.0,,23100.0,,,,1340600.0,,9148100.0,,11514900.0,,,14327300.0,14554199,,7073200.0,,24727000.0,,32612800.0,,14236400.0,,590000.0,,,,,,1782300.0,,40812000.0,,188338.0,4723100.0,,8753500.0,3851,221205300.0,,8783700.0,,346200.0,,6289400.0,,5.0,4464600.0,,,,642200.0,2886315.0,1.0,136663100.0,,,10148100.0,,7814200.0,,,,27080800.0,,4314500.0,6.0,51529300.0,,29097900.0,,,,,,6.0,,,,178890800.0,,7696500.0,1933838.0,,,4583100.0,2230.0,,,47566500.0,,2877100.0,,70256700.0,,9433.0,,,,37001700.0,,6648440.0,,,,,,537700.0,,,2865000.0,,13071200.0,,77551200.0,,126085600.0,,10681500.0,,1254600.0,,7912100.0,,3027030.0,,45212500.0,,695000.0,,300.0,,2112880.0,,4585600.0,,7583700.0,27464,4801299.0,1.0,3262900.0,,25093800.0,,,,12508300.0,,23892600.0,,0.0,,,,4176100.0,1020.0
2024-11-19,4075013.0,540792.0,31539632.0,242358.0,964416.0,366082.0,266403.0,7100086.0,13879296.0,30170082.0,209931014.0,29837101.0,26059344.0,,4569180.0,2066000.0,,36211800.0,,1961700.0,,6027700.0,,8651100.0,,23131400.0,,31197900.0,,5599000.0,,4051600.0,,1640700.0,,7412500.0,,18003400.0,,719900.0,,19289000.0,,,,14486500.0,,19092200.0,,,,3100.0,,,,3656200.0,,,,,2625500.0,,,32668.0,1793200.0,225.0,,,1121800.0,,,89360.0,2923500.0,,13447900.0,,,1690500.0,466071,,,2205500.0,,5469900.0,,12678000.0,,,,17476200.0,,,,5767500.0,,12166800.0,,7812600.0,,,,3654600.0,,3933900.0,,1402900.0,968378,2152400.0,,10524100.0,,1561800.0,0.0,2154600.0,,5500.0,,87.0,2200600.0,,,4959300.0,,8698600.0,,23434900.0,,2217400.0,0.0,,3239400.0,,362.0,22845300.0,,,,27227500.0,,9248700.0,,,2860700.0,,61190900.0,,,,14893500.0,,26009400.0,,6792700.0,,14089000.0,,16254800.0,,,2068000.0,,46800.0,,,,1278100.0,,5832500.0,,7445900.0,,,9522400.0,3130213,,6784700.0,,18133500.0,,50954500.0,,14160300.0,,396000.0,,,,,,4774000.0,,38142000.0,,211932.0,72850200.0,,9151000.0,1858,227834900.0,,5778700.0,,376300.0,,8117000.0,,5.0,4756400.0,,,,528600.0,2198187.0,1.0,75557800.0,,,12442700.0,,6176800.0,,,,24523000.0,,6889200.0,,33654300.0,,28809600.0,,,,,,10.0,,,,235282900.0,,4505200.0,1953918.0,,,4844100.0,52.0,,,38330700.0,,2557400.0,,57030600.0,,7889.0,,,,49412000.0,,8651960.0,,,,,,376400.0,,,2031700.0,,8115400.0,,80088200.0,,88852500.0,,9390100.0,,1535800.0,,6716000.0,,3059480.0,,22289100.0,,602400.0,,0.0,,2855520.0,,4885500.0,,14850300.0,3293,3792512.0,82.0,3482300.0,,36340900.0,,,,12751900.0,,23796400.0,,5.0,,,,4138400.0,170.0
2024-11-20,3689296.0,572617.0,20864667.0,204525.0,693589.0,488805.0,420244.0,4688772.0,15005135.0,37957443.0,113721056.0,33693798.0,23492659.0,,4629469.0,6781300.0,,35169600.0,,1874900.0,,5830300.0,,6197300.0,,28843100.0,,32769000.0,,7107500.0,,3913500.0,,1677800.0,,9313000.0,,17196700.0,,164900.0,,15174500.0,,,,14335200.0,,15902600.0,,,,34600.0,,,,3019500.0,,,,,2828700.0,,,26041.0,1859600.0,177.0,,,1023800.0,,,235637.0,1594000.0,,22875200.0,,,1452100.0,485348,,,1980700.0,,3763500.0,,9999600.0,,,,15345000.0,,,,4814200.0,,9319300.0,,6420600.0,,,,3981000.0,,3348700.0,,1801300.0,853431,2468600.0,,15546300.0,,14461100.0,0.0,1645400.0,,14900.0,,27.0,2633600.0,,,4422200.0,,22089700.0,,18997100.0,,1528600.0,12.0,,4732200.0,,437.0,18420500.0,,,,36004100.0,,10338300.0,,,4562900.0,,50191500.0,,,,17312900.0,,24222700.0,,9015300.0,,11951000.0,,18904900.0,,,1601000.0,,33700.0,,,,1586800.0,,5158900.0,,8816900.0,,,9797300.0,1982102,,6532100.0,,19191700.0,,70212600.0,,10490600.0,,934000.0,,,,,,3861700.0,,40938000.0,,225693.0,31017900.0,,5709500.0,24720,309871700.0,,7520700.0,,231700.0,,4860200.0,,5.0,11057200.0,,,,480300.0,2092409.0,1.0,59182200.0,,,6076300.0,,14483000.0,,,,29565500.0,,5497900.0,,24955400.0,,17269700.0,,,,,,7.0,,,,105366500.0,,7585600.0,2082147.0,,,15555700.0,111.0,,,45618800.0,,6542900.0,,90911700.0,,11801.0,,,,50032600.0,,10737820.0,,,,,,498900.0,,,2315500.0,,8437600.0,,101260600.0,,66340700.0,,10624500.0,,1364500.0,,7344400.0,,3446930.0,,16656600.0,,621900.0,,0.0,,3030640.0,,6349900.0,,10605600.0,261,5063915.0,451.0,3330600.0,,18183200.0,,,,10534700.0,,17917600.0,,0.0,,,,2318000.0,585.0
2024-11-21,3821502.0,499737.0,19096850.0,197654.0,887174.0,386041.0,289613.0,7895737.0,12501718.0,118758750.0,102041844.0,32328505.0,14104129.0,,11840895.0,6408300.0,,42108300.0,,2002100.0,,9198900.0,,8917400.0,,29311400.0,,58800000.0,,8502500.0,,4127600.0,,2859000.0,,11425100.0,,24835300.0,,290900.0,,15869200.0,,,,9669000.0,,20992500.0,,,,11300.0,,,,4116800.0,,,,,4400600.0,,,35756.0,1833500.0,49606.0,,,1286100.0,,,283850.0,2794000.0,,25187400.0,,,2320500.0,494815,,,3090800.0,,8364200.0,,18215600.0,,,,16162400.0,,,,6619700.0,,10261000.0,,6107700.0,,,,3527700.0,,3260700.0,,1830600.0,974835,2262900.0,,20185900.0,,8881600.0,0.0,1573000.0,,12800.0,,33.0,2671800.0,,,4348000.0,,10587200.0,,59734400.0,,2281900.0,146.0,,3722200.0,,600.0,24054400.0,,,,27042400.0,,12939500.0,,,5236400.0,,58928400.0,,,,22627100.0,,28679400.0,,8783500.0,,13860000.0,,17292300.0,,,2323600.0,,26300.0,,,,3656400.0,,4143200.0,,14509000.0,,,11154700.0,1243536,,9535100.0,,20780200.0,,100444000.0,,18915200.0,,2968000.0,,,,,,3639800.0,,45113000.0,,192156.0,27974000.0,,5556500.0,937,400946600.0,,6185400.0,,1043500.0,,11394300.0,,1.0,14867600.0,,,,711100.0,2149035.0,1.0,56336700.0,,,7250100.0,,10685800.0,,,,34526700.0,,12275500.0,1644.0,35472300.0,,28114900.0,,,,,,30.0,,,,118032600.0,,8825400.0,1834028.0,,,55121600.0,171.0,,,60802800.0,,1707800.0,,106013200.0,,14530.0,,,,46750300.0,,12374960.0,,,,,,352700.0,,,2568500.0,,8259200.0,,109865600.0,,58011700.0,,18137300.0,,1168900.0,,8080300.0,,3598270.0,,25657700.0,,384900.0,,1200.0,,2378060.0,,5757100.0,,10137200.0,1631,5344259.0,304.0,3475600.0,,18729200.0,,,,11717000.0,,33541000.0,,0.0,,,,3962000.0,461.0
2024-11-22,3919973.0,419056.0,15281543.0,216218.0,759493.0,635766.0,273486.0,5007775.0,16949546.0,58535392.0,254978108.0,30118768.0,25731303.0,,16526197.0,4942200.0,,38168300.0,,2287200.0,,4755300.0,,4242600.0,,21784700.0,,31530800.0,,6876400.0,,3330300.0,,1275600.0,,6095400.0,,17332500.0,,295700.0,,24999200.0,,,,10584600.0,,14760000.0,,,,9600.0,,,,3885200.0,,,,,4504300.0,,,29569.0,1893000.0,2831.0,,,1419700.0,,,408207.0,1962600.0,,12187200.0,,,2078700.0,317941,,,2134000.0,,5649400.0,,13770000.0,,,,14952100.0,,,,7688600.0,,10098000.0,,7618400.0,,,,3104500.0,,7229300.0,,1080800.0,823589,2645600.0,,15135100.0,,60946900.0,0.0,2777000.0,,10200.0,,41.0,2714600.0,,,3253300.0,,7975700.0,,38604600.0,,1733700.0,0.0,,4932500.0,,514.0,17465100.0,,,,21650100.0,,8865800.0,,,5320700.0,,36784700.0,,,,15088000.0,,22693100.0,,7997300.0,,9818000.0,,19562200.0,,,1223000.0,,32500.0,,,,2309900.0,,4015500.0,,8666500.0,,,9164000.0,3710332,,7455200.0,,24814600.0,,55935000.0,,12063700.0,,702000.0,,,,,,4336900.0,,32140000.0,,95807.0,11900800.0,,7184500.0,1678,236406200.0,,6143300.0,,1709900.0,,6879400.0,,4.0,12644800.0,,,,509000.0,1609147.0,1.0,61381700.0,,,6786000.0,,5709300.0,,,,23826600.0,,18665500.0,13.0,30576400.0,,28378000.0,,,,,,5.0,,,,159607100.0,,4746300.0,1772149.0,,,20283900.0,128.0,,,50055400.0,,2068700.0,,52604100.0,,7734.0,,,,38226400.0,,6527800.0,,,,,,468800.0,,,1651600.0,,6997600.0,,79934800.0,,89140700.0,,8838900.0,,1081900.0,,7861300.0,,3239450.0,,14874100.0,,621000.0,,4100.0,,2241260.0,,5919200.0,,4944000.0,2877,6854331.0,91.0,4869000.0,,23990600.0,,,,9684700.0,,21555600.0,,0.0,,,,5636100.0,138.0
2024-11-23,,,,,,,,,,,,,,,,,,,,,,,,,,,,,,,,,,,,,,,,,,,,,,,,,,,,,,,,,,,,,,,,,,5007.0,,,,,,,,,,,,,257977,,,,,,,,,,,,,,,,,,,,,,,,,,,,1259948,,,,,,0.0,,,,,,,,,,,,,,,,10467.0,,,,,,,,,,,,,,,,,,,,,,,,,,,,,,,,,,,,,,,,,,,,,4502149,,,,,,,,,,,,,,,,,,,,,,,,448,,,,,,,,,,,,,,,2194202.0,,,,,,,,,,,,,,52.0,,,,,,,,,,,,,,,,2027669.0,,,,25.0,,,,,,,,,,,,,,,,,,,,,,,,,,,,,,,,,,,,,,,,,,,,,,,,,,,738,,11.0,,,,,,,,,,,0.0,,,,,1288.0
2024-11-24,,,,,,,,,,,,,,,,,,,,,,,,,,,,,,,,,,,,,,,,,,,,,,,,,,,,,,,,,,,,,,,,,,8244.0,,,,,,,,,,,,,428870,,,,,,,,,,,,,,,,,,,,,,,,,,,,1318265,,,,,,0.0,,,,,,,,,,,,,,,,804.0,,,,,,,,,,,,,,,,,,,,,,,,,,,,,,,,,,,,,,,,,,,,,6939444,,,,,,,,,,,,,,,,,,,,,,,,337,,,,,,,,,,,,,,,1929789.0,,,,,,,,,,,,,,50.0,,,,,,,,,,,,,,,,1878720.0,,,,467.0,,,,,,,,,,,,,,,,,,,,,,,,,,,,,,,,,,,,,,,,,,,,,,,,,,,4279,,831.0,,,,,,,,,,,0.0,,,,,1253.0
2024-11-25,4393882.0,726301.0,36237325.0,593922.0,2335917.0,498558.0,677582.0,6798558.0,27888308.0,71755358.0,188253473.0,43013653.0,54935851.0,,13806476.0,3574900.0,,90152800.0,,3320000.0,,7764600.0,,8926500.0,,30923100.0,,40685700.0,,8052300.0,,4745700.0,,1511300.0,,10795300.0,,26850600.0,,349900.0,,15120100.0,,,,11093200.0,,12801800.0,,,,3500.0,,,,5246600.0,,,,,6691800.0,,,29335.0,4398000.0,644.0,,,1728600.0,,,380922.0,3353300.0,,14645900.0,,,3240900.0,249859,,,3023200.0,,7117200.0,,20091200.0,,,,52408200.0,,,,12208200.0,,10397800.0,,9387300.0,,,,7571700.0,,4668600.0,,2632400.0,779317,2555700.0,,14315500.0,,7321300.0,0.0,3608000.0,,12800.0,,94.0,6212400.0,,,8667000.0,,13090400.0,,33135300.0,,2940800.0,10.0,,4544200.0,,335.0,49446700.0,,,,29944600.0,,21880100.0,,,7189300.0,,91128400.0,,,,16393600.0,,33534000.0,,10295400.0,,19130000.0,,36805300.0,,,1726600.0,,23000.0,,,,3294600.0,,5690500.0,,16714200.0,,,13599800.0,6477835,,9986300.0,,27691100.0,,40180400.0,,22837900.0,,926000.0,,,,,,6115800.0,,60142000.0,,108485.0,20586600.0,,9651000.0,2793,344941900.0,,4294600.0,,1997700.0,,15138500.0,,4.0,8691800.0,,,,1100200.0,2083403.0,1.0,80640500.0,,,12998300.0,,9189800.0,,,,26375200.0,,8403900.0,123.0,90465300.0,,40883200.0,,,,,,12.0,,,,170113700.0,,4562700.0,1994181.0,,,15276700.0,233.0,,,49778700.0,,3326400.0,,70536000.0,,9338.0,,,,42441400.0,,6506840.0,,,,,,1167200.0,,,2118100.0,,12330800.0,,91515800.0,,95890900.0,,14380000.0,,2501800.0,,9274400.0,,4568970.0,,17446600.0,,581200.0,,500.0,,2340200.0,,14189300.0,,10649700.0,457,11667537.0,58.0,3730900.0,,25078600.0,,,,13456000.0,,32950600.0,,0.0,,,,17383600.0,1018.0
2024-11-26,1996128.0,721544.0,23209405.0,454526.0,995917.0,553335.0,224277.0,5023904.0,16940574.0,31561276.0,175996227.0,31049679.0,25797668.0,,9552629.0,2906600.0,,45986200.0,,2415700.0,,4343900.0,,6517100.0,,32092400.0,,41673700.0,,4442200.0,,2605000.0,,1424100.0,,8295100.0,,16308800.0,,293600.0,,10241500.0,,,,8654100.0,,11759800.0,,,,13000.0,,,,3332000.0,,,,,3205500.0,,,17616.0,1796600.0,3784.0,,,1086300.0,,,292138.0,2610100.0,,13215700.0,,,1438000.0,288340,,,2883000.0,,4492800.0,,27805200.0,,,,14209700.0,,,,12796200.0,,6808100.0,,5694100.0,,,,3192600.0,,5239100.0,,1410700.0,771614,2757500.0,,17932800.0,,5705300.0,0.0,9581100.0,,15100.0,,177858.0,2007900.0,,,3926700.0,,24657300.0,,20486700.0,,2846500.0,395.0,,2758600.0,,37274.0,19613600.0,,,,16612100.0,,8299400.0,,,4449500.0,,69613600.0,,,,17683600.0,,22581400.0,,6212100.0,,9232000.0,,14473300.0,,,1081800.0,,5000.0,,,,1144400.0,,6622600.0,,7385200.0,,,10356600.0,30223452,,9016200.0,,23458900.0,,47891000.0,,19275700.0,,3456000.0,,,,,,2444200.0,,31383000.0,,222049.0,14044900.0,,3722000.0,1777,190287700.0,,6761400.0,,782300.0,,6427200.0,,3690.0,5721200.0,,,,1255000.0,1704591.0,65.0,46923600.0,,,5610400.0,,9489900.0,,,,26557100.0,,7697100.0,0.0,81743600.0,,41464100.0,,,,,,55215.0,,,,95313000.0,,4996500.0,1989568.0,,,7669600.0,1405.0,,,38184400.0,,1783100.0,,73204200.0,,8443.0,,,,45621300.0,,4983380.0,,,,,,498300.0,,,1768300.0,,6492200.0,,69747200.0,,62295900.0,,10186600.0,,1788200.0,,5260500.0,,3450060.0,,13704900.0,,324700.0,,5900.0,,1777740.0,,7071500.0,,7680900.0,675,14193276.0,1326.0,2685000.0,,16657000.0,,,,8258500.0,,24932800.0,,0.0,,,,12886600.0,539.0
2024-11-27,4756820.0,1094533.0,21808387.0,314975.0,2305266.0,926127.0,391819.0,5547080.0,16685594.0,28594343.0,161187829.0,24617643.0,41736756.0,,8295955.0,2928300.0,,33498400.0,,2324200.0,,5221900.0,,4348700.0,,30175300.0,,28061600.0,,4854000.0,,5498100.0,,1231800.0,,6972000.0,,19722700.0,,294900.0,,13607600.0,,,,12066200.0,,11259500.0,,,,4300.0,,,,5359300.0,,,,,2361300.0,,,10246.0,1371900.0,1208.0,,,945800.0,,,227215.0,2506300.0,,13290800.0,,,1499500.0,321602,,,2770400.0,,7471500.0,,43230800.0,,,,12703300.0,,,,38089700.0,,8142400.0,,6484700.0,,,,2818600.0,,4889800.0,,2096200.0,727570,1708100.0,,40329900.0,,4447000.0,0.0,6605300.0,,6300.0,,61653.0,2318200.0,,,2362600.0,,12895100.0,,19266500.0,,1424500.0,152.0,,2293500.0,,11425.0,24738800.0,,,,15118500.0,,16174000.0,,,2995100.0,,53992300.0,,,,44547500.0,,19472800.0,,5472300.0,,9426000.0,,13263400.0,,,1575600.0,,28600.0,,,,1478000.0,,2714700.0,,7846700.0,,,7200200.0,31812242,,8787900.0,,18332400.0,,34921200.0,,17046400.0,,1088000.0,,,,,,2595100.0,,25782000.0,,214291.0,12907600.0,,4884500.0,1974,226370900.0,,3990600.0,,652700.0,,8368800.0,,1146.0,9251800.0,,,,696200.0,1265862.0,53.0,53839900.0,,,5477900.0,,6337900.0,,,,24957400.0,,5531000.0,69.0,49064100.0,,26623100.0,,,,,,19729.0,,,,63261300.0,,6911600.0,2812099.0,,,6980300.0,33.0,,,48218600.0,,2494200.0,,84235700.0,,11247.0,,,,34000200.0,,5682100.0,,,,,,926100.0,,,1370600.0,,8516500.0,,78463600.0,,57896400.0,,9895200.0,,1235800.0,,4732200.0,,3265970.0,,12967800.0,,231400.0,,800.0,,1794220.0,,5204300.0,,7384600.0,553,13606394.0,2883.0,2519100.0,,14358900.0,,,,7695300.0,,15595600.0,,0.0,,,,5212300.0,304.0
2024-11-28,5691298.0,593477.0,20001134.0,176515.0,1341153.0,354820.0,234710.0,3664913.0,13067643.0,25605195.0,100416130.0,25241152.0,24252235.0,,6081934.0,,,,,,,,,,,,,,,,,,,,,,,,,,,,,,,,,,,,,,,,,,,,,,,,,,,2727.0,,,,,,,,,,,,,289224,,,,,,,,,,,,,,,,,,,,,,,,,,,,884391,,,,,,0.0,,,,,,,,,,,,,,,,6.0,,,,,,,,,,,,,,,,,,,,,,,,,,,,,,,,,,,,,,,,,,,,,4359753,,,,,,,,,,,,,,,,,,,,,,,,262,,,,,,,,,,,,,,,1261861.0,,,,,,,,,,,,,,119.0,,,,,,,,,,,,,,,,1972219.0,,,,152.0,,,,,,,,,,,,,,,,,,,,,,,,,,,,,,,,,,,,,,,,,,,,,,,,,,,667,,481.0,,,,,,,,,,,0.0,,,,,418.0
2024-11-29,4682788.0,576357.0,24513531.0,561137.0,1243799.0,628667.0,538059.0,9016177.0,15626995.0,26149598.0,116296536.0,28490544.0,40356999.0,,6356678.0,3853500.0,,28481400.0,,1450200.0,,1915800.0,,5944400.0,,16085700.0,,24892400.0,,2715200.0,,2491300.0,,1706500.0,,4272800.0,,11024000.0,,202300.0,,7553500.0,,,,3830500.0,,10483700.0,,,,17600.0,,,,2969700.0,,,,,1460400.0,,,45282.0,1962100.0,4231.0,,,667600.0,,,291408.0,1121000.0,,9550200.0,,,1095900.0,227075,,,2906000.0,,3517600.0,,9702000.0,,,,11618400.0,,,,9534500.0,,5095200.0,,3610700.0,,,,3266400.0,,4501900.0,,1401300.0,745342,4213500.0,,47931600.0,,1577000.0,0.0,1801900.0,,11200.0,,3861.0,883700.0,,,2409800.0,,10473700.0,,14257200.0,,1170200.0,319.0,,2028700.0,,1274.0,10258600.0,,,,13399500.0,,7085600.0,,,2640300.0,,36616800.0,,,,19269900.0,,16782700.0,,5494800.0,,9257000.0,,10648400.0,,,2040600.0,,86100.0,,,,975200.0,,2206900.0,,10736500.0,,,7130500.0,19419229,,7131600.0,,16271900.0,,21987600.0,,13729400.0,,800000.0,,,,,,2856200.0,,20272000.0,,163060.0,4568300.0,,2915500.0,1037,141863200.0,,2775100.0,,16927200.0,,4628000.0,,45.0,2086600.0,,,,337600.0,1432640.0,0.0,30104000.0,,,4469700.0,,6112000.0,,,,15334000.0,,2105900.0,0.0,26168000.0,,19870500.0,,,,,,2230.0,,,,60119900.0,,5607400.0,2089527.0,,,4429200.0,161.0,,,31524900.0,,1247900.0,,54303400.0,,8326.0,,,,30177400.0,,3421780.0,,,,,,523900.0,,,1437400.0,,5684700.0,,40865800.0,,37167600.0,,8045300.0,,679600.0,,3167400.0,,1748290.0,,7348700.0,,211100.0,,0.0,,1329040.0,,3853300.0,,3018300.0,1741,3646585.0,55.0,2537900.0,,11041200.0,,,,4062400.0,,13636400.0,,0.0,,,,3233900.0,154.0
2024-11-30,,,,,,,,,,,,,,,,,,,,,,,,,,,,,,,,,,,,,,,,,,,,,,,,,,,,,,,,,,,,,,,,,,8892.0,,,,,,,,,,,,,208400,,,,,,,,,,,,,,,,,,,,,,,,,,,,925147,,,,,,0.0,,,,,,,,,,,,,,,,437.0,,,,,,,,,,,,,,,,,,,,,,,,,,,,,,,,,,,,,,,,,,,,,4462207,,,,,,,,,,,,,,,,,,,,,,,,667,,,,,,,,,,,,,,,1433515.0,,,,,,,,,,,,,,69.0,,,,,,,,,,,,,,,,4790443.0,,,,143.0,,,,,,,,,,,,,,,,,,,,,,,,,,,,,,,,,,,,,,,,,,,,,,,,,,,3201,,397.0,,,,,,,,,,,0.0,,,,,475.0
2024-12-01,,,,,,,,,,,,,,,,,,,,,,,,,,,,,,,,,,,,,,,,,,,,,,,,,,,,,,,,,,,,,,,,,,17788.0,,,,,,,,,,,,,266630,,,,,,,,,,,,,,,,,,,,,,,,,,,,846631,,,,,,0.0,,,,,,,,,,,,,,,,1792.0,,,,,,,,,,,,,,,,,,,,,,,,,,,,,,,,,,,,,,,,,,,,,4411648,,,,,4876.0,,,,,,,,,,,,,,,,,,,3092,,,,,,,,,,,,,,,1972254.0,,,,,,,,,,,,,,0.0,,,,,,,,,,,,,,,,2784703.0,,,,128.0,,,,,,,,,,,,,,,,,,,,,,,,,,,,,,,,,,,,,,,,,,,,,,,,,,,745,,2267.0,,,,,,,,,,,0.0,,,,,475.0
2024-12-02,3558868.0,520654.0,22044867.0,295509.0,1220401.0,488292.0,556888.0,7351735.0,13334410.0,21154175.0,130374633.0,34766323.0,66398327.0,,7345798.0,4014200.0,,48137100.0,,2006900.0,,3198000.0,,9100600.0,,33102400.0,,39523200.0,,3805700.0,,5504000.0,,2325900.0,,7411200.0,,21472400.0,,327200.0,,16537200.0,,,,6863600.0,,12870900.0,,,,8900.0,,,,5031500.0,,,,,2712700.0,,,31283.0,1548500.0,1726.0,,,1245100.0,,,264883.0,1844000.0,,11221100.0,,,1955800.0,256256,,,6631700.0,,6063400.0,,21861200.0,,,,15977400.0,,,,13328000.0,,8390500.0,,6108800.0,,,,4655700.0,,5485100.0,,3928200.0,1197315,5716600.0,,26922900.0,,3088300.0,0.0,2422600.0,,12900.0,,695.0,2328000.0,,,4779700.0,,13576600.0,,23789100.0,,1804100.0,120.0,,2617100.0,,1564.0,15623300.0,,,,16071000.0,,12697300.0,,,2655900.0,,150497900.0,,,,16802600.0,,25274800.0,,8899700.0,,13802000.0,,16500100.0,,,3095400.0,,24500.0,,,,1007000.0,,2895600.0,,20059300.0,,,12522400.0,5328983,,17482000.0,,20207200.0,19184.0,23404300.0,,16525600.0,,1078000.0,,,,,,17142200.0,,23890000.0,,208653.0,9477800.0,,5283000.0,877,171682800.0,,4948300.0,,19789200.0,,8859700.0,,16.0,4649200.0,,,,808000.0,1731464.0,0.0,46405000.0,,,7273500.0,,9812700.0,,,,25147200.0,,3263200.0,477.0,40288500.0,,41206900.0,,,,,,158.0,,,,263221600.0,,8070300.0,3091640.0,,,5832100.0,104.0,,,52367900.0,,3337900.0,,89389800.0,,15064.0,,,,31746000.0,,6202120.0,,,,,,913000.0,,,2785600.0,,10137000.0,,73638200.0,,77986500.0,,16646900.0,,1257300.0,,6373900.0,,3347270.0,,11574600.0,,468000.0,,1200.0,,1343980.0,,5597500.0,,5331900.0,427,7134410.0,405.0,3318300.0,,17173000.0,,,,13563200.0,,22190000.0,,0.0,,,,2943900.0,1498.0
2024-12-03,4180365.0,624929.0,23374603.0,430199.0,1101247.0,546403.0,354051.0,5701518.0,18362569.0,30972770.0,169130914.0,19942208.0,41771143.0,,6234556.0,3244500.0,,38861000.0,,2119300.0,,8309000.0,,5939900.0,,22665300.0,,32214800.0,,7364800.0,,3954600.0,,1647200.0,,5818600.0,,17024400.0,,1667000.0,,13660700.0,,,,7944700.0,,6279500.0,,,,177000.0,,,,4931600.0,,,,,2643800.0,,,40365.0,1716200.0,2776.0,,,1242800.0,,,303752.0,1750800.0,,10069300.0,,,1653900.0,271720,,,16634600.0,,12632400.0,,14327600.0,,,,11746000.0,,,,6989900.0,,9194000.0,,4666900.0,,,,2982600.0,,9106200.0,,2548900.0,1294577,43627300.0,,16169200.0,,3859500.0,0.0,1947500.0,,8800.0,,1062.0,2103800.0,,,2934600.0,,6009900.0,,22248700.0,,1718100.0,860.0,,2714000.0,,1863.0,13983300.0,,,,17947600.0,,9325900.0,,,3163800.0,,138160500.0,,,,15380400.0,,21376700.0,,6657700.0,,13765000.0,,24874500.0,,,107838800.0,,7700.0,,,,1421500.0,,2782100.0,,9884600.0,,,14907200.0,9551589,,25015400.0,,18302000.0,5001.0,22817500.0,,23479700.0,,1728000.0,,,,,,22322100.0,,24016000.0,,184347.0,10022000.0,,6421000.0,529,164414000.0,,4828700.0,,4262100.0,,8917100.0,,9.0,5162400.0,,,,1064900.0,2135986.0,0.0,100751400.0,,,8189800.0,,6961400.0,,,,18597900.0,,5966700.0,199.0,22966500.0,,30532400.0,,,,,,211.0,,,,204353000.0,,3227300.0,2726709.0,,,5301500.0,900.0,,,43795800.0,,3364500.0,,59730300.0,,8721.0,,,,26906600.0,,4946540.0,,,,,,735200.0,,,2669500.0,,6954900.0,,84810800.0,,58267200.0,,11217700.0,,926700.0,,4743400.0,,2456660.0,,12760500.0,,290900.0,,25600.0,,1733780.0,,5009900.0,,7607800.0,337,7114697.0,329.0,3227000.0,,17775200.0,,,,6550000.0,,17886600.0,,0.0,,,,2303200.0,1023.0
2024-12-04,5701792.0,919137.0,29004766.0,388496.0,1758995.0,482689.0,544557.0,11354760.0,14053234.0,42593097.0,112163595.0,18563323.0,32453687.0,,6962018.0,4414000.0,,44383900.0,,3307000.0,,4687300.0,,5819800.0,,25942700.0,,48745700.0,,5787200.0,,2959800.0,,1529800.0,,5424900.0,,32748200.0,,623100.0,,13613700.0,,,,6546700.0,,9010900.0,,,,35100.0,,,,3941100.0,,,,,2658200.0,,,36988.0,1193800.0,2919.0,,,1758700.0,,,325636.0,2942300.0,,15798000.0,,,1784700.0,367399,,,7857300.0,,24733100.0,,20255600.0,,,,16872100.0,,,,6264500.0,,7996200.0,,10968600.0,,,,3406900.0,,6875200.0,,2611400.0,1377522,6900900.0,,16085000.0,,4675700.0,9.0,5737300.0,,24300.0,,249.0,2424000.0,,,2561200.0,,6387500.0,,31615100.0,,1617300.0,375.0,,1968800.0,,1579.0,14816300.0,,,,35447100.0,,11767000.0,,,4104200.0,,104649000.0,,,,38666400.0,,19903000.0,,7346300.0,,14592000.0,,28137700.0,,,12533800.0,,18100.0,,,,3231500.0,,3871100.0,,9380400.0,,,14697000.0,9832262,,59995900.0,,26009400.0,2595.0,29862200.0,,16306200.0,,1650000.0,,,,,,24007700.0,,26896000.0,,171700.0,16418000.0,,10315000.0,406,231224300.0,,4485600.0,,1565000.0,,8906300.0,,101.0,5430600.0,,,,698500.0,1945653.0,0.0,86284800.0,,,15536000.0,,6721600.0,,,,26086200.0,,6568500.0,0.0,26924900.0,,23047100.0,,,,,,504.0,,,,96994400.0,,5457400.0,2698498.0,,,13585600.0,2213.0,,,40638300.0,,4284800.0,,67498800.0,,9245.0,,,,42787600.0,,7749340.0,,,,,,412900.0,,,2628600.0,,7490100.0,,69992600.0,,50810900.0,,12761100.0,,1431300.0,,7172600.0,,3543070.0,,17263100.0,,248000.0,,1900.0,,1639900.0,,5981800.0,,5222800.0,2275,5517042.0,1044.0,2846800.0,,17312600.0,,,,7246400.0,,32518000.0,,0.0,,,,3143700.0,1477.0
2024-12-05,4671438.0,604002.0,23588277.0,468211.0,1438398.0,656367.0,397776.0,8795714.0,13314801.0,22707576.0,106667106.0,31761107.0,46562493.0,,6571672.0,8724000.0,,40033900.0,,2629100.0,,2803900.0,,8663800.0,,29576900.0,,41140200.0,,6384100.0,,4769900.0,,1801100.0,,7268600.0,,18490000.0,,260700.0,,12979600.0,,,,5943600.0,,17151700.0,,,,16400.0,,,,3320200.0,,,,,2264000.0,,,32373.0,1291400.0,6860.0,,,1634800.0,,,286701.0,2127300.0,,19769900.0,,,2089400.0,224397,,,5725500.0,,10942100.0,,12764800.0,,,,19121700.0,,,,8115800.0,,9823600.0,,6094700.0,,,,2373500.0,,2903900.0,,1555300.0,1507350,3655200.0,,18387100.0,,3986700.0,0.0,2075900.0,,9900.0,,573.0,2099500.0,,,4480800.0,,40704900.0,,21356200.0,,1672800.0,957.0,,2523500.0,,713.0,14224400.0,,,,50453500.0,,26020400.0,,,4791100.0,,167993500.0,,,,26996200.0,,20227000.0,,6572500.0,,10282000.0,,21040400.0,,,6938000.0,,37800.0,,,,1608900.0,,2423400.0,,12921600.0,,,8081200.0,5202230,,23963500.0,,21697800.0,5869.0,46189800.0,,13448900.0,,1516000.0,,,,,,10374700.0,,28353000.0,,183885.0,20604800.0,,5377500.0,27279,172621200.0,,3914400.0,,2165500.0,,6398100.0,,1.0,3390000.0,,,,1316100.0,2080505.0,0.0,66585800.0,,,9025600.0,,7279800.0,,,,18169600.0,,4500200.0,,44397900.0,,19910400.0,,,,,,211.0,,,,71100400.0,,3872100.0,2345503.0,,,6668300.0,131.0,,,50857000.0,,3637600.0,,59282100.0,,8815.0,,,,28762200.0,,6549420.0,,,,,,787800.0,,,1924100.0,,5647300.0,,54020400.0,,81403600.0,,12483700.0,,1976700.0,,6049100.0,,3466540.0,,77320400.0,,254900.0,,12000.0,,1541900.0,,5200100.0,,11214600.0,664,4122600.0,1073.0,3782200.0,,21932300.0,,,,8467600.0,,22662400.0,,0.0,,,,2173400.0,1446.0
2024-12-06,4434259.0,778285.0,22861874.0,670528.0,1336764.0,506307.0,455580.0,12257740.0,27711445.0,66966648.0,189456485.0,20295620.0,63874792.0,,7128381.0,6082500.0,,36870600.0,,2964100.0,,4065800.0,,6058500.0,,33576800.0,,44178100.0,,9922600.0,,3394700.0,,1215400.0,,13138200.0,,27830800.0,,285500.0,,11751500.0,,,,6877000.0,,10001600.0,,,,3300.0,,,,3270900.0,,,,,2361100.0,,,27572.0,1331000.0,9705.0,,,1282600.0,,,341593.0,2286600.0,,16759200.0,,,1737300.0,196880,,,4595400.0,,5738900.0,,12952400.0,,,,14622700.0,,,,10464400.0,,6677900.0,,11350500.0,,,,2871300.0,,2825400.0,,1442600.0,994793,5103600.0,,22627900.0,,2689100.0,0.0,1667100.0,,11900.0,,571.0,1622800.0,,,3277800.0,,15161400.0,,21462400.0,,1405700.0,974.0,,3161400.0,,514.0,13460700.0,,,,37242700.0,,37723200.0,,,4028400.0,,78539100.0,,,,21809300.0,,20760900.0,,5519700.0,,8624000.0,,15581100.0,,,6757600.0,,22200.0,,,,1483200.0,,3047100.0,,8330000.0,,,16935500.0,4440850,,13782500.0,,18821000.0,11969.0,26206200.0,,12381000.0,,784000.0,,,,,,14708300.0,,29554000.0,,188687.0,10751000.0,,4522000.0,307,188505600.0,,6045700.0,,2617300.0,,10503400.0,,0.0,3959200.0,,,,609300.0,1799651.0,2.0,93640900.0,,,6955500.0,,9918400.0,,,,23762600.0,,7910700.0,176.0,46944500.0,,19915400.0,,,,,,35.0,,,,108671300.0,,3885300.0,2486077.0,,,4988300.0,30863.0,,,57220500.0,,1973000.0,,49152300.0,,7595.0,,,,31241500.0,,7673900.0,,,,,,738800.0,,,3466800.0,,5613700.0,,62740600.0,,81455800.0,,9672900.0,,1500800.0,,5140700.0,,3063930.0,,36413200.0,,200900.0,,27000.0,,1471880.0,,4302700.0,,4552300.0,824,4975009.0,244.0,3326600.0,,18803500.0,,,,6493000.0,,26206600.0,,0.0,,,,3359200.0,330.0
2024-12-07,,,,,,,,,,,,,,,,,,,,,,,,,,,,,,,,,,,,,,,,,,,,,,,,,,,,,,,,,,,,,,,,,,1707.0,,,,,,,,,,,,,306003,,,,,,,,,,,,,,,,,,,,,,,,,,,,823018,,,,,,0.0,,,,,,,,,,,,,,,,400.0,,,,,,,,,,,,,,,,,,,,,,,,,,,,,,,,,,,,,,,,,,,,,5317432,,,,,38944.0,,,,,,,,,,,,,,,,,,,49,,,,,,,,,,,,,,,4313199.0,,,,,,,,,,,,,,91.0,,,,,,,,,,,,,,,,2110981.0,,,,11968.0,,,,,,,,,,,,,,,,,,,,,,,,,,,,,,,,,,,,,,,,,,,,,,,,,,,1827,,487.0,,,,,,,,,,,0.0,,,,,114.0
2024-12-08,,,,,,,,,,,,,,,,,,,,,,,,,,,,,,,,,,,,,,,,,,,,,,,,,,,,,,,,,,,,,,,,,,17517.0,,,,,,,,,,,,,305021,,,,,,,,,,,,,,,,,,,,,,,,,,,,1103723,,,,,,0.0,,,,,,,,,,,,,,,,16347.0,,,,,,,,,,,,,,,,,,,,,,,,,,,,,,,,,,,,,,,,,,,,,4505364,,,,,18683.0,,,,,,,,,,,,,,,,,,,1624,,,,,,,,,,,,,,,3666651.0,,,,,,,,,,,,,,90.0,,,,,,,,,,,,,,,,2466910.0,,,,9897.0,,,,,,,,,,,,,,,,,,,,,,,,,,,,,,,,,,,,,,,,,,,,,,,,,,,849,,147.0,,,,,,,,,,,0.0,,,,,104.0
2024-12-09,5305672.0,774548.0,26227680.0,405189.0,1206493.0,484832.0,567362.0,10662480.0,22461949.0,87807322.0,223798144.0,37629052.0,58871653.0,,5911980.0,3660800.0,,44649200.0,,3588700.0,,4008600.0,,7647100.0,,57055600.0,,46819400.0,,16231100.0,,3491700.0,,1267500.0,,17469400.0,,20886300.0,,504000.0,,32767300.0,,,,7017600.0,,10072000.0,,,,7900.0,,,,3748200.0,,,,,3376600.0,,,25921.0,1739800.0,3897.0,,,2523700.0,,,297085.0,2948600.0,,16974800.0,,,1855500.0,197681,,,5667800.0,,6475000.0,,11410400.0,,,,16517500.0,,,,8318600.0,,8666100.0,,8211300.0,,,,5440300.0,,2658500.0,,1382300.0,1191926,7313100.0,,13633900.0,,2216700.0,0.0,2948500.0,,39500.0,,935.0,3045900.0,,,4320800.0,,11495400.0,,25389600.0,,1633200.0,999.0,,3426000.0,,867.0,10909200.0,,,,26493400.0,,22240200.0,,,4970400.0,,68818200.0,,,,16356900.0,,16684300.0,,7076500.0,,10933000.0,,22348300.0,,,17313000.0,,437400.0,,,,1145900.0,,3176000.0,,10742200.0,,,11426000.0,5506874,,17640800.0,,19144400.0,69622.0,22606100.0,,14141900.0,,2356000.0,,,,,,16659000.0,,33501000.0,,258430.0,19756000.0,,6117000.0,443,189308600.0,,4908900.0,,984200.0,,20158000.0,,5.0,5073400.0,,,,992400.0,3587299.0,0.0,168134800.0,,,10714200.0,,9481200.0,,,,20674400.0,,16640800.0,91.0,77982900.0,,27871000.0,,,,,,642.0,,,,98777300.0,,4532600.0,2836536.0,,,6336100.0,990.0,,,59642800.0,,4085300.0,,54963000.0,,9300.0,,,,34742700.0,,6830660.0,,,,,,415400.0,,,2828800.0,,5366000.0,,69577600.0,,96359200.0,,9699700.0,,1420500.0,,3880300.0,,2978530.0,,27602900.0,,549600.0,,75900.0,,2580660.0,,5785300.0,,8959200.0,6109,4133846.0,406.0,3860700.0,,20931100.0,,,,6341100.0,,23627800.0,,4.0,,,,3518600.0,1073.0
2024-12-10,3159112.0,619392.0,20783970.0,715825.0,905766.0,455329.0,965339.0,5652081.0,30282843.0,73358238.0,193229427.0,45022510.0,70828812.0,,6786679.0,5844900.0,,36914800.0,,2762900.0,,4102700.0,,8230900.0,,38907200.0,,31199900.0,,9028300.0,,2826200.0,,1214700.0,,6768400.0,,27762600.0,,311800.0,,13859200.0,,,,15036800.0,,7720500.0,,,,12500.0,,,,3648500.0,,,,,3786600.0,,,32220.0,2251000.0,0.0,,,2595700.0,,,286003.0,2676400.0,,11930600.0,,,1556800.0,203640,,,3922100.0,,6033000.0,,9677200.0,,,,14480200.0,,,,12659500.0,,7526400.0,,5668400.0,,,,5171400.0,,2204400.0,,3861800.0,726675,3085900.0,,17605100.0,,3177200.0,0.0,11611400.0,,13900.0,,437.0,3473500.0,,,4893000.0,,18209400.0,,54813000.0,,2600800.0,424.0,,3354900.0,,1242.0,14460600.0,,,,27808800.0,,20630800.0,,,4769500.0,,90004800.0,,,,17655100.0,,19946500.0,,9108300.0,,9148000.0,,14949400.0,,,8457400.0,,39500.0,,,,1571600.0,,2695200.0,,10620100.0,,,10938900.0,3585136,,13901600.0,,18469500.0,112808.0,20139900.0,,23548500.0,,7596000.0,,,,,,9979100.0,,23886000.0,,233880.0,14129400.0,,7996000.0,35406,210020900.0,,4621700.0,,3730600.0,,26502000.0,,5.0,3492200.0,,,,969300.0,2818931.0,0.0,89672500.0,,,6697500.0,,8683600.0,,,,24350000.0,,10972800.0,,36388500.0,,12573000.0,,,,,,689.0,,,,83380600.0,,6402400.0,2098059.0,,,8609600.0,2632.0,,,49585500.0,,5038500.0,,77681700.0,,9945.0,,,,37234500.0,,6085380.0,,,,,,447100.0,,,2358700.0,,4632900.0,,71541600.0,,97563600.0,,15307900.0,,1153900.0,,6064200.0,,3266060.0,,23672900.0,,597800.0,,21000.0,,1737320.0,,4539500.0,,6682900.0,2510,4366165.0,12.0,3618000.0,,13164500.0,,,,5465700.0,,23299800.0,,0.0,,,,3744000.0,1247.0
2024-12-11,2281189.0,335301.0,14565947.0,489644.0,1547595.0,1850306.0,273017.0,4672310.0,13098201.0,42187979.0,123085951.0,32730718.0,29501888.0,,5067145.0,3923000.0,,45205800.0,,6690600.0,,3545200.0,,6698600.0,,45588100.0,,35385800.0,,7055400.0,,4473100.0,,1217600.0,,5116100.0,,41295200.0,,258700.0,,9866000.0,,,,8092500.0,,9415100.0,,,,17400.0,,,,3876900.0,,,,,3556200.0,,,35954.0,1651600.0,796.0,,,3671900.0,,,335892.0,1644400.0,,10253400.0,,,1903600.0,196819,,,4519600.0,,7546600.0,,14115600.0,,,,26842900.0,,,,8156100.0,,6426800.0,,5033800.0,,,,4689000.0,,5726400.0,,1518100.0,963316,5578000.0,,50549200.0,,2493200.0,0.0,14715900.0,,11600.0,,3387.0,6671700.0,,,3787900.0,,20485000.0,,67894100.0,,2195300.0,2835.0,,4211200.0,,1029.0,13123900.0,,,,23327700.0,,16182300.0,,,3872700.0,,75209300.0,,,,18948900.0,,23156900.0,,7884400.0,,11074000.0,,32819000.0,,,8373800.0,,243000.0,,,,1594300.0,,3510900.0,,14116900.0,,,10837200.0,2736904,,14798800.0,,19200200.0,36504.0,27594400.0,,15248400.0,,4180000.0,,,,,,6029900.0,,35017000.0,,276534.0,12428700.0,,6224000.0,5548,184905200.0,,6545700.0,,8070400.0,,13188700.0,,2.0,3376400.0,,,,525900.0,1870766.0,0.0,89477700.0,,,6657200.0,,7081800.0,,,,32168600.0,,5981900.0,1444.0,37842800.0,,14544800.0,,,,,,484.0,,,,79559900.0,,5588400.0,1896733.0,,,5475500.0,315.0,,,47600800.0,,4175100.0,,77277400.0,,11229.0,,,,28677700.0,,9712160.0,,,,,,545300.0,,,2361100.0,,7741600.0,,74897800.0,,104287600.0,,9027600.0,,1489200.0,,6057800.0,,4202720.0,,71089500.0,,422900.0,,22500.0,,1350340.0,,4321800.0,,4269500.0,558,3414398.0,997.0,6799600.0,,19682100.0,,,,5788300.0,,23147600.0,,0.0,,,,3501100.0,355.0
2024-12-12,4550292.0,625351.0,33476698.0,667265.0,2167932.0,1958639.0,634491.0,6775672.0,23414258.0,42901499.0,145098808.0,45017407.0,39912261.0,,6062628.0,2692500.0,,32777500.0,,17344900.0,,2169300.0,,6108500.0,,34267100.0,,28204100.0,,4055400.0,,7250000.0,,868700.0,,4123800.0,,46967200.0,,261100.0,,9951200.0,,,,6309900.0,,6421300.0,,,,3000.0,,,,2571300.0,,,,,2829500.0,,,36231.0,1804600.0,709.0,,,11352600.0,,,326046.0,1723400.0,,8324400.0,,,2344300.0,274724,,,3075300.0,,5422000.0,,8759200.0,,,,17704600.0,,,,5403800.0,,5285100.0,,5247800.0,,,,3770700.0,,2527000.0,,1995600.0,1471687,2079600.0,,41706700.0,,1496100.0,0.0,3277200.0,,20300.0,,2365.0,3281800.0,,,4900700.0,,8855700.0,,34817500.0,,1218400.0,309.0,,3673600.0,,761.0,8481300.0,,,,26270400.0,,12668200.0,,,4515700.0,,77695000.0,,,,14455700.0,,21454500.0,,6113800.0,,6982000.0,,17542100.0,,,5757800.0,,28100.0,,,,1836100.0,,2823800.0,,8641500.0,,,7474700.0,1973671,,10190400.0,,20834800.0,12507.0,21074300.0,,19334900.0,,5236000.0,,,,,,5684700.0,,24862000.0,,328089.0,18152200.0,,3437000.0,850,159211400.0,,3650800.0,,2802400.0,,8154200.0,,1.0,3286000.0,,,,688300.0,1889839.0,8.0,73859700.0,,,4711100.0,,5796100.0,,,,23577500.0,,4024700.0,3.0,32741800.0,,13386700.0,,,,,,108.0,,,,39402400.0,,3979300.0,2131246.0,,,4404100.0,1277.0,,,48071000.0,,4658700.0,,59937600.0,,10115.0,,,,31543800.0,,7339740.0,,,,,,337400.0,,,2256800.0,,8909100.0,,66348400.0,,87752200.0,,7944900.0,,796900.0,,4025600.0,,3365510.0,,45673200.0,,620400.0,,10000.0,,2096860.0,,3218500.0,,3265000.0,1634,13066345.0,708.0,2625900.0,,14298600.0,,,,9518000.0,,21746200.0,,0.0,,,,2103600.0,303.0
2024-12-13,3677980.0,528172.0,15908823.0,865640.0,1102386.0,758247.0,272310.0,7191550.0,16296064.0,34492088.0,157878633.0,34654588.0,37180662.0,,3588777.0,4420100.0,,33155300.0,,11395500.0,,5083500.0,,7051700.0,,67544700.0,,28768100.0,,4704100.0,,8140400.0,,1455700.0,,4759800.0,,121336600.0,,194400.0,,11608600.0,,,,4808800.0,,6329900.0,,,,8500.0,,,,3474300.0,,,,,3658100.0,,,26225.0,2034800.0,0.0,,,6668600.0,,,230429.0,2093400.0,,5832600.0,,,2951900.0,549039,,,6697000.0,,5538000.0,,12476000.0,,,,14129700.0,,,,5941900.0,,6864500.0,,10980100.0,,,,4278500.0,,3062500.0,,1062800.0,656976,2642800.0,,26773400.0,,2183700.0,0.0,3408300.0,,5800.0,,1125.0,2972900.0,,,4023500.0,,6581600.0,,25143500.0,,1215000.0,214.0,,2649500.0,,608.0,7944400.0,,,,19794900.0,,10279500.0,,,2757400.0,,55104100.0,,,,10457200.0,,23972900.0,,10392700.0,,14632000.0,,13429000.0,,,5855000.0,,234700.0,,,,1427800.0,,3059400.0,,10818700.0,,,8453300.0,998936,,36722500.0,,20177800.0,21632.0,21536900.0,,23926000.0,,9136000.0,,,,,,7228800.0,,24858000.0,,213643.0,12383200.0,,6735500.0,98,231514900.0,,6250400.0,,9390300.0,,8351100.0,,2.0,3848800.0,,,,817200.0,3552440.0,22.0,76172800.0,,,8358100.0,,8886700.0,,,,28780400.0,,4893300.0,0.0,32046000.0,,18758500.0,,,,,,47.0,,,,64847400.0,,8628300.0,2300395.0,,,5516900.0,366.0,,,41622300.0,,3452700.0,,103693900.0,,14683.0,,,,35904700.0,,8046100.0,,,,,,731700.0,,,3953900.0,,8637800.0,,79663600.0,,89000200.0,,19477000.0,,1327900.0,,4772800.0,,2744450.0,,47325300.0,,372900.0,,6100.0,,1690280.0,,4682200.0,,11623200.0,855,10579502.0,199.0,3309100.0,,11495900.0,,,,12305400.0,,22346000.0,,0.0,,,,2627100.0,156.0
2024-12-14,,,,,,,,,,,,,,,,,,,,,,,,,,,,,,,,,,,,,,,,,,,,,,,,,,,,,,,,,,,,,,,,,,79.0,,,,,,,,,,,,,292177,,,,,,,,,,,,,,,,,,,,,,,,,,,,501040,,,,,,0.0,,,,,,,,,,,,,,,,413.0,,,,,,,,,,,,,,,,,,,,,,,,,,,,,,,,,,,,,,,,,,,,,2497963,,,,,6798.0,,,,,,,,,,,,,,,,,,,444,,,,,,,,,,,,,,,7564786.0,,,,,,,,,,,,,,,,,,,,,,,,,,,,,,1855135.0,,,,331.0,,,,,,,,,,,,,,,,,,,,,,,,,,,,,,,,,,,,,,,,,,,,,,,,,,,270,,45.0,,,,,,,,,,,1.0,,,,,162.0
2024-12-15,,,,,,,,,,,,,,,,,,,,,,,,,,,,,,,,,,,,,,,,,,,,,,,,,,,,,,,,,,,,,,,,,,60585.0,,,,,,,,,,,,,204185,,,,,,,,,,,,,,,,,,,,,,,,,,,,659549,,,,,,0.0,,,,,,,,,,,,,,,,6.0,,,,,,,,,,,,,,,,,,,,,,,,,,,,,,,,,,,,,,,,,,,,,3404663,,,,,4485.0,,,,,,,,,,,,,,,,,,,1306,,,,,,,,,,,,,,,1715505.0,,,,,,,,,,,,,,,,,,,,,,,,,,,,,,1771997.0,,,,80.0,,,,,,,,,,,,,,,,,,,,,,,,,,,,,,,,,,,,,,,,,,,,,,,,,,,642,,173.0,,,,,,,,,,,0.0,,,,,213.0
2024-12-16,3278975.0,469448.0,15277277.0,363406.0,945545.0,572266.0,276988.0,4979861.0,14059845.0,36946944.0,140659846.0,29185463.0,27168729.0,,6251635.0,2257200.0,,51694800.0,,5807000.0,,5846700.0,,6643000.0,,42090300.0,,37552100.0,,8308300.0,,6443800.0,,1542800.0,,6719500.0,,111623200.0,,179900.0,,13216600.0,,,,7075900.0,,11282000.0,,,,1800.0,,,,4514000.0,,,,,2945500.0,,,25458.0,1311100.0,171109.0,,,3551100.0,,,204296.0,2277900.0,,11461400.0,,,2581300.0,217841,,,5158300.0,,5482300.0,,20727200.0,,,,26883200.0,,,,6730500.0,,10528500.0,,7540400.0,,,,4414100.0,,3234000.0,,3066600.0,595727,3792400.0,,32671800.0,,2364100.0,0.0,3544700.0,,27300.0,,877.0,4229800.0,,,4279400.0,,8700000.0,,44934900.0,,1713300.0,724.0,,2879600.0,,913.0,9336400.0,,,,36584000.0,,22024400.0,,,3610300.0,,73832900.0,,,,15509100.0,,32293500.0,,9032000.0,,10143000.0,,24559700.0,,,5591800.0,,11300.0,,,,1654200.0,,3426200.0,,12749600.0,,,10885600.0,109355020,,23750700.0,,23598800.0,3411.0,31099400.0,,42741200.0,,26836000.0,,,,,,7562000.0,,26749000.0,,172230.0,11540300.0,,5932500.0,4670,237951100.0,,5346900.0,,14489300.0,,9572000.0,,0.0,6087000.0,,,,1132500.0,2009605.0,22.0,126099600.0,,,7402500.0,,9951100.0,,,,31979900.0,,8934900.0,106.0,56008800.0,,19543700.0,,,,,,36.0,,,,82607200.0,,4893000.0,1687611.0,,,6559300.0,694.0,,,55457600.0,,3888500.0,,85469700.0,,12939.0,,,,43695200.0,,8711540.0,,,,,,376200.0,,,3368800.0,,7127300.0,,69967600.0,,114083800.0,,15139300.0,,1847000.0,,5829700.0,,2752580.0,,38612400.0,,576600.0,,14700.0,,1565020.0,,6562500.0,,4849100.0,1348,7134807.0,48.0,3047300.0,,16742000.0,,,,8476200.0,,25036200.0,,0.0,,,,2646600.0,389.0
2024-12-17,3188910.0,715553.0,20215230.0,475738.0,895923.0,1296581.0,371618.0,5459570.0,16779048.0,22482278.0,133233564.0,41261426.0,33855934.0,,4706851.0,3136500.0,,51356400.0,,7514500.0,,5139300.0,,6817600.0,,43314900.0,,35948100.0,,6556400.0,,6373800.0,,1753300.0,,7007100.0,,70382100.0,,185600.0,,13288700.0,,,,5461400.0,,7843400.0,,,,20700.0,,,,5057500.0,,,,,4278200.0,,,26356.0,2138700.0,10528.0,,,2912000.0,,,99604.0,2575700.0,,7440600.0,,,2050200.0,233557,,,4698000.0,,6911000.0,,15560000.0,,,,24912500.0,,,,5166300.0,,12238600.0,,12900500.0,,,,4507200.0,,3230800.0,,1873300.0,498384,3410900.0,,41871900.0,,2551800.0,0.0,1769200.0,,67100.0,,705.0,4408900.0,,,4171400.0,,19948100.0,,43504000.0,,2314100.0,1736.0,,3726500.0,,1362.0,14673200.0,,,,27260400.0,,13269400.0,,,3651300.0,,51767200.0,,,,12172800.0,,33064300.0,,8083600.0,,12524000.0,,21902400.0,,,4508000.0,,4000.0,,,,1391600.0,,3924800.0,,14167900.0,,,12897800.0,36477864,,32166200.0,,22733500.0,1972.0,21822000.0,,35811500.0,,18454000.0,,,,,,7593500.0,,24595000.0,,229155.0,14172900.0,,6115500.0,82,259410300.0,,5415500.0,,13607400.0,,8940200.0,,0.0,5429900.0,,,,799600.0,4863565.0,22.0,75469400.0,,,8395600.0,,7187400.0,,,,28579100.0,,6894500.0,,30935800.0,,15278000.0,,,,,,365.0,,,,41821700.0,,4027800.0,1941165.0,,,5162400.0,208.0,,,53985200.0,,4757800.0,,64499000.0,,13628.0,,,,55773500.0,,7085380.0,,,,,,594200.0,,,2285800.0,,6632400.0,,69168200.0,,131223000.0,,11169400.0,,1372700.0,,5046100.0,,3207360.0,,35025500.0,,642100.0,,27500.0,,2769500.0,,8843900.0,,5869200.0,83,5183646.0,0.0,3176900.0,,23560800.0,,,,5638800.0,,32011600.0,,0.0,,,,2517500.0,351.0
2024-12-18,2363872.0,712305.0,13698937.0,324832.0,663879.0,606311.0,795521.0,4437805.0,14906072.0,14453420.0,86680411.0,26538861.0,18611465.0,,3240260.0,5197500.0,,56774100.0,,6511100.0,,6019300.0,,9000700.0,,49724400.0,,43281400.0,,6826600.0,,4255500.0,,2257000.0,,8187900.0,,53960100.0,,515300.0,,11319500.0,,,,4937400.0,,12002000.0,,,,9100.0,,,,4361900.0,,,,,5063000.0,,,25873.0,2820700.0,22723.0,,,2744700.0,,,99386.0,2539200.0,,12615200.0,,,2725300.0,191463,,,4526600.0,,8400000.0,,19297600.0,,,,24195100.0,,,,7336900.0,,12292800.0,,9938200.0,,,,7134600.0,,4300800.0,,4292800.0,718983,4670500.0,,65477800.0,,5355300.0,0.0,3577300.0,,19900.0,,566.0,3906900.0,,,4615000.0,,13947300.0,,34166100.0,,3271600.0,412.0,,4225500.0,,1164.0,13605700.0,,,,33565200.0,,15360500.0,,,4152500.0,,86041200.0,,,,18783800.0,,52267500.0,,11322400.0,,14521000.0,,20946100.0,,,8722400.0,,19700.0,,,,3009800.0,,3354200.0,,15804700.0,,,17075500.0,7210797,,24146000.0,,24444500.0,217.0,24422900.0,,63024300.0,,40256000.0,,,,,,8765100.0,,29382000.0,,193391.0,12731600.0,,7942500.0,120,277444500.0,,3760900.0,,8246500.0,,8817900.0,,3.0,6397500.0,,,,1246300.0,2693803.0,22.0,109643400.0,,,12583700.0,,10295200.0,,,,54703200.0,,7792800.0,,56880100.0,,21660900.0,,,,,,290.0,,,,48011000.0,,8125800.0,2280754.0,,,5159300.0,1189.0,,,76625700.0,,3633600.0,,102912200.0,,17972.0,,,,108248700.0,,16992140.0,,,,,,877500.0,,,3468000.0,,11751900.0,,134849200.0,,149340800.0,,14721100.0,,2022500.0,,8281900.0,,5396060.0,,46736700.0,,555500.0,,14000.0,,6725000.0,,10479200.0,,6554000.0,79,7343047.0,127.0,3017400.0,,24665600.0,,,,16072700.0,,39241200.0,,0.0,,,,2796700.0,436.0
2024-12-19,4833862.0,631880.0,22481925.0,624189.0,640399.0,702629.0,455731.0,5702060.0,34671236.0,23694081.0,85886142.0,31095936.0,20597561.0,,3662421.0,3725400.0,,60882300.0,,6479500.0,,6066900.0,,9252600.0,,46160700.0,,39918700.0,,5507600.0,,6153500.0,,1620800.0,,5767300.0,,40845200.0,,231500.0,,13795100.0,,,,9334500.0,,14276200.0,,,,29800.0,,,,4645200.0,,,,,7802700.0,,,27742.0,2616700.0,5803.0,,,2086800.0,,,291660.0,2437000.0,,11708600.0,,,2610800.0,173141,,,3062800.0,,7423400.0,,17503600.0,,,,21947800.0,,,,9248400.0,,9468500.0,,9804400.0,,,,5237500.0,,4716000.0,,2442500.0,739348,3218900.0,,49259800.0,,5945000.0,0.0,4568700.0,,12200.0,,238.0,4584500.0,,,4498400.0,,10338200.0,,32265200.0,,2753300.0,254.0,,4576100.0,,846.0,31501300.0,,,,25513100.0,,18372300.0,,,4427200.0,,69117800.0,,,,15101600.0,,51871700.0,,11790800.0,,11157000.0,,21300600.0,,,5159800.0,,21900.0,,,,1482600.0,,4032600.0,,17426400.0,,,14958100.0,11293523,,21497800.0,,22963700.0,174.0,26922900.0,,91396800.0,,31776000.0,,,,,,6797700.0,,28155000.0,,195546.0,18121200.0,,9859000.0,88,209719200.0,,5344400.0,,5618700.0,,8386400.0,,0.0,5486000.0,,,,1204000.0,2191057.0,22.0,99524300.0,,,9522400.0,,8414800.0,,,,46441800.0,,4761600.0,,38905300.0,,15541800.0,,,,,,81.0,,,,39138300.0,,6893100.0,2005235.0,,,5792300.0,428.0,,,44149600.0,,4412000.0,,86520100.0,,17291.0,,,,85919500.0,,14122260.0,,,,,,1083600.0,,,3295200.0,,17940300.0,,113317600.0,,118566100.0,,10553400.0,,1570300.0,,6290000.0,,4113250.0,,27811400.0,,597300.0,,6500.0,,7279960.0,,8317100.0,,6615500.0,252,17911965.0,232.0,4099800.0,,16606500.0,,,,11752200.0,,49981400.0,,0.0,,,,3662500.0,812.0
2024-12-20,4487308.0,704962.0,24674774.0,498624.0,775746.0,653957.0,427186.0,9703770.0,44834041.0,84367587.0,204413958.0,29491021.0,34086217.0,,4611855.0,5217300.0,,147495300.0,,8220000.0,,11491700.0,,15336700.0,,53591200.0,,88279200.0,,8922500.0,,5601400.0,,2701800.0,,9605400.0,,131910400.0,,237800.0,,21270500.0,,,,6380400.0,,12078000.0,,,,8200.0,,,,12943900.0,,,,,10917100.0,,,25362.0,5142000.0,1145.0,,,3838600.0,,,231592.0,4915300.0,,10009800.0,,,5373800.0,259687,,,6449700.0,,14932300.0,,20884400.0,,,,69544600.0,,,,12228200.0,,17955300.0,,12514900.0,,,,12499800.0,,5425500.0,,2896700.0,683980,3401900.0,,46157900.0,,8535800.0,0.0,3404000.0,,10600.0,,592.0,5476100.0,,,11445800.0,,19606700.0,,63462900.0,,4515900.0,225.0,,8046400.0,,836.0,17296300.0,,,,29109100.0,,43682400.0,,,12423200.0,,108453700.0,,,,14505100.0,,53882200.0,,32348400.0,,26522000.0,,42458100.0,,,7183000.0,,8800.0,,,,2130100.0,,9942300.0,,29404500.0,,,48989400.0,4693259,,28801600.0,,64263700.0,171.0,44889900.0,,49578400.0,,12850000.0,,,,,,5560000.0,,45305000.0,,221930.0,12436000.0,,10130000.0,826,306528600.0,,53762400.0,,5409100.0,,13810500.0,,0.0,13346400.0,,,,4288300.0,1725664.0,2.0,281230800.0,,,22052700.0,,17347100.0,,,,60530000.0,,7705600.0,2.0,41955200.0,,25072900.0,,,,,,61.0,,,,85656300.0,,6909300.0,1918241.0,,,5304400.0,30.0,,,52746600.0,,5678400.0,,108080200.0,,16144.0,,,,125716700.0,,16181980.0,,,,,,581200.0,,,7149700.0,,7720300.0,,145241000.0,,132216200.0,,16170100.0,,3579400.0,,11462100.0,,3292210.0,,26377700.0,,391200.0,,1300.0,,4913600.0,,24387000.0,,8720800.0,436,16844965.0,549.0,7181000.0,,49350600.0,,,,10338000.0,,35704800.0,,0.0,,,,5090800.0,847.0
2024-12-21,,,,,,,,,,,,,,,,,,,,,,,,,,,,,,,,,,,,,,,,,,,,,,,,,,,,,,,,,,,,,,,,,,129.0,,,,,,,,,,,,,163194,,,,,,,,,,,,,,,,,,,,,,,,,,,,494837,,,,,,0.0,,,,,,,,,,,,,,,,294.0,,,,,,,,,,,,,,,,,,,,,,,,,,,,,,,,,,,,,,,,,,,,,10488440,,,,,869.0,,,,,,,,,,,,,,,,,,,142,,,,,,,,,,,,,,,1212592.0,,,,,,,,,,,,,,0.0,,,,,,,,,,,,,,,,1579373.0,,,,5874.0,,,,,,,,,,,,,,,,,,,,,,,,,,,,,,,,,,,,,,,,,,,,,,,,,,,1210,,25.0,,,,,,,,,,,0.0,,,,,442.0
2024-12-22,,,,,,,,,,,,,,,,,,,,,,,,,,,,,,,,,,,,,,,,,,,,,,,,,,,,,,,,,,,,,,,,,,1713.0,,,,,,,,,,,,,192450,,,,,,,,,,,,,,,,,,,,,,,,,,,,564350,,,,,,0.0,,,,,,,,,,,,,,,,86.0,,,,,,,,,,,,,,,,,,,,,,,,,,,,,,,,,,,,,,,,,,,,,4173494,,,,,929.0,,,,,,,,,,,,,,,,,,,92,,,,,,,,,,,,,,,1174047.0,,,,,,,,,,,,,,1.0,,,,,,,,,,,,,,,,1749040.0,,,,1082.0,,,,,,,,,,,,,,,,,,,,,,,,,,,,,,,,,,,,,,,,,,,,,,,,,,,196,,4.0,,,,,,,,,,,0.0,,,,,287.0
2024-12-23,3287596.0,468339.0,13672650.0,196254.0,1169871.0,994065.0,259210.0,6926535.0,20856154.0,40404204.0,97720054.0,52194941.0,31530269.0,,11724972.0,2286700.0,,40858800.0,,3781200.0,,3501000.0,,5040200.0,,47777900.0,,28070000.0,,2481700.0,,8531400.0,,1232600.0,,4746800.0,,40643800.0,,325300.0,,20055100.0,,,,4265500.0,,12744000.0,,,,6400.0,,,,3836000.0,,,,,3299000.0,,,20997.0,1804900.0,464.0,,,1243400.0,,,188843.0,1245100.0,,6853500.0,,,1856800.0,156476,,,2273900.0,,5330300.0,,11009200.0,,,,18671200.0,,,,5324200.0,,6037200.0,,8111000.0,,,,4131200.0,,5074000.0,,2025100.0,558641,2484800.0,,30378300.0,,2576500.0,0.0,2004700.0,,31500.0,,451.0,1435900.0,,,2852200.0,,8226500.0,,25675000.0,,1519500.0,5.0,,2433800.0,,900.0,11008700.0,,,,16662300.0,,14384000.0,,,2988100.0,,57988400.0,,,,12753700.0,,29606800.0,,8611500.0,,8864000.0,,13010800.0,,,5013200.0,,6600.0,,,,1538500.0,,3622300.0,,10406700.0,,,10205800.0,2815465,,8629800.0,,19152500.0,77.0,21742500.0,,26041500.0,,6482000.0,,,,,,5599000.0,,23394000.0,,125622.0,10854000.0,,3933500.0,784,176053500.0,,18997900.0,,9984200.0,,6518200.0,,0.0,3897500.0,,,,1069000.0,1068620.0,2.0,93819500.0,,,5633100.0,,8863200.0,,,,29672800.0,,3728900.0,0.0,20009800.0,,14463700.0,,,,,,54.0,,,,26032300.0,,6650100.0,1858540.0,,,5712000.0,717.0,,,34576400.0,,2500400.0,,79330900.0,,13704.0,,,,57635800.0,,7316360.0,,,,,,745100.0,,,2080500.0,,9413400.0,,83645800.0,,72698100.0,,17847000.0,,1198400.0,,4297600.0,,2015830.0,,16093600.0,,268000.0,,2700.0,,2592820.0,,7984600.0,,4161500.0,56,5439118.0,12.0,2925700.0,,26205400.0,,,,7620200.0,,34445400.0,,0.0,,,,2377000.0,343.0
2024-12-24,1844961.0,351647.0,11634677.0,236529.0,557658.0,706303.0,151067.0,5201448.0,0.0,0.0,0.0,35099308.0,0.0,,0.0,1817000.0,,23234700.0,,1685000.0,,2739700.0,,2595800.0,,24829600.0,,15007500.0,,1312400.0,,3464200.0,,586800.0,,2293400.0,,22827200.0,,314600.0,,5235400.0,,,,1697200.0,,8575500.0,,,,2700.0,,,,1761200.0,,,,,1584700.0,,,8922.0,886000.0,36.0,,,542500.0,,,122602.0,625600.0,,4805100.0,,,939000.0,231889,,,1574700.0,,1811000.0,,5158800.0,,,,9922300.0,,,,2077400.0,,2475000.0,,3171200.0,,,,1471900.0,,1630500.0,,503700.0,552180,1563000.0,,4714800.0,,1034600.0,0.0,782300.0,,3300.0,,35.0,1062400.0,,,1592800.0,,5523500.0,,10403300.0,,913400.0,0.0,,1392600.0,,397.0,4484600.0,,,,10144500.0,,5955400.0,,,1186200.0,,29884000.0,,,,5974100.0,,13399600.0,,3729100.0,,3495000.0,,5019100.0,,,3306400.0,,11700.0,,,,514400.0,,1165400.0,,5611700.0,,,4726100.0,1918842,,5660900.0,,7164500.0,598.0,16377800.0,,13021300.0,,4246000.0,,,,,,2971700.0,,23203000.0,,66852.0,2620000.0,,2093500.0,379,105157000.0,,4774900.0,,8457300.0,,2451500.0,,3.0,1471000.0,,,,226100.0,1049067.0,2.0,64983300.0,,,3276300.0,,2839600.0,,,,17558200.0,,2098700.0,31.0,15903800.0,,8689600.0,,,,,,66.0,,,,41339700.0,,2097400.0,1763031.0,,,1754300.0,468.0,,,15731500.0,,979900.0,,39963700.0,,6232.0,,,,33160100.0,,4584520.0,,,,,,399200.0,,,716900.0,,8384800.0,,48139600.0,,59551800.0,,7634500.0,,461100.0,,1950900.0,,1262160.0,,7882500.0,,212500.0,,500.0,,1818360.0,,2684100.0,,1725800.0,52,2000508.0,1386.0,1373100.0,,8992400.0,,,,3540600.0,,15024200.0,,0.0,,,,902900.0,175.0
2024-12-25,,,,,,,,,,,,36355930.0,,,,,,,,,,,,,,,,,,,,,,,,,,,,,,,,,,,,,,,,,,,,,,,,,,,,,,39.0,,,,,,,,,,,,,202567,,,,,,,,,,,,,,,,,,,,,,,,,,,,700041,,,,,,0.0,,,,,,,,,,,,,,,,37.0,,,,,,,,,,,,,,,,,,,,,,,,,,,,,,,,,,,,,,,,,,,,,1989885,,,,,1495.0,,,,,,,,,,,,,,,,,,,120,,,,,,,,,,,,,,,874479.0,,,,,,,,,,,,,,35.0,,,,,,,,,,,,,,,,1944733.0,,,,2432.0,,,,,,,,,,,,,,,,,,,,,,,,,,,,,,,,,,,,,,,,,,,,,,,,,,,11,,234.0,,,,,,,,,,,0.0,,,,,84.0
2024-12-26,2022727.0,460871.0,10517075.0,250854.0,645976.0,459788.0,255019.0,3206208.0,,,,42898226.0,,,,1980100.0,,27237100.0,,2131200.0,,3909600.0,,2793700.0,,24998200.0,,16146700.0,,1825300.0,,2520000.0,,734000.0,,4975200.0,,28459000.0,,366700.0,,12008600.0,,,,2656400.0,,6901600.0,,,,3000.0,,,,2159600.0,,,,,1438500.0,,,5773.0,1097900.0,47.0,,,960300.0,,,144877.0,871900.0,,4410400.0,,,969000.0,162036,,,2570000.0,,3483300.0,,4926000.0,,,,8524500.0,,,,2743100.0,,4781400.0,,4777200.0,,,,1840600.0,,2345000.0,,1161100.0,493428,2212800.0,,14414100.0,,2448100.0,0.0,1499200.0,,15100.0,,84.0,1210900.0,,,1960200.0,,20432900.0,,12046600.0,,1092000.0,15.0,,1319500.0,,362.0,9851600.0,,,,11874900.0,,4815400.0,,,3286500.0,,39846200.0,,,,6451400.0,,20024800.0,,4451800.0,,4541000.0,,7943800.0,,,8092200.0,,11700.0,,,,677900.0,,1274200.0,,6297400.0,,,6081400.0,1426250,,6480200.0,,8194200.0,152.0,13249000.0,,14468200.0,,4808000.0,,,,,,3020800.0,,23403000.0,,67209.0,6885000.0,,2181500.0,389,116205600.0,,6289300.0,,11832200.0,,4100100.0,,0.0,2113200.0,,,,515400.0,1446473.0,2.0,60377100.0,,,4800600.0,,3846900.0,,,,19090500.0,,2442200.0,3.0,18967300.0,,19997600.0,,,,,,109.0,,,,28146700.0,,2169300.0,1540854.0,,,2688700.0,1602.0,,,36815400.0,,1306500.0,,45184100.0,,7861.0,,,,41219100.0,,5621180.0,,,,,,592100.0,,,1397900.0,,8226500.0,,59062000.0,,76366400.0,,8044900.0,,733500.0,,2019000.0,,2446850.0,,12659000.0,,251600.0,,4700.0,,1968220.0,,2856000.0,,2188900.0,267,2839158.0,0.0,2776200.0,,10994000.0,,,,5601100.0,,15386400.0,,0.0,,,,1980600.0,214.0
2024-12-27,2643523.0,391681.0,10747196.0,223180.0,689235.0,660429.0,292642.0,4849717.0,13545082.0,28826147.0,263910660.0,33332198.0,23550112.0,,9817991.0,2475600.0,,42355300.0,,2947200.0,,3452500.0,,3599600.0,,32924000.0,,27367100.0,,2506500.0,,2801600.0,,942300.0,,6301000.0,,29282200.0,,287300.0,,8629400.0,,,,5036200.0,,11061200.0,,,,1100.0,,,,3237700.0,,,,,3124200.0,,,5515.0,1245800.0,490.0,,,1093800.0,,,172641.0,1107100.0,,5554000.0,,,1943400.0,164265,,,2915500.0,,3220400.0,,13381600.0,,,,13021400.0,,,,4881900.0,,4523800.0,,4366200.0,,,,1997500.0,,4033500.0,,1927800.0,530190,2595000.0,,19290800.0,,1425500.0,0.0,2096800.0,,38500.0,,642.0,1506600.0,,,2255000.0,,10141700.0,,18891400.0,,1486000.0,0.0,,1942700.0,,805.0,8871100.0,,,,14388800.0,,6571000.0,,,1810800.0,,48260800.0,,,,9798600.0,,26956000.0,,5730200.0,,7295000.0,,8542800.0,,,10053800.0,,10300.0,,,,583600.0,,2096500.0,,5444100.0,,,8084200.0,1203206,,6199900.0,,18117700.0,633.0,13778500.0,,19422600.0,,4294000.0,,,,,,5407500.0,,32262000.0,,189959.0,9381300.0,,5082500.0,732,170582600.0,,6066000.0,,15700200.0,,4344300.0,,13.0,2911300.0,,,,440400.0,903014.0,8998.0,66975900.0,,,5125000.0,,7232500.0,,,,33839600.0,,2606100.0,,21598000.0,,15559200.0,,,,,,502.0,,,,32070600.0,,3812300.0,2068144.0,,,4040000.0,382.0,,,31003000.0,,1936600.0,,59316300.0,,11607.0,,,,64969300.0,,10221440.0,,,,,,556200.0,,,1640200.0,,8141000.0,,102139000.0,,82666800.0,,10664400.0,,1010700.0,,3253500.0,,3486580.0,,13483600.0,,308800.0,,2200.0,,4999780.0,,3489200.0,,3813100.0,261,5506061.0,815.0,2087600.0,,11384400.0,,,,8741800.0,,20369800.0,,0.0,,,,2140300.0,318.0
2024-12-28,,,,,,,,,,,,,,,,,,,,,,,,,,,,,,,,,,,,,,,,,,,,,,,,,,,,,,,,,,,,,,,,,,492.0,,,,,,,,,,,,,248451,,,,,,,,,,,,,,,,,,,,,,,,,,,,529350,,,,,,0.0,,,,,,,,,,,,,,,,291.0,,,,,,,,,,,,,,,,,,,,,,,,,,,,,,,,,,,,,,,,,,,,,1138455,,,,,170.0,,,,,,,,,,,,,,,,,,,214,,,,,,,,,,,,,,,892125.0,,,,,,,,,,,,,,,,,,,,,,,,,,,,,,1560919.0,,,,4487.0,,,,,,,,,,,,,,,,,,,,,,,,,,,,,,,,,,,,,,,,,,,,,,,,,,,79,,1.0,,,,,,,,,,,,,,,,199.0
2024-12-29,,,,,,,,,,,,,,,,,,,,,,,,,,,,,,,,,,,,,,,,,,,,,,,,,,,,,,,,,,,,,,,,,,437.0,,,,,,,,,,,,,156836,,,,,,,,,,,,,,,,,,,,,,,,,,,,463167,,,,,,0.0,,,,,,,,,,,,,,,,22.0,,,,,,,,,,,,,,,,,,,,,,,,,,,,,,,,,,,,,,,,,,,,,1734245,,,,,211.0,,,,,,,,,,,,,,,,,,,300,,,,,,,,,,,,,,,744664.0,,,,,,,,,,,,,,,,,,,,,,,,,,,,,,1522656.0,,,,339.0,,,,,,,,,,,,,,,,,,,,,,,,,,,,,,,,,,,,,,,,,,,,,,,,,,,19,,130.0,,,,,,,,,,,,,,,,145.0
2024-12-30,1434202.0,387750.0,12624702.0,160820.0,577293.0,346602.0,261914.0,4162622.0,13515622.0,23349571.0,156035423.0,36501513.0,25450241.0,,6717275.0,2056300.0,,35557500.0,,3473200.0,,3086500.0,,4763100.0,,30501600.0,,28321200.0,,2291600.0,,2719300.0,,1202600.0,,8947200.0,,27316800.0,,274900.0,,10731000.0,,,,4243800.0,,9958000.0,,,,7500.0,,,,2831400.0,,,,,1899100.0,,,30436.0,1422200.0,0.0,,,1128500.0,,,199296.0,2299600.0,,7727100.0,,,1881200.0,235970,,,2298600.0,,3411100.0,,9861600.0,,,,12948100.0,,,,5517900.0,,5716300.0,,6430000.0,,,,3293800.0,,3564800.0,,1019900.0,532524,2556600.0,,22151300.0,,1760100.0,0.0,1650500.0,,46500.0,,794.0,1837800.0,,,1966400.0,,9593100.0,,14264700.0,,1265900.0,102.0,,2444700.0,,1066.0,9286200.0,,,,12749600.0,,7219100.0,,,2095600.0,,59608100.0,,,,11506900.0,,25706100.0,,5723800.0,,6878000.0,,8972200.0,,,5102000.0,,19000.0,,,,724400.0,,1719100.0,,10381700.0,,,7025900.0,5271747,,6271800.0,,13158700.0,47.0,25771200.0,,22022900.0,,5474000.0,,,,,,3108400.0,,22030000.0,,374324.0,8188800.0,,3600000.0,235,167734700.0,,6110000.0,,21302300.0,,5254800.0,,9.0,2737900.0,,,,451800.0,1094592.0,4929.0,60850900.0,,,5855000.0,,5356000.0,,,,34584000.0,,7541100.0,120.0,18630100.0,,13775600.0,,,,,,200.0,,,,32119900.0,,3532100.0,1775877.0,,,3853700.0,726.0,,,31036000.0,,1934500.0,,64859000.0,,11994.0,,,,56578800.0,,9885860.0,,,,,,523700.0,,,1893700.0,,7708600.0,,102844000.0,,64941000.0,,11235200.0,,1317100.0,,4065200.0,,2236500.0,,17709200.0,,403400.0,,4500.0,,4734380.0,,3478500.0,,3663200.0,387,5834562.0,504.0,3142600.0,,9790200.0,,,,6641000.0,,23545400.0,,,,,,1476500.0,193.0
2024-12-31,,,,,,,,,0.0,0.0,0.0,39387658.0,0.0,,0.0,2304700.0,,39480700.0,,2285100.0,,2493300.0,,3565500.0,,30203400.0,,24819700.0,,2981700.0,,2690200.0,,965000.0,,5211000.0,,17927700.0,,431000.0,,7415000.0,,,,3815900.0,,6930500.0,,,,4900.0,,,,3380700.0,,,,,2181300.0,,,20588.0,1168100.0,1080.0,,,1310500.0,,,151155.0,1378200.0,,5414900.0,,,1742900.0,217989,,,2742700.0,,3026000.0,,8948800.0,,,,14173000.0,,,,3874700.0,,4757500.0,,6563200.0,,,,2131300.0,,2759000.0,,1033100.0,318103,1647600.0,,10680200.0,,1377600.0,5.0,2549000.0,,5700.0,,401.0,1793800.0,,,2299500.0,,7395300.0,,17466900.0,,1055800.0,81.0,,2179700.0,,708.0,8860200.0,,,,14168100.0,,7318600.0,,,2270200.0,,49846700.0,,,,13488200.0,,26208300.0,,4871000.0,,6462000.0,,9256700.0,,,5056400.0,,49900.0,,,,954700.0,,2327000.0,,7195200.0,,,6019500.0,2279004,,4659600.0,,13246500.0,611.0,22486100.0,,18691500.0,,3990000.0,,,,,,3810400.0,,18759000.0,,184552.0,5306300.0,,4204500.0,606,155659200.0,,4202400.0,,9096700.0,,4307500.0,,0.0,3270100.0,,,,689300.0,817033.0,39.0,56267900.0,,,4533200.0,,4423300.0,,,,29117000.0,,3438500.0,55.0,40649100.0,,13084800.0,,,,,,172.0,,,,26546700.0,,3071800.0,1809313.0,,,2977400.0,457.0,,,29262500.0,,1186100.0,,61199500.0,,9509.0,,,,57052700.0,,9700940.0,,,,,,364200.0,,,1283400.0,,6903800.0,,105177600.0,,76825100.0,,6427900.0,,1106900.0,,3050500.0,,2265320.0,,14487300.0,,460400.0,,2300.0,,2620200.0,,3963800.0,,3431600.0,84,5206137.0,41.0,2616200.0,,11267700.0,,,,6817100.0,,21165000.0,,,,,,1952400.0,96.0
2025-01-01,,,,,,,,,,,,,,,,,,,,,,,,,,,,,,,,,,,,,,,,,,,,,,,,,,,,,,,,,,,,,,,,,,694.0,,,,,,,,,,,,,256254,,,,,,,,,,,,,,,,,,,,,,,,,,,,152256,,,,,,0.0,,,,,,,,,,,,,,,,28.0,,,,,,,,,,,,,,,,,,,,,,,,,,,,,,,,,,,,,,,,,,,,,529903,,,,,210.0,,,,,,,,,,,,,,,,,,,5268,,,,,,,,,,,,,,,815378.0,,,,,,,,,,,,,,3989.0,,,,,,,,,,,,,,,,1671912.0,,,,589.0,,,,,,,,,,,,,,,,,,,,,,,,,,,,,,,,,,,,,,,,,,,,,,,,,,,342,,72.0,,,,,,,,,,,,,,,,108.0
2025-01-02,2102175.0,437773.0,16630538.0,215485.0,698458.0,796590.0,257663.0,5735290.0,20733037.0,29270907.0,182385452.0,26859647.0,28715165.0,,7304406.0,3488200.0,,55740700.0,,2504700.0,,3203500.0,,4164600.0,,34256200.0,,33956600.0,,4883300.0,,3747800.0,,1115100.0,,4529900.0,,31525800.0,,124500.0,,10635700.0,,,,4201200.0,,9496000.0,,,,20100.0,,,,3746400.0,,,,,2393000.0,,,41474.0,1802600.0,0.0,,,2501200.0,,,306498.0,2827600.0,,6289500.0,,,1765100.0,192997,,,3051800.0,,4807100.0,,10852000.0,,,,16144300.0,,,,4580900.0,,5688100.0,,6824400.0,,,,2572100.0,,4485900.0,,2148700.0,197743,2567400.0,,18808700.0,,1839300.0,0.0,1697200.0,,7800.0,,1728.0,2471100.0,,,5038000.0,,7979700.0,,20370800.0,,2219000.0,8.0,,2415700.0,,764.0,9574200.0,,,,18993300.0,,11584500.0,,,2579500.0,,46438500.0,,,,12118500.0,,29363000.0,,9220900.0,,8922000.0,,12991000.0,,,8882200.0,,25600.0,,,,1449000.0,,1938900.0,,8075100.0,,,12682300.0,1245047,,9071500.0,,16896500.0,1770.0,17933900.0,,18860000.0,,3190000.0,,,,,,6758900.0,,23123000.0,,156670.0,12515800.0,,5123000.0,1067,198247200.0,,4570300.0,,10396100.0,,5360800.0,,0.0,4537600.0,,,,495900.0,1160308.0,229.0,72217200.0,,,6224500.0,,5009100.0,,,,36389800.0,,4076500.0,0.0,30449400.0,,13792700.0,,,,,,307.0,,,,24396500.0,,4464000.0,2117021.0,,,3400800.0,3180.0,,,76412600.0,,2641500.0,,80996300.0,,13440.0,,,,50204000.0,,12196260.0,,,,,,565200.0,,,1756700.0,,6816100.0,,141370600.0,,109710700.0,,10951400.0,,1437600.0,,4500500.0,,1931500.0,,25899100.0,,943500.0,,14500.0,,3136660.0,,5369500.0,,4808000.0,1087,6975650.0,40.0,3417100.0,,14820400.0,,,,8207900.0,,34887000.0,,,,,,1774100.0,38.0
2025-01-03,4233446.0,456107.0,19318046.0,439170.0,798480.0,1494153.0,252319.0,8939357.0,16843241.0,24754265.0,338723918.0,26789678.0,30511065.0,,7853825.0,2404200.0,,40244100.0,,5617000.0,,2742100.0,,5719800.0,,36785300.0,,27515600.0,,4431800.0,,7206800.0,,1062900.0,,8631900.0,,24973200.0,,201200.0,,7689500.0,,,,6441700.0,,6321900.0,,,,4100.0,,,,2884600.0,,,,,1600600.0,,,38822.0,1390800.0,2104.0,,,1597200.0,,,296040.0,2945900.0,,5990800.0,,,1612200.0,211486,,,2897100.0,,4101200.0,,10645600.0,,,,18859000.0,,,,5601000.0,,5393100.0,,7487600.0,,,,4665100.0,,3699900.0,,1430500.0,429027,3661100.0,,15003900.0,,2974300.0,0.0,2356600.0,,19300.0,,591.0,2392400.0,,,3235300.0,,7461800.0,,18596200.0,,1422600.0,475.0,,2231600.0,,505.0,7243100.0,,,,19978800.0,,8661800.0,,,3872100.0,,48983900.0,,,,12106600.0,,24525300.0,,9491100.0,,8651000.0,,10403200.0,,,6563800.0,,18100.0,,,,1506300.0,,1799100.0,,8980100.0,,,11436800.0,911076,,11781200.0,,16662900.0,588.0,25039000.0,,17484600.0,,4710000.0,,,,,,4399800.0,,29673000.0,,188094.0,10803600.0,,4491500.0,749,229322500.0,,3769000.0,,37322500.0,,5876000.0,,0.0,4274500.0,,,,639200.0,1046893.0,0.0,62415000.0,,,6132500.0,,5885800.0,,,,29059500.0,,9436000.0,,124581800.0,,22114700.0,,,,,,91.0,,,,34497000.0,,4994400.0,2331480.0,,,3408900.0,1229.0,,,40925300.0,,2297300.0,,72119600.0,,13316.0,,,,37888500.0,,9790320.0,,,,,,368600.0,,,2130800.0,,6881600.0,,92431600.0,,95423300.0,,10261900.0,,1452700.0,,4574100.0,,2171530.0,,28553800.0,,761200.0,,8800.0,,2958860.0,,4271300.0,,7696700.0,275,5484232.0,21.0,3807800.0,,10834600.0,,,,5857000.0,,22120800.0,,11.0,,,,1639700.0,226.0
2025-01-04,,,,,,,,,,,,,,,,,,,,,,,,,,,,,,,,,,,,,,,,,,,,,,,,,,,,,,,,,,,,,,,,,,37.0,,,,,,,,,,,,,176728,,,,,,,,,,,,,,,,,,,,,,,,,,,,153941,,,,,,0.0,,,,,,,,,,,,,,,,8.0,,,,,,,,,,,,,,,,,,,,,,,,,,,,,,,,,,,,,,,,,,,,,1004007,,,,,3371.0,,,,,,,,,,,,,,,,,,,321,,,,,,,,,,,,,,,1356659.0,,,,,,,,,,,,,,112.0,,,,,,,,,,,,,,,,1898742.0,,,,193.0,,,,,,,,,,,,,,,,,,,,,,,,,,,,,,,,,,,,,,,,,,,,,,,,,,,262,,12.0,,,,,,,,,,,0.0,,,,,54.0
2025-01-05,,,,,,,,,,,,,,,,,,,,,,,,,,,,,,,,,,,,,,,,,,,,,,,,,,,,,,,,,,,,,,,,,,0.0,,,,,,,,,,,,,198924,,,,,,,,,,,,,,,,,,,,,,,,,,,,213582,,,,,,0.0,,,,,,,,,,,,,,,,36.0,,,,,,,,,,,,,,,,,,,,,,,,,,,,,,,,,,,,,,,,,,,,,2153110,,,,,5829.0,,,,,,,,,,,,,,,,,,,701,,,,,,,,,,,,,,,929735.0,,,,,,,,,,,,,,0.0,,,,,,,,,,,,,,,,2126094.0,,,,593.0,,,,,,,,,,,,,,,,,,,,,,,,,,,,,,,,,,,,,,,,,,,,,,,,,,,576,,19.0,,,,,,,,,,,0.0,,,,,82.0
2025-01-06,7320382.0,782307.0,19034284.0,813823.0,770359.0,1716218.0,438799.0,7620755.0,16869318.0,32397026.0,166161841.0,26393200.0,27783624.0,,8243227.0,4706900.0,,45045600.0,,3994400.0,,3237400.0,,8475500.0,,48020200.0,,31849800.0,,3895700.0,,7056700.0,,2761100.0,,7113800.0,,34028400.0,,381800.0,,18077100.0,,,,6592500.0,,8698800.0,,,,30700.0,,,,4072900.0,,,,,2203100.0,,,49229.0,1590700.0,0.0,,,1651600.0,,,306042.0,3239200.0,,10835000.0,,,1970400.0,170571,,,5725800.0,,5785300.0,,11596800.0,,,,18543300.0,,,,8361800.0,,6274400.0,,8485000.0,,,,5520600.0,,5238700.0,,4842100.0,281028,4912300.0,,22129400.0,,2641300.0,0.0,4130700.0,,16000.0,,960.0,3419100.0,,,3713100.0,,12609400.0,,29563600.0,,2257000.0,307.0,,3274500.0,,485.0,9048400.0,,,,22219300.0,,21505800.0,,,2846700.0,,83271000.0,,,,20376500.0,,23541900.0,,9917800.0,,16764000.0,,17924200.0,,,10356800.0,,13300.0,,,,1804200.0,,3991100.0,,15164600.0,,,14560800.0,4045573,,15261600.0,,20573600.0,7082.0,26707300.0,,42903300.0,,11026000.0,,,,,,5761500.0,,34577000.0,,228124.0,14600600.0,,4254500.0,998,265377400.0,,10695700.0,,15491300.0,,6845400.0,,0.0,7109500.0,,,,848400.0,1415729.0,45.0,105619500.0,,,7869200.0,,9599800.0,,,,36109700.0,,5416400.0,,58377100.0,,22305400.0,,,,,,186.0,,,,56472600.0,,10533200.0,2374526.0,,,4130100.0,210.0,,,32859000.0,,3402900.0,,95159500.0,,20377.0,,,,47679400.0,,9559100.0,,,17553.0,,,421300.0,,,3888100.0,,8484400.0,,92050000.0,,85516500.0,,24339900.0,,1233400.0,,4682000.0,,3275720.0,,32980700.0,,473900.0,,4500.0,,2315040.0,,6567300.0,,9688500.0,89,8775194.0,270.0,3911800.0,,14519900.0,,,,5169300.0,,22835200.0,,,,,,2425600.0,157.0
2025-01-07,6075445.0,511955.0,17030235.0,472125.0,603701.0,2583432.0,753370.0,7687264.0,142920468.0,23995447.0,432841993.0,29200585.0,30932550.0,,8384171.0,1974700.0,,40856000.0,,4181400.0,,3977600.0,,7332100.0,,39220400.0,,28084200.0,,6622400.0,,5602800.0,,1490200.0,,4450100.0,,25928600.0,,184100.0,,11144100.0,,,,4844000.0,,10424000.0,,,,17400.0,,,,3507200.0,,,,,2729100.0,,,37188.0,1607400.0,198.0,,,2359000.0,,,277328.0,4034400.0,,11614700.0,,,1888000.0,135451,,,5360200.0,,4643100.0,,10587200.0,,,,16863800.0,,,,6081900.0,,7878800.0,,9428000.0,,,,3867000.0,,4052300.0,,4525700.0,160858,3341500.0,,28764100.0,,4634200.0,0.0,3162300.0,,10600.0,,643.0,2728200.0,,,3645200.0,,13360700.0,,26487200.0,,2021900.0,205.0,,2274300.0,,814.0,10929200.0,,,,17649200.0,,12107300.0,,,3299300.0,,61726100.0,,,,15144100.0,,28835200.0,,8753400.0,,12834000.0,,17799600.0,,,12348600.0,,11200.0,,,,1714500.0,,3576100.0,,10896600.0,,,12071500.0,4209315,,10686900.0,,18139100.0,4317.0,24736800.0,,53570000.0,,15970000.0,,,,,,8432300.0,,26498000.0,,182148.0,15385500.0,,5667000.0,787,351782200.0,,9567900.0,,8343400.0,,7712200.0,,0.0,6492400.0,,,,1203600.0,816716.0,6.0,91727300.0,,,6080800.0,,7666000.0,,,,36690300.0,,4201100.0,,35938000.0,,19138800.0,,,,,,6.0,,,,33287800.0,,7661100.0,1760034.0,,,6588500.0,3182.0,,,38956300.0,,2719200.0,,79205700.0,,18520.0,,,,60393100.0,,12434400.0,,,76299.0,,,620900.0,,,3228200.0,,11190600.0,,111021000.0,,75699500.0,,17010000.0,,2250900.0,,5035200.0,,3082670.0,,35347800.0,,647600.0,,9400.0,,4114880.0,,4958600.0,,7258000.0,971,5982209.0,411.0,7357400.0,,11238000.0,,,,9850200.0,,25035800.0,,,,,,2150000.0,231.0
2025-01-08,4275792.0,603411.0,26593553.0,406346.0,523637.0,3593390.0,447480.0,8151095.0,95456188.0,19945229.0,298899129.0,28637118.0,25790556.0,,7835354.0,2644500.0,,37628900.0,,3508800.0,,3683800.0,,4581700.0,,46723100.0,,25033300.0,,3924200.0,,3418700.0,,1185400.0,,4722800.0,,18756500.0,,268300.0,,9661800.0,,,,6433800.0,,7174400.0,,,,7300.0,,,,3933300.0,,,,,2237200.0,,,46650.0,1828800.0,0.0,,,1498500.0,,,328617.0,2574300.0,,5951100.0,,,1774800.0,168389,,,3719700.0,,3788200.0,,10199200.0,,,,14400300.0,,,,5137700.0,,7805300.0,,10333100.0,,,,22044700.0,,3607300.0,,3313200.0,778280,5101800.0,,16795000.0,,2212800.0,0.0,1812100.0,,8600.0,,999.0,3160100.0,,,2976100.0,,6320000.0,,24864800.0,,1513400.0,84.0,,2848500.0,,441.0,11265200.0,,,,14022200.0,,14520700.0,,,2619800.0,,47897100.0,,,,14441700.0,,26795900.0,,8675300.0,,10934000.0,,14412400.0,,,6966800.0,,3700.0,,,,1114500.0,,3478400.0,,8690800.0,,,10085800.0,6923879,,8372800.0,,15054600.0,1506.0,18274800.0,,33516900.0,,7770000.0,,,,,,4187100.0,,23479000.0,,189259.0,9214700.0,,7108500.0,352,227349900.0,,9196400.0,,20144700.0,,7596200.0,,0.0,11015200.0,,,,1226500.0,1276802.0,18.0,91349500.0,,,7400000.0,,7731900.0,,,,30777800.0,,4202600.0,,33065300.0,,18750200.0,,,,,,46.0,,,,25899100.0,,5189500.0,2165354.0,,,5407800.0,1059.0,,,28712100.0,,3277300.0,,69523500.0,,16231.0,,,,47304700.0,,12668320.0,,,49941.0,,,858700.0,,,2178100.0,,11708300.0,,96021200.0,,73038800.0,,13262700.0,,1976300.0,,4230400.0,,2761750.0,,24523300.0,,570800.0,,2200.0,,4061080.0,,5161600.0,,4115800.0,264,6107762.0,0.0,4493900.0,,13453600.0,,,,7529900.0,,28483800.0,,,,,,2850700.0,231.0
2025-01-09,6692254.0,866529.0,24490592.0,459274.0,777551.0,2357741.0,573671.0,8978910.0,60578450.0,17953352.0,171639459.0,29351017.0,26551311.0,,6284868.0,,,,,,,,,,,,,,,,,,,,,,,,,,,,,,,,,,,,,,,,,,,,,,,,,31706.0,,513.0,,,,,,213421.0,,,,,,,158946,,,,,,,,,,,,,,,,,,,,,,,,,,,,357571,,,,,,10.0,,,,,1139.0,,,,,,,,,,,150.0,,,,281.0,,,,,,,,,,,,,,,,,,,,,,,,,,,,,,,,,,,,,,,,,25231796,,,,,2610.0,,,,,,,,,,,,,,,145203.0,,,,432,,,,,,,,,6.0,,,,,,1066412.0,28.0,,,,,,,,,,,,,71.0,,,,,,,,,192.0,,,,,,,2101162.0,,,,422.0,,,,,,,,,,,,,,,,,,110023.0,,,,,,,,,,,,,,,,,,,,,,,,,,,,,,,,,205,,0.0,,,,,,,,,,,,,,,,378.0
2025-01-10,6149475.0,1951806.0,16059223.0,265143.0,441863.0,1224263.0,344963.0,10497610.0,37053933.0,24510361.0,122895840.0,53030279.0,30901748.0,,6852051.0,1718100.0,,61710900.0,,5564300.0,,2420600.0,,6325300.0,,59415600.0,,36811500.0,,4238400.0,,3156700.0,,1515800.0,,4171000.0,,23864000.0,,138000.0,,15393900.0,,,,4714900.0,,7436500.0,,,,3500.0,,,,5471900.0,,,,,5077900.0,,,92049.0,2773900.0,831.0,,,1843300.0,,,478432.0,4845700.0,,5579200.0,,,2765800.0,185177,,,3841700.0,,6540000.0,,11326800.0,,,,17274500.0,,,,8213400.0,,8835500.0,,11490700.0,,,,8234600.0,,3805000.0,,3082800.0,123634,4427400.0,,14737800.0,,3034100.0,0.0,1949100.0,,30000.0,,403.0,2387000.0,,,4492300.0,,7068200.0,,26665200.0,,2817900.0,10.0,,5323400.0,,298.0,9237100.0,,,,13972900.0,,26537200.0,,,3570300.0,,71244600.0,,,,11952200.0,,37379400.0,,10256800.0,,12545000.0,,22425000.0,,,7472200.0,,15200.0,,,,1236400.0,,3973100.0,,11957600.0,,,19256600.0,14730926,,10782000.0,,20201100.0,2557.0,16478700.0,,20512600.0,,5286000.0,,,,,,7197800.0,,48033000.0,,229112.0,13624500.0,,7886500.0,399,207602500.0,,6774700.0,,6276300.0,,13593900.0,,6.0,5727200.0,,,,2820700.0,689230.0,15.0,78148600.0,,,11341200.0,,6236800.0,,,,40532500.0,,4003800.0,,23209000.0,,15340000.0,,,,,,60.0,,,,29754900.0,,6901500.0,2220050.0,,,5902700.0,536.0,,,33470100.0,,4818000.0,,85395000.0,,17250.0,,,,73105000.0,,14137620.0,,,90680.0,,,963000.0,,,1928800.0,,11586100.0,,145651600.0,,62287300.0,,17265200.0,,1420400.0,,7223500.0,,2593080.0,,30728800.0,,352000.0,,3400.0,,4273720.0,,6660100.0,,5205600.0,58,6156316.0,40.0,5814100.0,,18140900.0,,,,12953300.0,,34075800.0,,,,,,2750300.0,134.0
2025-01-11,,,,,,,,,,,,,,,,,,,,,,,,,,,,,,,,,,,,,,,,,,,,,,,,,,,,,,,,,,,,,,,,,,0.0,,,,,,,,,,,,,151809,,,,,,,,,,,,,,,,,,,,,,,,,,,,183547,,,,,,0.0,,,,,,,,,,,,,,,,6.0,,,,,,,,,,,,,,,,,,,,,,,,,,,,,,,,,,,,,,,,,,,,,32552744,,,,,6309.0,,,,,,,,,,,,,,,,,,,1151,,,,,,,,,,,,,,,555814.0,,,,,,,,,,,,,,4.0,,,,,,,,,,,,,,,,1688966.0,,,,358.0,,,,,,,,,,,,,,,,,,102093.0,,,,,,,,,,,,,,,,,,,,,,,,,,,,,,,,,27,,0.0,,,,,,,,,,,,,,,,16.0
2025-01-12,,,,,,,,,,,,,,,,,,,,,,,,,,,,,,,,,,,,,,,,,,,,,,,,,,,,,,,,,,,,,,,,,,13.0,,,,,,,,,,,,,160056,,,,,,,,,,,,,,,,,,,,,,,,,,,,225691,,,,,,0.0,,,,,,,,,,,,,,,,612.0,,,,,,,,,,,,,,,,,,,,,,,,,,,,,,,,,,,,,,,,,,,,,5690968,,,,,2886.0,,,,,,,,,,,,,,,,,,,1477,,,,,,,,,,,,,,,1114810.0,,,,,,,,,,,,,,31.0,,,,,,,,,,,,,,,,1807279.0,,,,885.0,,,,,,,,,,,,,,,,,,96326.0,,,,,,,,,,,,,,,,,,,,,,,,,,,,,,,,,10,,211.0,,,,,,,,,,,,,,,,52.0
2025-01-13,4767294.0,867629.0,16868600.0,275227.0,543782.0,1138794.0,464331.0,8008114.0,34785015.0,16426620.0,126426992.0,35746715.0,37818018.0,,4584094.0,2206300.0,,49630700.0,,4558800.0,,3793900.0,,5465800.0,,39128900.0,,27262700.0,,3809100.0,,3343200.0,,1321800.0,,8898100.0,,23772100.0,,361600.0,,10726600.0,,,,5348600.0,,9902700.0,,,,6600.0,,,,3639200.0,,,,,3274800.0,,,77109.0,2746000.0,1103.0,,,1355100.0,,,460942.0,3660400.0,,7019500.0,,,1693800.0,148184,,,4340900.0,,4583000.0,,13351600.0,,,,19340700.0,,,,11518100.0,,6690200.0,,6893700.0,,,,4122200.0,,4544600.0,,3094900.0,313745,2671800.0,,13659400.0,,3454600.0,0.0,5130900.0,,5300.0,,765.0,3267900.0,,,4569900.0,,5567000.0,,21823700.0,,1871200.0,0.0,,3512900.0,,231.0,11874800.0,,,,13763100.0,,14949500.0,,,3716800.0,,50669000.0,,,,10331500.0,,28603800.0,,10005300.0,,13186000.0,,18016200.0,,,6219200.0,,7300.0,,,,1996100.0,,3683800.0,,8321800.0,,,10785000.0,4317535,,9615400.0,,17604800.0,429.0,15914500.0,,22699100.0,,4220000.0,,,,,,11185500.0,,30245000.0,,195514.0,13484000.0,,8563000.0,936,204808900.0,,7412400.0,,8172000.0,,8828500.0,,6.0,7402300.0,,,,3350800.0,1214743.0,8.0,69046300.0,,,7402400.0,,5714700.0,,,,31694200.0,,4368200.0,,28042700.0,,18040200.0,,,,,,2.0,,,,33913100.0,,6007500.0,1826283.0,,,4399600.0,1212.0,,,32197100.0,,2699000.0,,68286400.0,,12998.0,,,,47910100.0,,9685600.0,,,76790.0,,,822100.0,,,1304500.0,,7931600.0,,113382000.0,,67580500.0,,16612400.0,,957500.0,,4799600.0,,2203370.0,,23960100.0,,254000.0,,800.0,,2848200.0,,9568400.0,,6856600.0,84,5228231.0,3.0,4203600.0,,18617100.0,,,,13193300.0,,48896200.0,,,,,,1885000.0,503.0
2025-01-14,3019149.0,547856.0,17465926.0,271971.0,499095.0,1120814.0,253992.0,5880779.0,40623785.0,35811756.0,122182323.0,38343364.0,58761811.0,,7968358.0,2625800.0,,39435300.0,,3577100.0,,2710400.0,,3842100.0,,37005300.0,,24711700.0,,3227500.0,,3240300.0,,1022600.0,,4837100.0,,18143100.0,,170300.0,,8773700.0,,,,5132100.0,,5864900.0,,,,500.0,,,,4055600.0,,,,,2686900.0,,,67129.0,2331700.0,778.0,,,1229900.0,,,326729.0,2836600.0,,5704100.0,,,1683800.0,208661,,,3122000.0,,5935200.0,,10141200.0,,,,16715500.0,,,,8366200.0,,5501600.0,,7363800.0,,,,4513900.0,,3784500.0,,8238200.0,165866,3510300.0,,13166400.0,,2130800.0,0.0,2114700.0,,27800.0,,794.0,3095600.0,,,2949000.0,,11796600.0,,17174900.0,,2221900.0,0.0,,3405200.0,,452.0,7157000.0,,,,32498800.0,,17645900.0,,,3485500.0,,47147500.0,,,,9788900.0,,25447500.0,,12407400.0,,10390000.0,,16658300.0,,,6466400.0,,15900.0,,,,1192300.0,,10373000.0,,9033100.0,,,13598000.0,2606001,,6889700.0,,16935900.0,429.0,17889500.0,,18613400.0,,2572000.0,,,,,,10025500.0,,30377000.0,,167416.0,10196900.0,,6361500.0,392,195590500.0,,13694900.0,,4833800.0,,7410200.0,,6.0,4914900.0,,,,724900.0,823132.0,1.0,56814900.0,,,8958400.0,,6476500.0,,,,33737200.0,,4914000.0,,30031800.0,,13862800.0,,,,,,66.0,,,,21517900.0,,3791500.0,2062648.0,,,6325900.0,510.0,,,34100800.0,,4312600.0,,79759400.0,,10721.0,,,,48420600.0,,10532540.0,,,86802.0,,,476100.0,,,1300000.0,,9288100.0,,125271000.0,,84565000.0,,14182900.0,,876200.0,,4254200.0,,2104810.0,,25735800.0,,328800.0,,500.0,,2655800.0,,5107600.0,,6231600.0,694,5924923.0,1.0,3733600.0,,13549200.0,,,,13113500.0,,31173000.0,,,,,,1537500.0,63.0
2025-01-15,3620460.0,492913.0,18625025.0,397814.0,678808.0,926767.0,320655.0,7096912.0,29158255.0,24461374.0,79201609.0,29329735.0,29515844.0,,5541590.0,2657200.0,,39832000.0,,4345800.0,,3254400.0,,5908600.0,,38185800.0,,31291300.0,,3825400.0,,4849800.0,,1864400.0,,4510600.0,,21745600.0,,386200.0,,11655700.0,,,,3403600.0,,6677700.0,,,,2200.0,,,,4719400.0,,,,,3437900.0,,,69122.0,1984500.0,146.0,,,1906000.0,,,321422.0,2009700.0,,9113900.0,,,1839400.0,217280,,,4452600.0,,6042700.0,,11528400.0,,,,19185100.0,,,,9106100.0,,6296900.0,,15576000.0,,,,4351300.0,,3968300.0,,3094900.0,272208,3538900.0,,22435300.0,,3760900.0,0.0,5609200.0,,17600.0,,930.0,2524000.0,,,4151300.0,,6025400.0,,21776000.0,,5119800.0,6.0,,4584800.0,,298.0,10510600.0,,,,32265300.0,,17963000.0,,,2951600.0,,56306000.0,,,,12268900.0,,30124700.0,,18448500.0,,13683000.0,,16187200.0,,,5906600.0,,4200.0,,,,1141200.0,,5736900.0,,11085800.0,,,15524300.0,2457087,,10579600.0,,19637800.0,321.0,19941300.0,,27568100.0,,6648000.0,,,,,,10053300.0,,31814000.0,,169338.0,25953900.0,,6437500.0,664,185217300.0,,9021500.0,,5071700.0,,10701200.0,,6.0,7705800.0,,,,716200.0,936854.0,115.0,56025800.0,,,10024100.0,,9284000.0,,,,34957600.0,,5164800.0,,28674500.0,,15252200.0,,,,,,21.0,,,,27416700.0,,5316800.0,2234402.0,,,7010700.0,254.0,,,38873100.0,,4733900.0,,69461300.0,,13276.0,,,,56900200.0,,13107900.0,,,67045.0,,,980800.0,,,1871200.0,,9064200.0,,106919200.0,,81375500.0,,18286500.0,,1332000.0,,6288600.0,,2499980.0,,22704800.0,,255100.0,,0.0,,3731180.0,,5222000.0,,4268100.0,288,6624129.0,1.0,3139100.0,,17348200.0,,,,13214800.0,,34657800.0,,,,,,2045700.0,221.0
2025-01-16,6029645.0,435312.0,18627298.0,309865.0,642605.0,1257012.0,301418.0,6733592.0,26141103.0,26695765.0,137814016.0,71047774.0,37707184.0,,14628624.0,1928700.0,,71759100.0,,4185600.0,,4186500.0,,10825400.0,,29414100.0,,24757300.0,,2496200.0,,4353400.0,,2407600.0,,3388300.0,,23471900.0,,232200.0,,7566500.0,,,,3024800.0,,6639300.0,,,,3900.0,,,,3475700.0,,,,,3061700.0,,,69075.0,1974700.0,1356.0,,,1393000.0,,,159948.0,1477600.0,,6751100.0,,,1353000.0,209118,,,4018800.0,,5047700.0,,9779600.0,,,,18445700.0,,,,6073500.0,,7872800.0,,9748900.0,,,,2945400.0,,4016400.0,,4075200.0,377983,2884200.0,,24915500.0,,2943500.0,0.0,2513800.0,,9800.0,,1721.0,2111600.0,,,2983600.0,,4432000.0,,17815400.0,,3224500.0,40.0,,2305900.0,,200.0,9732000.0,,,,18649700.0,,11090300.0,,,3329100.0,,44898100.0,,,,7318400.0,,21029800.0,,15292300.0,,20196000.0,,12585500.0,,,5440400.0,,3700.0,,,,1617400.0,,3070300.0,,19156600.0,,,8355300.0,13121991,,12181900.0,,15300000.0,505.0,14826600.0,,16243800.0,,5038000.0,,,,,,5614900.0,,40285000.0,,193018.0,30567400.0,,3164500.0,196,209235600.0,,6322400.0,,3917800.0,,9210600.0,,6.0,6635600.0,,,,757900.0,821439.0,0.0,62908700.0,,,5816400.0,,7188900.0,,,,28229000.0,,3341600.0,,38996400.0,,10860200.0,,,,,,109.0,,,,26766800.0,,5696100.0,2078315.0,,,4432700.0,28.0,,,43586900.0,,4476000.0,,78881100.0,,15588.0,,,,43319700.0,,9035220.0,,,96816.0,,,515900.0,,,1981400.0,,7889800.0,,93055400.0,,68335200.0,,38539600.0,,1282200.0,,7463300.0,,2194430.0,,29013100.0,,355400.0,,32600.0,,2315960.0,,4606700.0,,4427700.0,52,7025527.0,383.0,4487000.0,,13267700.0,,,,6917100.0,,25230600.0,,,,,,1803100.0,118.0
2025-01-17,5041329.0,813817.0,18805344.0,414875.0,701799.0,1712024.0,390497.0,5405536.0,17138321.0,15044740.0,94838569.0,44653942.0,20474850.0,,6501004.0,2358700.0,,68488300.0,,4012700.0,,3245900.0,,8115100.0,,35765900.0,,42370100.0,,4175700.0,,4217300.0,,1933600.0,,5150700.0,,31196600.0,,211200.0,,21132400.0,,,,5494800.0,,10435500.0,,,,4200.0,,,,6467000.0,,,,,3442200.0,,,42284.0,2605900.0,15.0,,,1563600.0,,,112409.0,2327600.0,,11290100.0,,,2375000.0,216211,,,6461200.0,,6303600.0,,19662000.0,,,,23876400.0,,,,6344500.0,,7144300.0,,7145400.0,,,,3719100.0,,2116600.0,,2366300.0,638002,3437700.0,,22205400.0,,2206700.0,0.0,7467800.0,,7000.0,,1214.0,2363800.0,,,5472700.0,,8977500.0,,27735100.0,,3425200.0,30.0,,3229000.0,,288.0,18881000.0,,,,35226600.0,,19931100.0,,,5506800.0,,166483900.0,,,,17125400.0,,26754900.0,,17678100.0,,14025000.0,,17948900.0,,,4519600.0,,20400.0,,,,1874200.0,,5560100.0,,10351000.0,,,17280600.0,3794304,,14869600.0,,26197500.0,576.0,24339100.0,,18908900.0,,4422000.0,,,,,,4959400.0,,36176000.0,,204277.0,17200700.0,,5409500.0,796,201188800.0,,21265300.0,,3928200.0,,11618300.0,,6.0,5500400.0,,,,637200.0,991655.0,19.0,54754000.0,,,16499700.0,,8097500.0,,,,51837900.0,,3375500.0,,65184000.0,,14068300.0,,,,,,5.0,,,,24396500.0,,5387300.0,2074836.0,,,4162200.0,2159.0,,,40496500.0,,2992800.0,,69688900.0,,17976.0,,,,58070600.0,,11154500.0,,,66501.0,,,540400.0,,,2253700.0,,5787300.0,,87352200.0,,94991400.0,,21606100.0,,1443700.0,,5407500.0,,2521840.0,,27139200.0,,447900.0,,600.0,,1899480.0,,5805800.0,,4915100.0,140,9473342.0,538.0,4069400.0,,15868200.0,,,,7383900.0,,23899600.0,,,,,,2923900.0,156.0
2025-01-18,,,,,,,,,,,,,,,,,,,,,,,,,,,,,,,,,,,,,,,,,,,,,,,,,,,,,,,,,,,,,,,,,,11986.0,,,,,,,,,,,,,396397,,,,,,,,,,,,,,,,,,,,,,,,,,,,374445,,,,,,0.0,,,,,,,,,,,,,,,,40.0,,,,,,,,,,,,,,,,,,,,,,,,,,,,,,,,,,,,,,,,,,,,,2476046,,,,,70.0,,,,,,,,,,,,,,,,,,,573,,,,,,,,,,,,,,,1156917.0,,,,,,,,,,,,,,,,,,,,,,,,,,,,,,2109834.0,,,,449.0,,,,,,,,,,,,,,,,,,86028.0,,,,,,,,,,,,,,,,,,,,,,,,,,,,,,,,,242,,899.0,,,,,,,,,,,,,,,,228.0
2025-01-19,,,,,,,,,,,,,,,,,,,,,,,,,,,,,,,,,,,,,,,,,,,,,,,,,,,,,,,,,,,,,,,,,,0.0,,,,,,,,,,,,,987465,,,,,,,,,,,,,,,,,,,,,,,,,,,,811322,,,,,,0.0,,,,,,,,,,,,,,,,109.0,,,,,,,,,,,,,,,,,,,,,,,,,,,,,,,,,,,,,,,,,,,,,1619003,,,,,2106.0,,,,,,,,,,,,,,,,,,,1074,,,,,,,,,,,,,,,1495690.0,,,,,,,,,,,,,,,,,,,,,,,,,,,,,,2465697.0,,,,953.0,,,,,,,,,,,,,,,,,,96871.0,,,,,,,,,,,,,,,,,,,,,,,,,,,,,,,,,841,,860.0,,,,,,,,,,,,,,,,581.0
2025-01-20,3036234.0,571176.0,11822531.0,201645.0,398841.0,959141.0,236456.0,5681869.0,31141403.0,26033180.0,166721242.0,39065204.0,62838210.0,,5076088.0,,,,,,,,,,,,,,,,,,,,,,,,,,,,,,,,,,,,,,,,,,,,,,,,,,,95.0,,,,,,,,,,,,,717843,,,,,,,,,,,,,,,,,,,,,,,,,,,,464741,,,,,,0.0,,,,,,,,,,,,,,,,5.0,,,,,,,,,,,,,,,,,,,,,,,,,,,,,,,,,,,,,,,,,,,,,2201248,,,,,0.0,,,,,,,,,,,,,,,,,,,1671,,,,,,,,,,,,,,,1253627.0,,,,,,,,,,,,,,,,,,,,,,,,,,,,,,2299109.0,,,,469.0,,,,,,,,,,,,,,,,,,106804.0,,,,,,,,,,,,,,,,,,,,,,,,,,,,,,,,,293,,1653.0,,,,,,,,,,,,,,,,777.0
2025-01-21,3323212.0,833996.0,13535702.0,268429.0,357682.0,1249024.0,352784.0,7125158.0,25249668.0,21259665.0,136275839.0,38273868.0,41021524.0,,8030853.0,6208500.0,,98070400.0,,3833300.0,,5684800.0,,7959100.0,,31578800.0,,39951500.0,,4919800.0,,6807500.0,,1332000.0,,7814000.0,,30903200.0,,414500.0,,17099500.0,,,,7224200.0,,11430300.0,,,,11700.0,,,,4910200.0,,,,,3220900.0,,,83935.0,3144500.0,0.0,,,2319900.0,,,568807.0,3019200.0,,12912400.0,,,2042400.0,285068,,,6235000.0,,6397200.0,,10744000.0,,,,18623800.0,,,,8636000.0,,8643700.0,,8708200.0,,,,3863900.0,,4044700.0,,4170900.0,391573,4194800.0,,18353100.0,,3042500.0,0.0,3153900.0,,29700.0,,1439.0,4223300.0,,,7148400.0,,5867800.0,,29971300.0,,5076700.0,11.0,,3568100.0,,493.0,11636000.0,,,,29947100.0,,11827700.0,,,3982200.0,,96262200.0,,,,29293600.0,,26086300.0,,13712100.0,,13700000.0,,19817100.0,,,4769800.0,,16100.0,,,,1825900.0,,5122800.0,,10978300.0,,,11674000.0,7154286,,12770700.0,,26085700.0,1086.0,26215800.0,,23533600.0,,6390000.0,,,,,,6532200.0,,98514000.0,,209907.0,18114600.0,,7197000.0,252,197749000.0,,8094300.0,,4724600.0,,30232000.0,,6.0,6421700.0,,,,812200.0,1100245.0,27.0,56229000.0,,,12629300.0,,7380500.0,,,,23628000.0,,7475500.0,,44540100.0,,62027700.0,,,,,,215.0,,,,40097600.0,,4923000.0,1541195.0,,,5279100.0,400.0,,,67982600.0,,3143800.0,,60897500.0,,15486.0,,,,42532900.0,,8584980.0,,,89837.0,,,423900.0,,,4083000.0,,6555300.0,,83451800.0,,87320900.0,,19061300.0,,1611200.0,,9621700.0,,2850350.0,,21423600.0,,850100.0,,2200.0,,2716940.0,,5653000.0,,7427400.0,107,9321329.0,259.0,7023600.0,,23247500.0,,,,8509700.0,,49302000.0,,,,,,2470800.0,216.0
2025-01-22,5901740.0,832710.0,18341991.0,313614.0,555170.0,3386393.0,1314488.0,5013881.0,17859069.0,23821319.0,106122696.0,84480270.0,39709233.0,,5385226.0,4503500.0,,64126500.0,,3391600.0,,4027500.0,,7288600.0,,35023800.0,,41448200.0,,4582100.0,,27244400.0,,1699900.0,,8086000.0,,29610500.0,,366200.0,,10354800.0,,,,8186000.0,,7682400.0,,,,4100.0,,,,5838500.0,,,,,3042600.0,,,40868.0,1994800.0,6439.0,,,3401900.0,,,315333.0,3148900.0,,6668900.0,,,2155000.0,334293,,,4873000.0,,7259300.0,,14435600.0,,,,19436600.0,,,,12846400.0,,8781700.0,,6902000.0,,,,3875700.0,,2769500.0,,2353800.0,231872,3612200.0,,24726500.0,,4047200.0,0.0,4851900.0,,28900.0,,2079.0,4973900.0,,,10469000.0,,5025400.0,,26200600.0,,2835700.0,3.0,,3581400.0,,445.0,7627200.0,,,,20153200.0,,14117400.0,,,4759500.0,,60972600.0,,,,18511800.0,,21307300.0,,9021900.0,,12003000.0,,18191900.0,,,3649000.0,,17400.0,,,,2206700.0,,3737800.0,,14716600.0,,,12274000.0,1838121,,10126700.0,,27803800.0,1121.0,16000300.0,,20004300.0,,7108000.0,,,,,,10290100.0,,142732000.0,,128783.0,13115500.0,,8184000.0,3352,237651400.0,,5910400.0,,7804200.0,,48028500.0,,6.0,5517900.0,,,,866300.0,698302.0,6.0,66876400.0,,,7345700.0,,7281700.0,,,,33593000.0,,4999400.0,,35488200.0,,27902200.0,,,,,,7.0,,,,46466200.0,,6616500.0,1956844.0,,,5039900.0,121.0,,,51349800.0,,3345600.0,,57709400.0,,17312.0,,,,48196000.0,,9526980.0,,,83027.0,,,482000.0,,,2262100.0,,4764200.0,,86265400.0,,60963300.0,,17294500.0,,1548500.0,,8222000.0,,3278400.0,,18130000.0,,1215600.0,,6700.0,,1632620.0,,5026500.0,,9963900.0,17,12357482.0,5.0,5214000.0,,15567100.0,,,,8844900.0,,35880200.0,,,,,,2287900.0,52.0
2025-01-23,5994781.0,1032782.0,15588067.0,311761.0,487301.0,1550357.0,515475.0,3950876.0,21256810.0,22982801.0,124771415.0,60841961.0,25525543.0,,6234820.0,1827600.0,,60234800.0,,2716700.0,,6127800.0,,6307300.0,,24921100.0,,26404400.0,,3120100.0,,16494400.0,,1751100.0,,35061300.0,,17653900.0,,163100.0,,9225600.0,,,,9690900.0,,20562300.0,,,,0.0,,,,4424500.0,,,,,2146800.0,,,46348.0,2587400.0,0.0,,,7145900.0,,,350688.0,2208600.0,,11534800.0,,,1352400.0,273331,,,3278900.0,,4355900.0,,9516000.0,,,,14212000.0,,,,5864100.0,,7608300.0,,3781800.0,,,,5689800.0,,2686500.0,,1296700.0,294876,2012400.0,,26975000.0,,3046900.0,0.0,4599400.0,,24100.0,,2201.0,3925000.0,,,5934900.0,,8828200.0,,26951400.0,,2582700.0,0.0,,3840300.0,,488.0,9509000.0,,,,16838700.0,,9303000.0,,,3619700.0,,55778200.0,,,,21953500.0,,20850700.0,,10749700.0,,8218000.0,,16528400.0,,,5508000.0,,6900.0,,,,1302200.0,,3127200.0,,11383300.0,,,9910200.0,888286,,9530800.0,,18389300.0,1707.0,23306500.0,,22677600.0,,6872000.0,,,,,,7608900.0,,77521000.0,,120839.0,12342200.0,,5369500.0,161,155915500.0,,6765800.0,,4018200.0,,17314600.0,,6.0,5490900.0,,,,573700.0,724465.0,0.0,55937900.0,,,7540600.0,,7172300.0,,,,23096600.0,,3568400.0,,39181600.0,,23888100.0,,,,,,2.0,,,,21534400.0,,4704900.0,2802253.0,,,3746300.0,718.0,,,43826700.0,,4099100.0,,44900600.0,,13837.0,,,,41152100.0,,6938440.0,,,80396.0,,,303600.0,,,2214300.0,,5821500.0,,60481000.0,,50690600.0,,8986800.0,,2066900.0,,12694700.0,,3379880.0,,15355400.0,,483300.0,,900.0,,2275660.0,,5297100.0,,7579300.0,12,9339719.0,164.0,4050200.0,,14198400.0,,,,9747100.0,,29359200.0,,,,,,3526400.0,420.0
2025-01-24,3771572.0,1077548.0,11867631.0,271505.0,419464.0,1017256.0,1001032.0,7810490.0,24079119.0,25046616.0,288470060.0,41111589.0,39355209.0,,4772863.0,1914900.0,,54697900.0,,2631800.0,,5465400.0,,6088400.0,,31570300.0,,25890700.0,,2833400.0,,6532400.0,,1505700.0,,12051100.0,,25387800.0,,226400.0,,18791000.0,,,,12244000.0,,9664300.0,,,,2800.0,,,,3070300.0,,,,,2326000.0,,,30464.0,1938200.0,70.0,,,3037900.0,,,319679.0,3182700.0,,9763300.0,,,1562400.0,354691,,,3291600.0,,3299100.0,,9126800.0,,,,17232900.0,,,,5500000.0,,8304500.0,,4881400.0,,,,2522600.0,,2731600.0,,1869600.0,433508,2037700.0,,22286000.0,,2486100.0,0.0,3061300.0,,18900.0,,1593.0,4717500.0,,,4562300.0,,4511600.0,,23877500.0,,3183500.0,0.0,,2369800.0,,476.0,8964300.0,,,,19901100.0,,9462800.0,,,3232900.0,,66300600.0,,,,22650500.0,,19074500.0,,7666300.0,,7454000.0,,19244600.0,,,11007200.0,,12400.0,,,,1786500.0,,4170600.0,,9091900.0,,,19065300.0,862827,,9605600.0,,15549500.0,2035.0,22943800.0,,19743800.0,,3154000.0,,,,,,14055900.0,,45504000.0,,87568.0,27089700.0,,4588500.0,3424,234657600.0,,27095400.0,,4373100.0,,12147200.0,,6.0,3093900.0,,,,509100.0,2842654.0,14.0,77931900.0,,,6004700.0,,5825800.0,,,,19878300.0,,3923200.0,,31519400.0,,23878600.0,,,,,,112.0,,,,31728400.0,,5119900.0,2142102.0,,,2945800.0,111.0,,,55232000.0,,4874100.0,,60111500.0,,13798.0,,,,34604700.0,,6684980.0,,,71082.0,,,212100.0,,,2254000.0,,5002000.0,,72479200.0,,56427100.0,,13183800.0,,1638800.0,,15856600.0,,3100600.0,,14360300.0,,334500.0,,2300.0,,2356700.0,,4327500.0,,8530300.0,45,7999520.0,5.0,4776000.0,,14973800.0,,,,9262800.0,,29156800.0,,,,,,2100000.0,262.0
2025-01-25,,,,,,,,,,,,,,,,,,,,,,,,,,,,,,,,,,,,,,,,,,,,,,,,,,,,,,,,,,,,,,,,,,0.0,,,,,,,,,,,,,285115,,,,,,,,,,,,,,,,,,,,,,,,,,,,196680,,,,,,0.0,,,,,,,,,,,,,,,,1498.0,,,,,,,,,,,,,,,,,,,,,,,,,,,,,,,,,,,,,,,,,,,,,1137767,,,,,0.0,,,,,,,,,,,,,,,,,,,46,,,,,,,,,,,,,,,1016247.0,,,,,,,,,,,,,,,,,,,,,,,,,,,,,,2081016.0,,,,20.0,,,,,,,,,,,,,,,,,,47492.0,,,,,,,,,,,,,,,,,,,,,,,,,,,,,,,,,151,,65.0,,,,,,,,,,,,,,,,81.0
2025-01-26,,,,,,,,,,,,,,,,,,,,,,,,,,,,,,,,,,,,,,,,,,,,,,,,,,,,,,,,,,,,,,,,,,50.0,,,,,,,,,,,,,267832,,,,,,,,,,,,,,,,,,,,,,,,,,,,391326,,,,,,0.0,,,,,,,,,,,,,,,,33.0,,,,,,,,,,,,,,,,,,,,,,,,,,,,,,,,,,,,,,,,,,,,,2020003,,,,,989.0,,,,,,,,,,,,,,,,,,,490,,,,,,,,,,,,,,,852674.0,,,,,,,,,,,,,,,,,,,,,,,,,,,,,,1950961.0,,,,298.0,,,,,,,,,,,,,,,,,,50181.0,,,,,,,,,,,,,,,,,,,,,,,,,,,,,,,,,145,,1139.0,,,,,,,,,,,,,,,,207.0
2025-01-27,,,,,,,,,23605938.0,56237879.0,154106703.0,68194240.0,37485511.0,,3572269.0,6411000.0,,94863400.0,,5086300.0,,16766200.0,,12150200.0,,61067900.0,,49428300.0,,5825400.0,,11715400.0,,4947800.0,,9705600.0,,90569400.0,,305000.0,,25999800.0,,,,21453200.0,,13549400.0,,,,1500.0,,,,4535600.0,,,,,4110700.0,,,40623.0,2964400.0,0.0,,,8227800.0,,,334418.0,12873600.0,,12238800.0,,,3044700.0,203692,,,20178200.0,,15661100.0,,15134000.0,,,,33730300.0,,,,17922300.0,,10176900.0,,5941600.0,,,,4402600.0,,3199600.0,,9212900.0,430470,6111400.0,,20597600.0,,8096200.0,0.0,2215000.0,,9000.0,,984.0,13356800.0,,,9956700.0,,5060300.0,,41728900.0,,3351700.0,311.0,,3699200.0,,710.0,10985000.0,,,,29648700.0,,17887200.0,,,4898400.0,,83582100.0,,,,47261800.0,,27461700.0,,7522300.0,,23578000.0,,20742900.0,,,12160600.0,,61800.0,,,,7619600.0,,3915200.0,,19881300.0,,,28399200.0,7299164,,38462500.0,,35647800.0,708.0,21224400.0,,50696200.0,,10214000.0,,,,,,44540500.0,,46342000.0,,66940.0,20443700.0,,11206500.0,953,818830900.0,,10864900.0,,3832400.0,,42201600.0,,6.0,6113100.0,,,,1853200.0,1356894.0,6.0,76093300.0,,,6923800.0,,15632600.0,,,,60771700.0,,4068600.0,,32343300.0,,17477200.0,,,,,,111.0,,,,59858800.0,,21944900.0,4814098.0,,,7398800.0,14.0,,,107334200.0,,4190400.0,,198431800.0,,39012.0,,,,70361100.0,,16994760.0,,,56694.0,,,351300.0,,,5280400.0,,7536200.0,,161821600.0,,58125500.0,,68667500.0,,2335500.0,,11771300.0,,3502410.0,,20904600.0,,1192200.0,,400.0,,7384140.0,,6636500.0,,47118800.0,120,10044348.0,778.0,4741400.0,,18880600.0,,,,10946600.0,,31993400.0,,,,,,2259100.0,431.0
2025-01-28,,,,,,,,,0.0,0.0,0.0,,0.0,,0.0,3500500.0,,75707600.0,,5376400.0,,9003300.0,,7360500.0,,40554800.0,,41587200.0,,4522300.0,,5572300.0,,2811900.0,,7815300.0,,50316000.0,,179600.0,,31296300.0,,,,16582400.0,,7463400.0,,,,1100.0,,,,3261300.0,,,,,2514200.0,,,29822.0,1788900.0,636.0,,,4677300.0,,,326075.0,5106700.0,,4516600.0,,,2166400.0,267303,,,8567900.0,,12099300.0,,32988800.0,,,,25473300.0,,,,15042700.0,,6516800.0,,6114900.0,,,,3202000.0,,2162600.0,,2166500.0,363773,3133900.0,,17172200.0,,6804800.0,0.0,3583500.0,,43800.0,,2307.0,10396700.0,,,12501400.0,,3169900.0,,24157900.0,,2338000.0,9.0,,2818300.0,,435.0,7679400.0,,,,17600400.0,,30977900.0,,,4485400.0,,73411400.0,,,,22408800.0,,16847400.0,,7375400.0,,13871000.0,,14956000.0,,,6653000.0,,5800.0,,,,3546400.0,,2808800.0,,13597700.0,,,20950100.0,903956,,20322300.0,,23491700.0,2244.0,11461400.0,,34793600.0,,8300000.0,,,,,,22143800.0,,34340000.0,,63816.0,16866700.0,,12188500.0,587,579666400.0,,9534300.0,,2620000.0,,20319300.0,,6.0,8753500.0,,,,728700.0,826330.0,,65916700.0,,,8666000.0,,8720200.0,,,,33194200.0,,5422800.0,,23184600.0,,16086900.0,,,,,,132.0,,,,35715300.0,,11707300.0,3824588.0,,,8558200.0,286.0,,,51829100.0,,4032200.0,,103185300.0,,18590.0,,,,44433300.0,,10805520.0,,,90310.0,,,282600.0,,,2888600.0,,3946900.0,,101033400.0,,48910700.0,,31738800.0,,1616100.0,,8720300.0,,3911630.0,,24988500.0,,590700.0,,3000.0,,3505680.0,,5999600.0,,24199200.0,100,9649036.0,0.0,5522300.0,,14641600.0,,,,9152700.0,,37401800.0,,,,,,4971800.0,139.0
2025-01-29,,,,,,,,,,,,,,,,1998500.0,,45486100.0,,2997600.0,,4832900.0,,5679900.0,,40199100.0,,26091700.0,,3346800.0,,2814300.0,,4971500.0,,19271000.0,,32533700.0,,112000.0,,75053000.0,,,,9895900.0,,7516100.0,,,,1500.0,,,,2524200.0,,,,,3086200.0,,,19845.0,2675800.0,769.0,,,2279300.0,,,312733.0,5357700.0,,6255900.0,,,1713700.0,200453,,,5664900.0,,6266700.0,,17118000.0,,,,17925300.0,,,,8362600.0,,7607100.0,,4023300.0,,,,3537400.0,,7954000.0,,3887600.0,374583,2844300.0,,15951400.0,,6783100.0,0.0,2615400.0,,5000.0,,125692.0,5449800.0,,,14826100.0,,3220400.0,,18218300.0,,1918900.0,3.0,,2384900.0,,1145.0,6040500.0,,,,17767600.0,,15537200.0,,,7079800.0,,86506800.0,,,,13118400.0,,20280500.0,,7684900.0,,7292000.0,,11325600.0,,,10250000.0,,54400.0,,,,1863300.0,,1827600.0,,14558900.0,,,21377800.0,607880,,16052900.0,,23581400.0,1021.0,11716800.0,,25342800.0,,6204000.0,,,,,,12971500.0,,29307000.0,,167840.0,19272800.0,,13097000.0,19,467120600.0,,6843900.0,,3883500.0,,9866600.0,,1.0,6847800.0,,,,537700.0,835973.0,100.0,49262200.0,,,5234500.0,,5118900.0,,,,26649000.0,,5863400.0,,21378100.0,,12874500.0,,,,,,263.0,,,,25802700.0,,8366000.0,5564554.0,,,5219500.0,32.0,,,41382700.0,,4984400.0,,94141700.0,,12380.0,,,,37177400.0,,11526220.0,,,90817.0,,,838900.0,,,2747400.0,,5420700.0,,118481200.0,,68033600.0,,15199500.0,,1430400.0,,4183800.0,,3527710.0,,29592600.0,,309300.0,,1900.0,,3490980.0,,5087300.0,,17317300.0,1658,14111912.0,1131.0,4687400.0,,11261400.0,,,,9893700.0,,20681800.0,,,,,,2200600.0,185.0
2025-01-30,,,,,,,,,,,,,,,,2273300.0,,55658300.0,,3290100.0,,5575200.0,,6013800.0,,29788400.0,,32020700.0,,4018500.0,,4531900.0,,2745600.0,,8845600.0,,42449500.0,,301400.0,,45929000.0,,,,7167900.0,,8132600.0,,,,1300.0,,,,2552200.0,,,,,5636400.0,,,8389.0,4234600.0,0.0,,,2449000.0,,,336475.0,3892800.0,,8637500.0,,,1788200.0,170581,,,5217400.0,,7591100.0,,11140800.0,,,,17079000.0,,,,7952700.0,,6236200.0,,4884300.0,,,,2973300.0,,2437000.0,,1881200.0,341756,3698200.0,,34801900.0,,4152300.0,0.0,6167400.0,,32200.0,,40141.0,5682500.0,,,11414600.0,,3343900.0,,24354700.0,,1812800.0,15.0,,3081300.0,,1598.0,11315800.0,,,,16825700.0,,27898800.0,,,15381900.0,,108167000.0,,,,14453700.0,,25575100.0,,8753500.0,,17110000.0,,13201000.0,,,13274800.0,,86500.0,,,,2867700.0,,2643000.0,,24878500.0,,,29322900.0,603653,,14568200.0,,54586300.0,413.0,12607800.0,,22497100.0,,7944000.0,,,,,,11796600.0,,38678000.0,,201741.0,55209000.0,,31037500.0,431,392925500.0,,5798800.0,,2346000.0,,14981700.0,,1.0,4451200.0,,,,643800.0,7847488.0,119.0,46067500.0,,,7708500.0,,6010600.0,,,,27431300.0,,4168900.0,,17914700.0,,19556500.0,,,,,,557.0,,,,22577100.0,,7676300.0,2268281.0,,,6428300.0,1291.0,,,35552200.0,,3413900.0,,87140400.0,,14214.0,,,,39281300.0,,9590200.0,,,101195.0,,,548400.0,,,8838600.0,,4747600.0,,115171000.0,,98092900.0,,13539000.0,,1213100.0,,5807100.0,,3902780.0,,33246500.0,,664500.0,,6200.0,,2913080.0,,8081300.0,,13358600.0,2485,21901207.0,208.0,3501700.0,,11012200.0,,,,8348000.0,,39092600.0,,,,,,1699500.0,156.0
2025-01-31,11871995.0,986621.0,42186279.0,708321.0,1964710.0,1615426.0,506930.0,7775839.0,,,,,,,,2118800.0,,100959800.0,,4684300.0,,6435500.0,,5898400.0,,40463400.0,,36110200.0,,3353300.0,,8002600.0,,2125700.0,,26527900.0,,41104700.0,,203800.0,,36416400.0,,,,6081700.0,,8918000.0,,,,9200.0,,,,5439800.0,,,,,3007000.0,,,50618.0,2858000.0,47.0,,,2354600.0,,,376335.0,3126100.0,,6514500.0,,,1873800.0,202463,,,9170500.0,,5778000.0,,12483200.0,,,,16554200.0,,,,6077200.0,,7793400.0,,5131100.0,,,,3347200.0,,5203200.0,,5564800.0,189842,5369000.0,,34152400.0,,3989500.0,0.0,4027300.0,,23600.0,,3443.0,4139500.0,,,8511500.0,,4472100.0,,32001100.0,,1995100.0,0.0,,2761000.0,,872.0,19691200.0,,,,14290800.0,,17010800.0,,,7199800.0,,117081700.0,,,,13103000.0,,35330700.0,,7193800.0,,16319000.0,,12096800.0,,,11206000.0,,12900.0,,,,2119000.0,,2561600.0,,18832500.0,,,19303900.0,810183,,15197400.0,,34161900.0,140.0,15533300.0,,20492100.0,,6126000.0,,,,,,11608100.0,,36151000.0,,138212.0,28612000.0,,14333500.0,557,388161100.0,,6542300.0,,3078000.0,,8704600.0,,7.0,4824300.0,,,,829200.0,3701416.0,0.0,78731000.0,,,8331400.0,,7800500.0,,,,38755200.0,,3241400.0,,20333600.0,,20632300.0,,,,,,162.0,,,,37988200.0,,8009900.0,2176501.0,,,4710800.0,612.0,,,47846900.0,,2375100.0,,102136600.0,,22410.0,,,,66566900.0,,14643120.0,,,92617.0,,,885000.0,,,3706900.0,,5983400.0,,118146600.0,,83283600.0,,15746900.0,,1680700.0,,6333700.0,,3997910.0,,19776000.0,,351700.0,,5400.0,,5577820.0,,8624100.0,,11188000.0,31,10873605.0,94.0,3187600.0,,16391200.0,,,,7842300.0,,44537400.0,,,,,,2861500.0,216.0
2025-02-01,,,,,,,,,,,,,,,,,,,,,,,,,,,,,,,,,,,,,,,,,,,,,,,,,,,,,,,,,,,,,,,,,,668.0,,,,,,,,,,,,,187269,,,,,,,,,,,,,,,,,,,,,,,,,,,,234537,,,,,,0.0,,,,,,,,,,,,,,,,25.0,,,,,,,,,,,,,,,,,,,,,,,,,,,,,,,,,,,,,,,,,,,,,1159500,,,,,191.0,,,,,,,,,,,,,,,,,,,463,,,,,,,,,,,,,,,893077.0,,,,,,,,,,,,,,,,,,,,,,,,,,,,,,1870266.0,,,,63.0,,,,,,,,,,,,,,,,,,93921.0,,,,,,,,,,,,,,,,,,,,,,,,,,,,,,,,,148,,67.0,,,,,,,,,,,,,,,,241.0
2025-02-02,,,,,,,,,,,,,,,,,,,,,,,,,,,,,,,,,,,,,,,,,,,,,,,,,,,,,,,,,,,,,,,,,,1442.0,,,,,,,,,,,,,168452,,,,,,,,,,,,,,,,,,,,,,,,,,,,246786,,,,,,0.0,,,,,,,,,,,,,,,,531.0,,,,,,,,,,,,,,,,,,,,,,,,,,,,,,,,,,,,,,,,,,,,,1817426,,,,,0.0,,,,,,,,,,,,,,,,,,,1716,,,,,,,,,,,,,,,1209737.0,,,,,,,,,,,,,,,,,,,,,,,,,,,,,,3780243.0,,,,390.0,,,,,,,,,,,,,,,,,,70998.0,,,,,,,,,,,,,,,,,,,,,,,,,,,,,,,,,725,,71.0,,,,,,,,,,,,,,,,738.0
2025-02-03,7926444.0,911137.0,32344897.0,368952.0,1410072.0,1330582.0,1326733.0,15606930.0,27917841.0,33069351.0,143592266.0,,42691211.0,,3824302.0,3201500.0,,73063300.0,,3348700.0,,5218300.0,,5321300.0,,34586100.0,,37285900.0,,3549600.0,,4104700.0,,1647200.0,,11870000.0,,24507300.0,,213200.0,,29282900.0,,,,5291900.0,,14315200.0,,,,400.0,,,,4232000.0,,,,,2941700.0,,,75087.0,3079300.0,4.0,,,2149800.0,,,517853.0,3046800.0,,9517700.0,,,2751000.0,217713,,,6875300.0,,4549400.0,,14220800.0,,,,20375700.0,,,,12114300.0,,8870700.0,,6101400.0,,,,3541400.0,,5195500.0,,3235600.0,620085,4539700.0,,31448300.0,,3698600.0,0.0,2688900.0,,24100.0,,2649.0,4079400.0,,,6849500.0,,5740500.0,,27838300.0,,2102600.0,4696.0,,2896200.0,,597.0,19020400.0,,,,19031800.0,,16941500.0,,,8408500.0,,77523100.0,,,,21458000.0,,34023300.0,,8381400.0,,12168000.0,,12067900.0,,,13744200.0,,26900.0,,,,2007600.0,,2808800.0,,14537700.0,,,21415700.0,2306664,,11389500.0,,25679100.0,467.0,18207300.0,,18607900.0,,4684000.0,,,,,,11380000.0,,37242000.0,,273510.0,20338300.0,,10080000.0,5778,371235700.0,,5460100.0,,2885700.0,,8250600.0,,0.0,6448300.0,,,,793300.0,1355000.0,0.0,126592700.0,,,11215000.0,,7447100.0,,,,40580800.0,,3611100.0,,21909900.0,,18884700.0,,,,,,444.0,,,,44755500.0,,7479600.0,8934261.0,,,4388700.0,1321.0,,,42781900.0,,3141900.0,,103914300.0,,18986.0,,,,65857200.0,,17833660.0,,,81687.0,,,767800.0,,,3401600.0,,11463900.0,,153257000.0,,93732100.0,,17719800.0,,1741400.0,,6311500.0,,4639430.0,,25290000.0,,768800.0,,2100.0,,8777440.0,,8004500.0,,10950400.0,5361,8414015.0,0.0,4336800.0,,20484200.0,,,,9024300.0,,39816400.0,,,,,,1465500.0,1413.0
2025-02-04,5851146.0,841947.0,27214851.0,351405.0,1432688.0,1168101.0,629803.0,12055350.0,31276268.0,51261036.0,141166344.0,,52094377.0,,8150727.0,4614600.0,,45067300.0,,2647700.0,,3398500.0,,4687100.0,,69412100.0,,29713800.0,,5255600.0,,5086000.0,,1497000.0,,12347300.0,,23768500.0,,331200.0,,29877500.0,,,,3243600.0,,11297800.0,,,,0.0,,,,3238400.0,,,,,3848900.0,,,62716.0,2709800.0,20.0,,,2299900.0,,,452961.0,3554100.0,,6013500.0,,,2001600.0,141676,,,5001800.0,,4965600.0,,11462800.0,,,,12742700.0,,,,7241400.0,,13521100.0,,12385800.0,,,,3035100.0,,2502500.0,,2921200.0,270013,2551600.0,,23408000.0,,4400800.0,0.0,2449300.0,,42000.0,,2187.0,2766400.0,,,4502100.0,,3353700.0,,43856400.0,,1743400.0,111.0,,2150800.0,,567.0,16473400.0,,,,17469600.0,,15540300.0,,,6077700.0,,54098200.0,,,,12914100.0,,17985500.0,,5626000.0,,9999000.0,,15678000.0,,,10852400.0,,19400.0,,,,3098300.0,,4299700.0,,9538800.0,,,13826300.0,1045282,,14220100.0,,20532100.0,133.0,12486000.0,,12827500.0,,3338000.0,,,,,,7675000.0,,60001000.0,,182531.0,20212000.0,,9594000.0,1516,256550000.0,,9880700.0,,1712900.0,,6777000.0,,9.0,5554000.0,,,,762300.0,703247.0,0.0,230806800.0,,,58801900.0,,5457900.0,,,,26046800.0,,5509400.0,,18953000.0,,17138200.0,,,,,,744.0,,,,35954600.0,,4579000.0,8845769.0,,,6903800.0,595.0,,,29013200.0,,4110100.0,,60520500.0,,10764.0,,,,33457800.0,,9443660.0,,,91560.0,,,634200.0,,,3055100.0,,5193300.0,,84634600.0,,57072200.0,,12692900.0,,1661200.0,,5785700.0,,3336570.0,,33786200.0,,937000.0,,12100.0,,3043260.0,,5532600.0,,7636300.0,76,6841233.0,21.0,2731900.0,,15201200.0,,,,8870600.0,,40279800.0,,,,,,1450800.0,425.0
2025-02-05,4245118.0,710413.0,15974885.0,259904.0,2336982.0,779693.0,434946.0,6499482.0,32129392.0,85069542.0,165406601.0,97108077.0,48027206.0,,8359542.0,2668400.0,,39620300.0,,2937800.0,,3336600.0,,3958500.0,,110385200.0,,38727300.0,,3978500.0,,13248400.0,,1249700.0,,10832400.0,,29196000.0,,421600.0,,17017900.0,,,,5364900.0,,6903100.0,,,,5100.0,,,,3782800.0,,,,,3228300.0,,,30739.0,2134200.0,364.0,,,2614600.0,,,289902.0,7404900.0,,5344600.0,,,2047600.0,1755498,,,4487000.0,,4521000.0,,12434400.0,,,,18997400.0,,,,7901800.0,,23310000.0,,6336700.0,,,,4622800.0,,4840200.0,,2052400.0,206734,2384000.0,,19579400.0,,3613900.0,0.0,2799600.0,,6000.0,,4519.0,2810000.0,,,5742200.0,,4580200.0,,70373900.0,,1908200.0,2.0,,2212100.0,,602.0,17369000.0,,,,16616600.0,,12062000.0,,,6165100.0,,66059200.0,,,,15429600.0,,15197300.0,,5704400.0,,6771000.0,,10686800.0,,,9241400.0,,30000.0,,,,2856800.0,,4578900.0,,10738000.0,,,17778200.0,1920367,,13532200.0,,16316700.0,115.0,10874100.0,,15660000.0,,4378000.0,,,,,,6639300.0,,39934000.0,,170256.0,22158000.0,,6696000.0,6088,262230800.0,,14099000.0,,2152600.0,,7866700.0,,0.0,3821200.0,,,,712200.0,569421.0,0.0,90628300.0,,,23631900.0,,15197800.0,,,,21134100.0,,3563600.0,,13827200.0,,15116200.0,,,,,,42.0,,,,82863100.0,,4811100.0,6069979.0,,,4965300.0,56.0,,,27706300.0,,3874100.0,,70330700.0,,10981.0,,,,30653100.0,,7320820.0,,,93138.0,,,498800.0,,,2844600.0,,8170800.0,,79694800.0,,57223300.0,,10997800.0,,1697800.0,,5939800.0,,2893970.0,,78975900.0,,522200.0,,3200.0,,3443360.0,,4939100.0,,8100300.0,693,7064291.0,4.0,3256100.0,,15926700.0,,,,8222900.0,,21772000.0,,,,,,1377400.0,302.0
2025-02-06,4032622.0,605308.0,16466025.0,330138.0,1718369.0,880224.0,401172.0,5068191.0,19585105.0,43989366.0,174418873.0,65465822.0,35817495.0,,6466595.0,2516800.0,,29925300.0,,2568100.0,,4953000.0,,4479100.0,,50426600.0,,60897100.0,,3014500.0,,11885900.0,,1120200.0,,19744000.0,,21169500.0,,330800.0,,12774600.0,,,,4140800.0,,8666700.0,,,,3800.0,,,,3832700.0,,,,,3302200.0,,,41460.0,3007000.0,15.0,,,2937200.0,,,299037.0,9121600.0,,6717700.0,,,2218000.0,648928,,,4706800.0,,13240600.0,,9653200.0,,,,15521800.0,,,,5017400.0,,12470800.0,,5432200.0,,,,2641100.0,,3382700.0,,1373600.0,192840,2376600.0,,18221600.0,,5157300.0,0.0,3402600.0,,28400.0,,3116.0,2460800.0,,,4793500.0,,4349500.0,,29297400.0,,2439200.0,59.0,,2023700.0,,586.0,15790500.0,,,,15893900.0,,10698800.0,,,6128300.0,,45553800.0,,,,14900400.0,,18809400.0,,7264400.0,,5794000.0,,13423400.0,,,11854800.0,,15900.0,,,,5130100.0,,7138500.0,,9903200.0,,,13080700.0,805403,,10687300.0,,16309800.0,918.0,12795200.0,,16141100.0,,4930000.0,,,,,,8747400.0,,31343000.0,,177672.0,13925800.0,,6308500.0,12386,251483600.0,,10576000.0,,2754300.0,,7036900.0,,0.0,3634100.0,,,,582100.0,547299.0,51.0,128217500.0,,,14440500.0,,16293500.0,,,,19434500.0,,6409300.0,,21519500.0,,15384000.0,,,,,,651.0,,,,66262400.0,,4877200.0,6781142.0,,,3724800.0,1770.0,,,46886900.0,,3000900.0,,59735100.0,,8686.0,,,,35771500.0,,7532540.0,,,89370.0,,,269700.0,,,2233200.0,,4936500.0,,76431000.0,,77918200.0,,8491400.0,,2779700.0,,5089800.0,,3265340.0,,45940200.0,,1956900.0,,4900.0,,2636260.0,,4294500.0,,5610600.0,140,4065844.0,867.0,2813100.0,,13088500.0,,,,6611300.0,,41309600.0,,,,,,1549400.0,343.0
2025-02-07,2206293.0,834221.0,14476866.0,770507.0,1908836.0,765628.0,328226.0,7857348.0,34567530.0,61022697.0,282921470.0,76269859.0,49976855.0,,4826664.0,1513500.0,,39707200.0,,2693500.0,,4960400.0,,4992000.0,,46082500.0,,77539300.0,,3119700.0,,5915100.0,,1312400.0,,14605200.0,,22117500.0,,174500.0,,39538200.0,,,,4088300.0,,11142500.0,,,,1300.0,,,,3205100.0,,,,,4117000.0,,,35634.0,1804800.0,0.0,,,1765200.0,,,273766.0,5632800.0,,7885600.0,,,1632900.0,180318,,,4204600.0,,7626100.0,,14006000.0,,,,23861000.0,,,,7997300.0,,8669300.0,,6561800.0,,,,2607600.0,,7605600.0,,2347600.0,362455,3677900.0,,29032800.0,,3211200.0,0.0,2694800.0,,5200.0,,1822.0,2391700.0,,,3843600.0,,3403300.0,,49315000.0,,2616700.0,8.0,,2530200.0,,342.0,21856500.0,,,,25050300.0,,10204900.0,,,3370300.0,,58277900.0,,,,18093300.0,,28914400.0,,6857900.0,,6645000.0,,13184700.0,,,12992200.0,,57800.0,,,,6389700.0,,4426100.0,,9833600.0,,,16427100.0,355949,,20991700.0,,22886800.0,4909.0,15049700.0,,15602800.0,,6518000.0,,,,,,17526600.0,,32129000.0,,188698.0,14592600.0,,6936000.0,1281,228186300.0,,8700800.0,,3689900.0,,9991300.0,,0.0,6345800.0,,,,437400.0,621458.0,1.0,143795400.0,,,13597300.0,,7841700.0,,,,29605500.0,,5448000.0,,16701800.0,,19260100.0,,,,,,172.0,,,,72679900.0,,7258900.0,5551291.0,,,4549300.0,3560.0,,,32161400.0,,4206900.0,,87930800.0,,17142.0,,,,50788500.0,,12007940.0,,,93893.0,,,364800.0,,,1938200.0,,6607400.0,,110870400.0,,70298300.0,,11616200.0,,6798600.0,,5380500.0,,2748290.0,,81813200.0,,1287300.0,,6100.0,,5641180.0,,4261200.0,,6041100.0,94,5050420.0,289.0,5643500.0,,12451100.0,,,,11884700.0,,22568400.0,,,,,,1826900.0,326.0
2025-02-08,,,,,,,,,,,,,,,,,,,,,,,,,,,,,,,,,,,,,,,,,,,,,,,,,,,,,,,,,,,,,,,,,,0.0,,,,,,,,,,,,,156715,,,,,,,,,,,,,,,,,,,,,,,,,,,,204919,,,,,,0.0,,,,,,,,,,,,,,,,0.0,,,,,,,,,,,,,,,,,,,,,,,,,,,,,,,,,,,,,,,,,,,,,184454,,,,,366.0,,,,,,,,,,,,,,,,,,,548,,,,,,,,,,,,,,,541794.0,,,,,,,,,,,,,,,,,,,,,,,,,,,,,,7650132.0,,,,672.0,,,,,,,,,,,,,,,,,,94458.0,,,,,,,,,,,,,,,,,,,,,,,,,,,,,,,,,201,,139.0,,,,,,,,,,,,,,,,140.0
2025-02-09,,,,,,,,,,,,,,,,,,,,,,,,,,,,,,,,,,,,,,,,,,,,,,,,,,,,,,,,,,,,,,,,,,317.0,,,,,,,,,,,,,233137,,,,,,,,,,,,,,,,,,,,,,,,,,,,89914,,,,,,0.0,,,,,,,,,,,,,,,,35.0,,,,,,,,,,,,,,,,,,,,,,,,,,,,,,,,,,,,,,,,,,,,,645435,,,,,0.0,,,,,,,,,,,,,,,,,,,579,,,,,,,,,,,,,,,518930.0,,,,,,,,,,,,,,,,,,,,,,,,,,,,,,7552964.0,,,,127.0,,,,,,,,,,,,,,,,,,94328.0,,,,,,,,,,,,,,,,,,,,,,,,,,,,,,,,,434,,32.0,,,,,,,,,,,,,,,,211.0
2025-02-10,2779740.0,992303.0,27577591.0,892180.0,1234703.0,1766147.0,588765.0,6491519.0,31411302.0,59135811.0,178623301.0,50515182.0,65305089.0,,7065465.0,2916000.0,,33115600.0,,3946700.0,,10839600.0,,5744100.0,,34905400.0,,35419900.0,,4593700.0,,3443500.0,,985700.0,,33859200.0,,23901600.0,,254500.0,,42429400.0,,,,3012000.0,,5097500.0,,,,800.0,,,,2907300.0,,,,,2333600.0,,,27341.0,1944400.0,13.0,,,1357700.0,,,255941.0,4463700.0,,5521800.0,,,2036900.0,281357,,,4311500.0,,5981900.0,,9035200.0,,,,15816200.0,,,,9084100.0,,8239500.0,,7204600.0,,,,2847300.0,,2548000.0,,1252200.0,152422,2080800.0,,17456000.0,,3211100.0,0.0,9204900.0,,8400.0,,2237.0,2078900.0,,,3329000.0,,9694700.0,,23105600.0,,2351600.0,96.0,,2617600.0,,495.0,13148800.0,,,,23555900.0,,10673500.0,,,3564400.0,,73007300.0,,,,11304500.0,,14574700.0,,8627400.0,,15645000.0,,16154300.0,,,2690000.0,,27100.0,,,,3574400.0,,3065600.0,,13613100.0,,,12904300.0,436434,,10214300.0,,20817900.0,0.0,10104100.0,,16217900.0,,16408000.0,,,,,,12583300.0,,32966000.0,,203924.0,12247200.0,,5874500.0,3220,216989100.0,,9555000.0,,5051700.0,,7625900.0,,0.0,5113200.0,,,,440700.0,764704.0,0.0,99938100.0,,,11815600.0,,6237700.0,,,,20852800.0,,4314800.0,,22456300.0,,27264800.0,,,,,,456.0,,,,134627800.0,,4231300.0,6910990.0,,,4488700.0,419.0,,,30509900.0,,3465900.0,,53330500.0,,9782.0,,,,26048700.0,,8818200.0,,,44616.0,,,165400.0,,,1549800.0,,4232300.0,,65594200.0,,77514900.0,,9296500.0,,3454100.0,,3827100.0,,2266020.0,,42551700.0,,1801000.0,,2300.0,,2825600.0,,6067000.0,,7773300.0,1102,13865305.0,1301.0,6012200.0,,15274600.0,,,,8979600.0,,25871400.0,,,,,,2347800.0,169.0
2025-02-11,2488710.0,842452.0,24596196.0,389860.0,808905.0,881756.0,426719.0,7792158.0,30893563.0,48419151.0,210014328.0,43879471.0,56360376.0,,6049241.0,2690800.0,,53718400.0,,3257000.0,,14123300.0,,3913300.0,,35033800.0,,23713700.0,,4253900.0,,3108600.0,,1096700.0,,13410600.0,,18476200.0,,362000.0,,55001300.0,,,,4440600.0,,5096600.0,,,,0.0,,,,2322600.0,,,,,3807600.0,,,37979.0,1516900.0,29.0,,,1386400.0,,,266819.0,3711800.0,,6915000.0,,,1748500.0,199729,,,3481000.0,,5455900.0,,9295200.0,,,,17702500.0,,,,4397100.0,,7456700.0,,7826200.0,,,,3615500.0,,2063700.0,,2183600.0,101456,3242800.0,,12674800.0,,2780600.0,0.0,53193300.0,,9700.0,,2554.0,2064300.0,,,3452700.0,,7042700.0,,21239500.0,,2711400.0,33.0,,1441800.0,,390.0,7337100.0,,,,24210900.0,,11291800.0,,,4801600.0,,150960700.0,,,,8896300.0,,18215700.0,,7196400.0,,5918000.0,,30589100.0,,,2902000.0,,22500.0,,,,2520100.0,,1944200.0,,8903400.0,,,12998000.0,575366,,9059600.0,,18140600.0,1283.0,12017200.0,,12124000.0,,3516000.0,,,,,,9458500.0,,33318000.0,,219162.0,17587900.0,,5080000.0,2935,178902400.0,,5046800.0,,5501000.0,,6528800.0,,0.0,5664800.0,,,,670800.0,613548.0,0.0,94311700.0,,,15769400.0,,6588100.0,,,,19325500.0,,6210500.0,,25126200.0,,20244700.0,,,,,,23.0,,,,153179100.0,,3134900.0,6557769.0,,,3196700.0,66.0,,,30455200.0,,4204000.0,,43880500.0,,10876.0,,,,30056700.0,,8298760.0,,,176.0,,,309500.0,,,1697300.0,,4185200.0,,62602800.0,,118543400.0,,9224500.0,,1783200.0,,3795300.0,,2427920.0,,27329600.0,,313500.0,,1700.0,,2225660.0,,5154800.0,,9012300.0,147,12215656.0,1109.0,5291900.0,,11953600.0,,,,8781400.0,,26226800.0,,,,,,2636500.0,270.0
2025-02-12,2884072.0,567219.0,26428596.0,346112.0,945298.0,665922.0,440372.0,7996959.0,38264929.0,41173182.0,196220080.0,35424579.0,114470084.0,,6060827.0,2738800.0,,45243300.0,,3308500.0,,7539900.0,,6640800.0,,25319700.0,,32285200.0,,9393000.0,,3470100.0,,1077800.0,,10916800.0,,16397300.0,,245200.0,,44024700.0,,,,3008100.0,,6856500.0,,,,140800.0,,,,3297600.0,,,,,4877700.0,,,47048.0,2833100.0,1413.0,,,1844500.0,,,318123.0,2661800.0,,6362800.0,,,1662300.0,158168,,,4600800.0,,5643400.0,,8044000.0,,,,30116300.0,,,,5423700.0,,6521200.0,,9408200.0,,,,3090800.0,,3842700.0,,1396000.0,149455,4528600.0,,30670500.0,,1939100.0,0.0,17578400.0,,9300.0,,2504.0,1825400.0,,,3228200.0,,3999200.0,,22072600.0,,2295800.0,472.0,,3387000.0,,281.0,9167900.0,,,,48482700.0,,7928600.0,,,3075300.0,,162631200.0,,,,13859800.0,,25572800.0,,6683900.0,,4766000.0,,26033800.0,,,1994000.0,,34300.0,,,,1945900.0,,2533400.0,,7973000.0,,,12016500.0,432784,,11998700.0,,19121700.0,104.0,9837900.0,,22874700.0,,10612000.0,,,,,,9121600.0,,33890000.0,,194725.0,25035000.0,,8388000.0,1333,160278600.0,,6427400.0,,4053600.0,,7454800.0,,0.0,4172500.0,,,,684400.0,550180.0,1.0,75316900.0,,,11782500.0,,5505700.0,,,,25009400.0,,11245500.0,,21507200.0,,15500000.0,,,,,,80.0,,,,161454200.0,,4212800.0,6852089.0,,,4555300.0,84.0,,,33663600.0,,4931000.0,,57999300.0,,13019.0,,,,45076100.0,,12786500.0,,,15418.0,,,688300.0,,,1592400.0,,9445100.0,,96986600.0,,105382700.0,,7373700.0,,1162800.0,,5364200.0,,2750780.0,,33142400.0,,558200.0,,1100.0,,4582800.0,,6760100.0,,21298100.0,230,10940549.0,2.0,5605500.0,,15162100.0,,,,10824600.0,,38798800.0,,,,,,2364300.0,332.0
2025-02-13,3574410.0,1493929.0,22448377.0,436412.0,1028493.0,1168697.0,749206.0,6598772.0,60985718.0,198597810.0,382423053.0,39434996.0,94924956.0,,6438925.0,2315400.0,,53614100.0,,2794400.0,,6136600.0,,10302000.0,,40911800.0,,31346500.0,,19398900.0,,11433800.0,,1674100.0,,13314100.0,,20962000.0,,193200.0,,34429300.0,,,,4872600.0,,7133100.0,,,,100700.0,,,,3274700.0,,,,,4751900.0,,,37759.0,3547200.0,42.0,,,1535400.0,,,278197.0,3232900.0,,18900200.0,,,1623300.0,197984,,,3880000.0,,4312100.0,,14725200.0,,,,43257700.0,,,,6806200.0,,6553200.0,,22036100.0,,,,3782000.0,,3080400.0,,4792500.0,373489,3844400.0,,16579900.0,,2660500.0,0.0,16384600.0,,14800.0,,4670.0,2609700.0,,,4750600.0,,8255300.0,,21402500.0,,2031800.0,48.0,,3067900.0,,358.0,42823800.0,,,,77989700.0,,9625100.0,,,4531500.0,,248661300.0,,396800.0,,21864000.0,,21419400.0,,8398700.0,,7115000.0,,24393100.0,,,3538000.0,,16900.0,,,,2281500.0,,2472900.0,,7845900.0,,,12569100.0,255190,,12686400.0,,23891700.0,3097.0,9848100.0,,16579900.0,,6972000.0,,,,,,8181300.0,,34761000.0,,305899.0,21506100.0,,7817000.0,6227,197430000.0,,10809200.0,,1972800.0,,6421700.0,,22.0,13223000.0,,,,334900.0,626820.0,1.0,60027000.0,,,9958600.0,,6362200.0,,,,28714800.0,,21066700.0,,27587500.0,,18636400.0,,,,,,119.0,,,,110368100.0,,4486100.0,6068657.0,369100.0,,5686400.0,41.0,,,36477800.0,,6551200.0,,61026300.0,,12550.0,,,,40921300.0,,12631720.0,,,52313.0,,,2007600.0,,,1755400.0,,5678800.0,,92920200.0,,89441500.0,,15580900.0,,1338200.0,,3737300.0,,2538520.0,,21754700.0,,321700.0,,31600.0,,4252840.0,,4279200.0,,14407500.0,24,7400465.0,143.0,9413000.0,,12604400.0,,,,7275300.0,,31550400.0,,,,,,1733400.0,264.0
2025-02-14,2598656.0,823619.0,23979779.0,518379.0,574538.0,857695.0,771963.0,7663353.0,74519223.0,140250039.0,349956076.0,36238937.0,75772482.0,,12369228.0,2250200.0,,40896200.0,,2623000.0,,6191000.0,,12452800.0,,32477200.0,,27031100.0,,11344800.0,,6084800.0,,2047300.0,,14025200.0,,16988800.0,,320700.0,,52729800.0,,,,4476300.0,,5848300.0,,,,9800.0,,,,2825800.0,,,,,4179200.0,,,41397.0,2045300.0,0.0,,,1518100.0,,,207719.0,3420100.0,,19269700.0,,,1410700.0,160238,,,4937100.0,,5879700.0,,11382000.0,,,,23693300.0,,,,16971700.0,,5964500.0,,48335400.0,,,,3502000.0,,2238000.0,,1796500.0,255199,2635700.0,,34751400.0,,1506100.0,0.0,10995200.0,,17800.0,,1992.0,2238800.0,,,3779800.0,,12142600.0,,20448400.0,,2246000.0,155.0,,3004400.0,,636.0,38734300.0,,,,39353300.0,,9807700.0,,,3925300.0,,230254100.0,,3848800.0,,14108700.0,,13574500.0,,5688600.0,,9985000.0,,20779100.0,,,2448000.0,,30600.0,,,,1783100.0,,3222300.0,,9149500.0,,,16901200.0,319642,,13539800.0,,22758500.0,578.0,13912800.0,,21284500.0,,14890000.0,,,,,,35111400.0,,31454000.0,,201102.0,24233600.0,,7517000.0,5363,195479600.0,,9875500.0,,1961800.0,,7260900.0,,1.0,13989000.0,,,,801200.0,510613.0,1.0,65528900.0,,,10504600.0,,4691300.0,,,,17862600.0,,8424900.0,,33953000.0,,15313000.0,,,,,,153.0,,,,133562000.0,,4279500.0,7831278.0,242700.0,,5812300.0,673.0,,,63312400.0,,5033400.0,,43089600.0,,8291.0,,,,26910400.0,,8149820.0,,,98634.0,,,328500.0,,,1838600.0,,4599500.0,,76057400.0,,68277300.0,,23220300.0,,1454700.0,,4137900.0,,2317000.0,,15405700.0,,874200.0,,4500.0,,2855980.0,,5720300.0,,7157300.0,413,7511862.0,74.0,8628500.0,,14109500.0,,,,10421300.0,,25885800.0,,,,,,1436300.0,256.0
2025-02-15,,,,,,,,,,,,,,,,,,,,,,,,,,,,,,,,,,,,,,,,,,,,,,,,,,,,,,,,,,,,,,,,,,676.0,,,,,,,,,,,,,144680,,,,,,,,,,,,,,,,,,,,,,,,,,,,46436,,,,,,0.0,,,,,,,,,,,,,,,,5.0,,,,,,,,,,,,,,,,,,,,,,,,,,,,,,,,,,,,,,,,,,,,,234852,,,,,0.0,,,,,,,,,,,,,,,,,,,319,,,,,,,,,,,,,,,366301.0,,,,,,,,,,,,,,,,,,,,,,,,,,,,,,5254354.0,,,,41.0,,,,,,,,,,,,,,,,,,98454.0,,,,,,,,,,,,,,,,,,,,,,,,,,,,,,,,,92,,5.0,,,,,,,,,,,21.0,,,,,24.0
2025-02-16,,,,,,,,,,,,,,,,,,,,,,,,,,,,,,,,,,,,,,,,,,,,,,,,,,,,,,,,,,,,,,,,,,471.0,,,,,,,,,,,,,154645,,,,,,,,,,,,,,,,,,,,,,,,,,,,106810,,,,,,0.0,,,,,,,,,,,,,,,,344.0,,,,,,,,,,,,,,,,,,,,,,,,,,,,,,,,,,,,,,,,,,,,,350673,,,,,78.0,,,,,,,,,,,,,,,,,,,5705,,,,,,,,,,,,,,,1114664.0,,,,,,,,,,,,,,,,,,,,,,,,,,,,,,8203112.0,,,,37.0,,,,,,,,,,,,,,,,,,99043.0,,,,,,,,,,,,,,,,,,,,,,,,,,,,,,,,,51,,5.0,,,,,,,,,,,0.0,,,,,70.0
2025-02-17,2497922.0,894545.0,11916027.0,272783.0,615576.0,773797.0,539176.0,5249340.0,126223580.0,127754797.0,273310085.0,71522444.0,85909353.0,,6696579.0,,,,,,,,,,,,,,,,,,,,,,,,,,,,,,,,,,,,,,,,,,,,,,,,,,,248.0,,,,,,,,,,,,,157442,,,,,,,,,,,,,,,,,,,,,,,,,,,,142731,,,,,,0.0,,,,,,,,,,,,,,,,182.0,,,,,,,,,,,,,,,,,,,,,,,,,,,,,,,,,,,,,,,,,,,,,359719,,,,,130.0,,,,,,,,,,,,,,,,,,,402,,,,,,,,,,,,,,,3170607.0,,,,,,,,,,,,,,,,,,,,,,,,,,,,,,1558249.0,,,,735.0,,,,,,,,,,,,,,,,,,89587.0,,,,,,,,,,,,,,,,,,,,,,,,,,,,,,,,,25,,5.0,,,,,,,,,,,0.0,,,,,84.0
2025-02-18,1937894.0,560363.0,22131007.0,301393.0,630070.0,865882.0,690231.0,4974895.0,62529454.0,184264567.0,325734161.0,45956234.0,66733331.0,,7259090.0,3247200.0,,48822500.0,,2973800.0,,6130600.0,,10704900.0,,31720300.0,,42975100.0,,7330000.0,,4809700.0,,1715400.0,,12717200.0,,26080500.0,,831900.0,,42152800.0,,,,5065800.0,,7775900.0,,,,8200.0,,,,3351000.0,,,,,3788100.0,,,50542.0,3120200.0,114.0,,,2023200.0,,,130937.0,2929500.0,,11564800.0,,,2090600.0,151450,,,4399600.0,,5262100.0,,11013600.0,,,,22047500.0,,,,13510000.0,,8362900.0,,20454400.0,,,,3784100.0,,2859600.0,,4560900.0,230515,4156800.0,,24994100.0,,2628600.0,0.0,10118500.0,,15700.0,,4010.0,2407300.0,,,3409400.0,,5337800.0,,29916700.0,,2350100.0,43.0,,3994000.0,,683.0,21100900.0,,,,42371200.0,,11685600.0,,,4262800.0,,284292200.0,,4080000.0,,13439100.0,,15166500.0,,7919800.0,,13540000.0,,15569100.0,,,2990000.0,,22400.0,,,,1730000.0,,4289400.0,,16205500.0,,,21938700.0,439441,,9737500.0,,21423100.0,68.0,10179800.0,,29641900.0,,11018000.0,,,,,,28138400.0,,42293000.0,,300505.0,16837200.0,,8363500.0,3934,219176600.0,,8712100.0,,3484500.0,,11430500.0,,0.0,9069300.0,,,,968300.0,979971.0,1.0,84227200.0,,,11281200.0,,7292600.0,,,,20565000.0,,9020200.0,,39963200.0,,20977200.0,,,,,,201.0,,,,163200100.0,,6361400.0,1069525.0,444500.0,,7308900.0,118.0,,,53815000.0,,7072400.0,,60222200.0,,11127.0,,,,26749000.0,,6892020.0,,,92094.0,,,335900.0,,,2607200.0,,4789400.0,,68825200.0,,51631700.0,,14988100.0,,2462900.0,,4578700.0,,2552350.0,,18943200.0,,529200.0,,10200.0,,3213020.0,,5822000.0,,6717700.0,693,12388043.0,489.0,9043600.0,,18247300.0,,,,9041200.0,,29574800.0,,,,,,2320400.0,289.0
2025-02-19,3537720.0,854114.0,25395151.0,310954.0,569222.0,4008194.0,1086060.0,6247515.0,34127174.0,83936448.0,243337561.0,37706356.0,46995938.0,,4748113.0,6111500.0,,32204200.0,,2965500.0,,4728200.0,,5797000.0,,28807700.0,,28566700.0,,5052300.0,,5228800.0,,1457900.0,,12147100.0,,16375500.0,,1470000.0,,35155200.0,,,,3360600.0,,5396800.0,,,,3100.0,,,,2436500.0,,,,,3162600.0,,,30426.0,2211000.0,0.0,,,1993700.0,,,69012.0,2300600.0,,6813800.0,,,1349600.0,136697,,,3559000.0,,5012000.0,,9660800.0,,,,14164100.0,,,,6728600.0,,8452100.0,,14695700.0,,,,3441200.0,,3409400.0,,879800.0,139097,2271600.0,,19095900.0,,2209900.0,0.0,5328100.0,,9500.0,,2630.0,1670900.0,,,3422300.0,,4382100.0,,19549400.0,,1953600.0,12039.0,,3780000.0,,569.0,59517400.0,,,,26252600.0,,8427700.0,,,3718700.0,,151881700.0,,4026400.0,,12940900.0,,16194800.0,,7007200.0,,9367000.0,,16032300.0,,,3640000.0,,28200.0,,,,1730400.0,,3205500.0,,15588000.0,,,17535500.0,265607,,13244200.0,,24114200.0,422.0,17043100.0,,17875900.0,,6298000.0,,,,,,18331300.0,,26000000.0,,338827.0,18498300.0,,8686000.0,5993,167536000.0,,5948100.0,,5038100.0,,8688500.0,,2.0,5626800.0,,,,627500.0,574169.0,1.0,147487300.0,,,9082300.0,,6849600.0,,,,19666900.0,,4444100.0,,28841200.0,,18899000.0,,,,,,21.0,,,,337992700.0,,3025400.0,1144462.0,220700.0,,5089000.0,851.0,,,35555700.0,,4016800.0,,58412700.0,,15544.0,,,,31011100.0,,7446780.0,,,101494.0,,,183300.0,,,1583400.0,,3783100.0,,68515800.0,,67094400.0,,13163100.0,,1582300.0,,8438300.0,,2144670.0,,14973400.0,,489100.0,,5700.0,,2579900.0,,4152300.0,,5945000.0,198,6930271.0,54.0,12662700.0,,18508000.0,,,,8159900.0,,24531200.0,,,,,,2428100.0,61.0
2025-02-20,3080242.0,354026.0,21589059.0,413639.0,614258.0,1372885.0,526344.0,8145518.0,34549151.0,115746336.0,275542159.0,35372954.0,90728227.0,,7852545.0,3754800.0,,32316900.0,,2337600.0,,3859600.0,,6687300.0,,27219600.0,,30001700.0,,11209300.0,,3866000.0,,1185900.0,,10794700.0,,16104000.0,,1743600.0,,118849000.0,,,,6353000.0,,5232500.0,,,,42900.0,,,,2651000.0,,,,,3199000.0,,,33347.0,2174100.0,0.0,,,2628000.0,,,240060.0,2817800.0,,6400700.0,,,2000500.0,164901,,,5387900.0,,6393100.0,,19075600.0,,,,14836600.0,,,,5480400.0,,5970100.0,,12214400.0,,,,2910600.0,,3018100.0,,1506600.0,341703,1825000.0,,18069700.0,,2544600.0,0.0,8613100.0,,10600.0,,656.0,3456000.0,,,4069400.0,,7735200.0,,20441500.0,,3929000.0,70413.0,,2703500.0,,663.0,30853000.0,,,,36348800.0,,8675800.0,,,4884800.0,,144939600.0,,2640800.0,,11855500.0,,18507700.0,,13846700.0,,8836000.0,,13398000.0,,,2860000.0,,8800.0,,,,2888100.0,,2990300.0,,16888400.0,,,12587400.0,463994,,9391900.0,,23508700.0,55.0,12291700.0,,14488000.0,,3368000.0,,,,,,36538300.0,,31118000.0,,211817.0,18406700.0,,6756000.0,4081,143903600.0,,5015200.0,,2375800.0,,8737000.0,,2.0,5878700.0,,,,507500.0,627687.0,1.0,243093900.0,,,9319300.0,,6316400.0,,,,26550800.0,,10625800.0,,53113600.0,,22884800.0,,,,,,0.0,,,,181555200.0,,4401700.0,1136042.0,446200.0,,5423800.0,55.0,,,51063600.0,,2825100.0,,50903200.0,,13014.0,,,,36554000.0,,10758900.0,,,99386.0,,,188900.0,,,2424200.0,,3603700.0,,80266000.0,,45965400.0,,10639300.0,,1648300.0,,9190100.0,,1910670.0,,14770300.0,,311100.0,,9600.0,,3982340.0,,5697000.0,,9035800.0,559,6119404.0,52.0,5925900.0,,55450900.0,,,,6885800.0,,28332200.0,,,,,,2788200.0,150.0
2025-02-21,2601151.0,713842.0,22198428.0,213753.0,821558.0,693046.0,467758.0,6400775.0,73545153.0,152250900.0,308362585.0,57448644.0,85995656.0,,9195766.0,7237800.0,,53197400.0,,3376000.0,,3964200.0,,7365400.0,,41353700.0,,55323900.0,,7658100.0,,4917000.0,,1472300.0,,9849700.0,,24883600.0,,6660900.0,,73892100.0,,,,4801400.0,,10244200.0,,,,14900.0,,,,4085100.0,,,,,4663300.0,,,28100.0,3225200.0,166.0,,,1884900.0,,,268470.0,2571000.0,,17195500.0,,,1816300.0,145836,,,4181300.0,,7353200.0,,22392800.0,,,,18905800.0,,,,5662300.0,,9082100.0,,16268600.0,,,,4012600.0,,2675600.0,,2178500.0,238111,3109800.0,,37678700.0,,3552600.0,0.0,7633900.0,,8300.0,,570.0,6965000.0,,,4701300.0,,6130900.0,,35199200.0,,3000800.0,0.0,,5287000.0,,767.0,88977000.0,,,,33697500.0,,7811900.0,,,5667900.0,,111630900.0,,2579200.0,,18536900.0,,45036900.0,,12835600.0,,8724000.0,,21662300.0,,,3008000.0,,160300.0,,,,1987600.0,,3940400.0,,12860900.0,,,15660400.0,340883,,11019000.0,,27524800.0,23.0,17930800.0,,18650800.0,,4406000.0,,,,,,22147000.0,,37387000.0,,164320.0,20721900.0,,10021000.0,922,228217600.0,,15128800.0,,2586600.0,,9713900.0,,5.0,5457100.0,,,,804100.0,461417.0,1.0,129063200.0,,,15171700.0,,12531900.0,,,,47093800.0,,9939000.0,,70455100.0,,16255100.0,,,,,,96.0,,,,104690400.0,,7578500.0,1468586.0,1252100.0,,5324200.0,179.0,,,54725300.0,,5048200.0,,61966500.0,,17458.0,,,,76519800.0,,14456060.0,,,83816.0,,,638600.0,,,2493800.0,,5880400.0,,118627200.0,,74058600.0,,13757300.0,,1439100.0,,7349900.0,,2642200.0,,21774300.0,,620800.0,,383000.0,,8393080.0,,6924100.0,,15635300.0,103,11982940.0,0.0,6266600.0,,35014800.0,,,,8783400.0,,31276600.0,,,,,,4125300.0,272.0
2025-02-22,,,,,,,,,,,,,,,,,,,,,,,,,,,,,,,,,,,,,,,,,,,,,,,,,,,,,,,,,,,,,,,,,,67.0,,,,,,,,,,,,,170113,,,,,,,,,,,,,,,,,,,,,,,,,,,,116170,,,,,,0.0,,,,,,,,,,,,,,,,0.0,,,,,,,,,,,,,,,,,,,,,,,,,,,,,,,,,,,,,,,,,,,,,655021,,,,,8.0,,,,,,,,,,,,,,,,,,,6313,,,,,,,,,,,,,,,575811.0,,,,,,,,,,,,,,,,,,,,,,,,,,,,,,1069026.0,,,,23.0,,,,,,,,,,,,,,,,,,71846.0,,,,,,,,,,,,,,,,,,,,,,,,,,,,,,,,,284,,13.0,,,,,,,,,,,,,,,,93.0
2025-02-23,,,,,,,,,,,,,,,,,,,,,,,,,,,,,,,,,,,,,,,,,,,,,,,,,,,,,,,,,,,,,,,,,,265.0,,,,,,,,,,,,,150501,,,,,,,,,,,,,,,,,,,,,,,,,,,,251483,,,,,,0.0,,,,,,,,,,,,,,,,0.0,,,,,,,,,,,,,,,,,,,,,,,,,,,,,,,,,,,,,,,,,,,,,255201,,,,,2.0,,,,,,,,,,,,,,,,,,,8687,,,,,,,,,,,,,,,485639.0,,,,,,,,,,,,,,,,,,,,,,,,,,,,,,953701.0,,,,234.0,,,,,,,,,,,,,,,,,,99105.0,,,,,,,,,,,,,,,,,,,,,,,,,,,,,,,,,14,,25.0,,,,,,,,,,,,,,,,71.0
2025-02-24,3087127.0,497135.0,14138471.0,205121.0,526842.0,1013179.0,532688.0,6901016.0,67542767.0,89601651.0,208345620.0,52055371.0,62554358.0,,8930394.0,5812200.0,,51326400.0,,2807900.0,,6194700.0,,7126200.0,,29072200.0,,42387600.0,,8103500.0,,3829700.0,,1471200.0,,14652400.0,,33050400.0,,3159200.0,,74118300.0,,,,8496800.0,,7418600.0,,,,4400.0,,,,9862400.0,,,,,2839600.0,,,17858.0,2513300.0,7.0,,,3203300.0,,,205468.0,2486800.0,,12125000.0,,,1759700.0,141723,,,8294400.0,,6652900.0,,21537600.0,,,,17287500.0,,,,7327800.0,,7093300.0,,11817400.0,,,,6287000.0,,3263400.0,,3245300.0,287658,3628000.0,,23372700.0,,3522900.0,0.0,4977200.0,,6200.0,,415.0,7156900.0,,,6563900.0,,5980000.0,,29854200.0,,3274100.0,0.0,,5722000.0,,561.0,63215400.0,,,,40671100.0,,13306200.0,,,4398100.0,,91358100.0,,2428800.0,,11822100.0,,30246200.0,,10372800.0,,11109000.0,,21418400.0,,,3006000.0,,81000.0,,,,2920800.0,,3017100.0,,11728700.0,,,15677000.0,1162118,,17235100.0,,26443700.0,103.0,17974900.0,,14883700.0,,5440000.0,,,,,,21806800.0,,44262000.0,,82872.0,13566400.0,,8464000.0,29130,251381100.0,,10476300.0,,3109900.0,,10639100.0,,0.0,4142300.0,,,,654300.0,453584.0,1.0,184485000.0,,,12873300.0,,9827800.0,,,,39268400.0,,7908200.0,,56949900.0,,19606100.0,,,,,,115.0,,,,84122600.0,,7518000.0,1133941.0,33848500.0,,6482100.0,184.0,,,52266100.0,,2721300.0,,63724100.0,,19160.0,,,,50737200.0,,14006360.0,,,95950.0,,,255800.0,,,2249100.0,,5582000.0,,106467400.0,,76052300.0,,15114300.0,,1206500.0,,7675900.0,,2273950.0,,24368400.0,,973100.0,,2000.0,,5716840.0,,5055900.0,,17153500.0,716,18354400.0,0.0,9300300.0,,29755900.0,,,,8647800.0,,26295200.0,,3.0,,,,6493900.0,225.0
2025-02-25,3651613.0,651155.0,14625181.0,171757.0,622624.0,493835.0,340039.0,5857816.0,56509529.0,72024031.0,332349383.0,45792824.0,52752020.0,,6616441.0,8281200.0,,48013300.0,,2612700.0,,7391700.0,,8570300.0,,39169200.0,,58958000.0,,11330300.0,,5786300.0,,1691200.0,,13082700.0,,33100800.0,,1229600.0,,38881100.0,,,,8031500.0,,20330100.0,,,,3700.0,,,,6757500.0,,,,,4872800.0,,,19080.0,3323500.0,160.0,,,2436800.0,,,267310.0,6111300.0,,15192600.0,,,2083800.0,207278,,,7192100.0,,7360100.0,,18015200.0,,,,22100100.0,,,,6582100.0,,7289000.0,,21571000.0,,,,6185000.0,,3972300.0,,1728100.0,418423,2125100.0,,24335100.0,,3496100.0,0.0,5505900.0,,2500.0,,1854.0,6835200.0,,,6289800.0,,6551500.0,,41913400.0,,2885900.0,0.0,,6823900.0,,488.0,82827000.0,,,,59731300.0,,11058000.0,,,6292200.0,,88886500.0,,1976000.0,,29434100.0,,33665100.0,,9608400.0,,10683000.0,,21555600.0,,,2178000.0,,64000.0,,,,3035100.0,,5111300.0,,19088100.0,,,20579700.0,1010298,,24331400.0,,29387400.0,914.0,31379600.0,,18608200.0,,5064000.0,,,,,,14779000.0,,47383000.0,,91529.0,15397200.0,,10721500.0,5219,271428700.0,,11465900.0,,4790100.0,,8316100.0,,0.0,5474800.0,,,,798100.0,618034.0,22.0,132626300.0,,,20647200.0,,8244900.0,,,,48940000.0,,6115800.0,,36379100.0,,29089000.0,,,,,,72.0,,,,146548400.0,,7658600.0,1090257.0,8198900.0,,7163200.0,881.0,,,63198000.0,,5791800.0,,90907500.0,,19296.0,,,,58266500.0,,14833580.0,,,97456.0,,,519200.0,,,2292500.0,,7673300.0,,151194400.0,,134228800.0,,20581000.0,,1922000.0,,7441700.0,,2925700.0,,19559200.0,,1386100.0,,11200.0,,6747100.0,,6191900.0,,20420600.0,13,11679700.0,73.0,5753800.0,,29331200.0,,,,10912700.0,,26608600.0,,0.0,,,,11067500.0,387.0
2025-02-26,3849749.0,750341.0,18117091.0,389461.0,708250.0,778521.0,261915.0,5199986.0,40489654.0,72873716.0,395453828.0,49434007.0,100972406.0,,4185284.0,5919100.0,,44433600.0,,1947600.0,,4054600.0,,5048500.0,,29178200.0,,39120600.0,,31783300.0,,3251800.0,,1401400.0,,16756300.0,,21368300.0,,1067400.0,,40543000.0,,,,5147400.0,,17915100.0,,,,1700.0,,,,3543500.0,,,,,2938100.0,,,11916.0,2397800.0,0.0,,,2192900.0,,,255601.0,4183400.0,,7871600.0,,,1555700.0,162009,,,4797000.0,,12638500.0,,13684000.0,,,,13452300.0,,,,8631500.0,,7831600.0,,13406800.0,,,,8935600.0,,2597300.0,,2051200.0,184931,2171700.0,,20959400.0,,2805200.0,0.0,4200000.0,,1700.0,,2050.0,4676800.0,,,4849700.0,,3272500.0,,35431300.0,,2001200.0,0.0,,3871500.0,,17252.0,44967100.0,,,,43151500.0,,10821500.0,,,3460100.0,,67449300.0,,1400800.0,,15639000.0,,25464200.0,,5943600.0,,12474000.0,,14531200.0,,,992000.0,,85000.0,,,,1917000.0,,3032800.0,,12427500.0,,,14488700.0,1397523,,13955200.0,,19619000.0,24.0,19876900.0,,21335200.0,,13302000.0,,,,,,12278900.0,,33972000.0,,172826.0,18179800.0,,10012500.0,9448,322553800.0,,7387800.0,,2300400.0,,6915100.0,,2981.0,2646000.0,,,,491700.0,499594.0,114.0,94428700.0,,,15277600.0,,9161900.0,,,,34457600.0,,6341100.0,,29864400.0,,16325100.0,,,,,,36515.0,,,,144521900.0,,6675900.0,1125828.0,8389000.0,,12755700.0,202.0,,,51329600.0,,3657400.0,,75869500.0,,13456.0,,,,43321600.0,,17710080.0,,,97478.0,,,400700.0,,,3419300.0,,6344900.0,,126351400.0,,100118300.0,,14112300.0,,1281000.0,,5611600.0,,2351820.0,,10328900.0,,526500.0,,6300.0,,5060700.0,,5960600.0,,15843700.0,7,8546700.0,270.0,6018100.0,,19069700.0,,,,7271500.0,,24305600.0,,0.0,,,,3810100.0,207.0
2025-02-27,3993419.0,890406.0,14975356.0,321309.0,1125911.0,783896.0,514180.0,6840998.0,38902820.0,80168273.0,842011809.0,52782129.0,62385994.0,,6488760.0,7224300.0,,41153600.0,,2340200.0,,4097200.0,,9543600.0,,47263700.0,,40548600.0,,11883600.0,,4799600.0,,2342800.0,,12100800.0,,27572900.0,,4008000.0,,23859400.0,,,,9853700.0,,10656900.0,,,,40200.0,,,,4507700.0,,,,,2736700.0,,,7925.0,1971000.0,0.0,,,1698300.0,,,265933.0,4011100.0,,8082400.0,,,1629100.0,168361,,,7391000.0,,16691400.0,,12892400.0,,,,24695600.0,,,,15737200.0,,7854700.0,,7728000.0,,,,17663400.0,,4446600.0,,3654600.0,182232,4575900.0,,24654100.0,,4007800.0,0.0,4976500.0,,2400.0,,3215.0,4768000.0,,,4378500.0,,4590000.0,,39991000.0,,2396300.0,0.0,,2825100.0,,6735.0,40655100.0,,,,48033000.0,,9331100.0,,,3402200.0,,97871900.0,,1769600.0,,22481900.0,,29378500.0,,8204400.0,,13249000.0,,16789500.0,,,2644000.0,,17100.0,,,,2107000.0,,3085400.0,,14830200.0,,,12500000.0,408058,,22770300.0,,21127400.0,247.0,18520300.0,,22386300.0,,9100000.0,,,,,,16716300.0,,37666000.0,,171402.0,19011900.0,,7275500.0,702,443175800.0,,6953800.0,,1932800.0,,7436800.0,,471.0,4714100.0,,,,456100.0,390986.0,70.0,99680500.0,,,11661200.0,,10807200.0,,,,52448000.0,,5342600.0,,31121300.0,,23949000.0,,,,,,10140.0,,,,121404800.0,,10520600.0,1012144.0,9676100.0,,20555700.0,22.0,,,41470300.0,,4035200.0,,144841600.0,,20989.0,,,,74196700.0,,20492780.0,,,62498.0,,,258300.0,,,3028000.0,,6402100.0,,206751000.0,,101748200.0,,24219200.0,,1122800.0,,7761700.0,,2256190.0,,22535900.0,,674800.0,,6700.0,,5920740.0,,7298100.0,,12551000.0,0,9392100.0,14.0,4420100.0,,16431500.0,,,,8172700.0,,30048000.0,,,,,,2738400.0,653.0
2025-02-28,5533027.0,1187503.0,28036698.0,571810.0,1660981.0,1375402.0,856333.0,19442420.0,52160819.0,84440680.0,667093154.0,55544097.0,64070709.0,,7984572.0,5822500.0,,56833400.0,,3936900.0,,10688800.0,,9427600.0,,45194600.0,,51771700.0,,9099600.0,,4253800.0,,1773400.0,,9551400.0,,39747200.0,,1129500.0,,24862600.0,,,,11936100.0,,11229700.0,,,,2400.0,,,,6850300.0,,,,,4300600.0,,,36432.0,3210300.0,488.0,,,3393200.0,,,250074.0,3617100.0,,9031200.0,,,3307100.0,161929,,,8884600.0,,10863100.0,,15092400.0,,,,26711800.0,,,,20366200.0,,14609400.0,,6215500.0,,,,8587600.0,,6836500.0,,5879200.0,217804,5138500.0,,39406000.0,,7065800.0,0.0,6443800.0,,8700.0,,990.0,4096600.0,,,8560300.0,,4137100.0,,48130600.0,,3337200.0,0.0,,4263500.0,,2731.0,30500100.0,,,,46083500.0,,17708400.0,,,7988800.0,,104133800.0,,3210400.0,,15303400.0,,32015400.0,,10467100.0,,12424000.0,,22167400.0,,,4976000.0,,48000.0,,,,2615100.0,,4071100.0,,22608300.0,,,17534200.0,2533402,,22345400.0,,32845700.0,32.0,22662600.0,,23359100.0,,4820000.0,,,,,,11659600.0,,47174000.0,,141989.0,40079900.0,,7839500.0,10092,389091100.0,,5962500.0,,1851900.0,,12843300.0,,9.0,5190500.0,,,,811100.0,538391.0,4.0,125977400.0,,,13601300.0,,10149500.0,,,,47654000.0,,9356900.0,,30926800.0,,37550700.0,,,,,,1641.0,,,,96058000.0,,8654700.0,1072380.0,7713800.0,,8793500.0,216.0,,,38926400.0,,2736300.0,,110939400.0,,18527.0,,,,88744100.0,,19880060.0,,,55593.0,,,666900.0,,,2831500.0,,6703000.0,,186358000.0,,115697000.0,,27929400.0,,1858300.0,,9024500.0,,2372220.0,,17752000.0,,1730700.0,,5900.0,,5389000.0,,15857300.0,,9527600.0,1866,9268600.0,0.0,7435000.0,,25451300.0,,,,7942700.0,,26627200.0,,,,,,3080400.0,472.0
2025-03-01,,,,,,,,,,,,,,,,,,,,,,,,,,,,,,,,,,,,,,,,,,,,,,,,,,,,,,,,,,,,,,,,,,459.0,,,,,,,,,,,,,158389,,,,,,,,,,,,,,,,,,,,,,,,,,,,78894,,,,,,0.0,,,,,,,,,,,,,,,,0.0,,,,,,,,,,,,,,,,,,,,,,,,,,,,,,,,,,,,,,,,,,,,,1741166,,,,,0.0,,,,,,,,,,,,,,,,,,,9677,,,,,,,,,,,,,,,403825.0,,,,,,,,,,,,,,,,,,,,,,,,,,,,,,1156390.0,,,,30.0,,,,,,,,,,,,,,,,,,45292.0,,,,,,,,,,,,,,,,,,,,,,,,,,,,,,,,,266,,80.0,,,,,,,,,,,,,,,,157.0
2025-03-02,,,,,,,,,,,,,,,,,,,,,,,,,,,,,,,,,,,,,,,,,,,,,,,,,,,,,,,,,,,,,,,,,,292.0,,,,,,,,,,,,,171029,,,,,,,,,,,,,,,,,,,,,,,,,,,,313640,,,,,,0.0,,,,,,,,,,,,,,,,0.0,,,,,,,,,,,,,,,,,,,,,,,,,,,,,,,,,,,,,,,,,,,,,7098363,,,,,810.0,,,,,,,,,,,,,,,,,,,8912,,,,,,,,,,,,,,,579385.0,,,,,,,,,,,,,,,,,,,,,,,,,,,,,,1275085.0,,,,198.0,,,,,,,,,,,,,,,,,,46048.0,,,,,,,,,,,,,,,,,,,,,,,,,,,,,,,,,737,,37.0,,,,,,,,,,,,,,,,278.0
2025-03-03,,,,,,,,,32752021.0,49245571.0,466253103.0,42604042.0,36975379.0,,6400488.0,7997400.0,,47184000.0,,2607700.0,,8022300.0,,9259100.0,,38958000.0,,42948400.0,,10950600.0,,7356700.0,,2284100.0,,15088000.0,,37435600.0,,736600.0,,22528000.0,,,,9018000.0,,19396800.0,,,,6000.0,,,,5112300.0,,,,,3267200.0,,,51816.0,2569700.0,0.0,,,3579100.0,,,332751.0,5134300.0,,15997800.0,,,2422500.0,132282,,,6848000.0,,6298200.0,,20260000.0,,,,21810700.0,,,,13096800.0,,7884700.0,,9420100.0,,,,5688900.0,,5562800.0,,4710000.0,103488,4533900.0,,27583800.0,,3429400.0,0.0,8103800.0,,7100.0,,423.0,4846200.0,,,4810800.0,,4291000.0,,40770500.0,,3152300.0,0.0,,3397600.0,,1408.0,25679000.0,,,,52710100.0,,11757900.0,,,2977700.0,,141348700.0,,3917600.0,,16859500.0,,36330000.0,,9058300.0,,13046000.0,,21717600.0,,,3540000.0,,82700.0,,,,2905300.0,,3979800.0,,14787100.0,,,10843800.0,1347847,,20882200.0,,23007700.0,350.0,30575700.0,,20281800.0,,4112000.0,,,,,,18060700.0,,39074000.0,,269838.0,58126800.0,,7729500.0,6818,411381400.0,,4810900.0,,2791800.0,,8081800.0,,2.0,5120800.0,,,,641600.0,487204.0,6.0,114573900.0,,,15753700.0,,9601900.0,,,,44587200.0,,7176800.0,,27909700.0,,26785200.0,,,,,,872.0,,,,104518500.0,,10001200.0,861877.0,4813000.0,,5974600.0,345.0,,,58992200.0,,2579100.0,,141822100.0,,22081.0,,,,74249200.0,,22767900.0,,,33234.0,,,1220300.0,,,3731100.0,,6649000.0,,183891600.0,,115551400.0,,37403000.0,,1781700.0,,6141300.0,,3539140.0,,16999500.0,,2093300.0,,13700.0,,5852700.0,,9099600.0,,15779700.0,691,8841500.0,0.0,5044200.0,,18372200.0,,,,9620900.0,,49501800.0,,,,,,3286500.0,402.0
2025-03-04,5424556.0,592292.0,18553933.0,182106.0,673266.0,791986.0,420402.0,7227954.0,31124964.0,36668745.0,338725813.0,32135294.0,23331992.0,,3904296.0,7260500.0,,53798100.0,,2942200.0,,6980500.0,,8538600.0,,54156900.0,,60853100.0,,9225400.0,,8075700.0,,2044700.0,,24470500.0,,37910500.0,,597000.0,,25366500.0,,,,12901100.0,,14177300.0,,,,79500.0,,,,6126600.0,,,,,7624300.0,,,58867.0,3500200.0,0.0,,,3295900.0,,,386750.0,5901500.0,,13060900.0,,,2536800.0,158660,,,11929500.0,,9096300.0,,32180400.0,,,,24588300.0,,,,12789400.0,,12658000.0,,15532200.0,,,,9032200.0,,5134800.0,,4422500.0,143188,3621900.0,,26308700.0,,5568700.0,0.0,8402600.0,,20400.0,,885.0,6257500.0,,,9970500.0,,5068700.0,,45388000.0,,4061000.0,0.0,,4384800.0,,1394.0,24460300.0,,,,62405400.0,,16369000.0,,,5342100.0,,152182200.0,,4016000.0,,19717100.0,,56427100.0,,13465600.0,,11822000.0,,25411900.0,,,2380000.0,,74200.0,,,,3304300.0,,3343500.0,,15417700.0,,,21495200.0,711228,,21475400.0,,29342900.0,0.0,30130200.0,,23611500.0,,5072000.0,,,,,,18510300.0,,43928000.0,,350513.0,46152600.0,,12295500.0,0,398163300.0,,5203600.0,,2542000.0,,13171900.0,,0.0,5197400.0,,,,579600.0,465130.0,12.0,116800300.0,,,20180000.0,,8956800.0,,,,67875400.0,,7780700.0,,31774700.0,,25807900.0,,,,,,762.0,,,,109691900.0,,12563100.0,1049199.0,6074700.0,,6988000.0,119.0,,,77982800.0,,4295800.0,,154119800.0,,22490.0,,,,109648200.0,,24871640.0,,,29.0,,,865900.0,,,3543700.0,,9532700.0,,261673800.0,,126706600.0,,29395200.0,,2106700.0,,7159200.0,,4194660.0,,24241200.0,,847100.0,,9900.0,,7321780.0,,8955800.0,,17251800.0,336,11765400.0,12.0,6558800.0,,25227700.0,,,,14202800.0,,50677000.0,,,,,,3720500.0,0.0
2025-03-05,4162368.0,798748.0,16578817.0,232103.0,761832.0,667542.0,337995.0,8433469.0,35165757.0,50583769.0,337625486.0,25224888.0,48079120.0,,10523561.0,3228700.0,,47227600.0,,2406200.0,,5378600.0,,5860000.0,,27855500.0,,38610100.0,,8128700.0,,4601600.0,,1754300.0,,27623800.0,,25644500.0,,559000.0,,37284600.0,,,,6891600.0,,9924000.0,,,,16600.0,,,,4715800.0,,,,,4687100.0,,,51721.0,3189100.0,0.0,,,1816700.0,,,382493.0,3864900.0,,9581600.0,,,1898600.0,131385,,,18851200.0,,6612600.0,,63832400.0,,,,14931500.0,,,,6059400.0,,9956100.0,,11665100.0,,,,4965900.0,,4002000.0,,4661200.0,149167,3346600.0,,33233000.0,,4969100.0,0.0,4947300.0,,55200.0,,551.0,4617100.0,,,5721800.0,,3282500.0,,30954900.0,,2600600.0,0.0,,2780300.0,,819.0,21294300.0,,,,33830100.0,,15371900.0,,,4009800.0,,127219300.0,,2472800.0,,12450600.0,,35778500.0,,7861400.0,,9157000.0,,23933600.0,,,2526000.0,,65900.0,,,,2117600.0,,3109500.0,,15404800.0,,,13770000.0,776319,,33773800.0,,23433100.0,0.0,26199800.0,,14010300.0,,5402000.0,,,,,,12909200.0,,38079000.0,,224571.0,32209700.0,,7701500.0,739,284337900.0,,8011700.0,,1323900.0,,7141000.0,,0.0,4539200.0,,,,637900.0,371299.0,1.0,116053000.0,,,14464300.0,,6786900.0,,,,46323700.0,,4355900.0,,19063300.0,,18412400.0,,,,,,912.0,,,,69735700.0,,6799400.0,994445.0,5071800.0,,4463600.0,22.0,,,41038000.0,,3469500.0,,117702400.0,,18639.0,,,,71230500.0,,19655320.0,,,1051.0,,,392500.0,,,2388800.0,,8379700.0,,201266600.0,,94042900.0,,17334000.0,,1750100.0,,5484400.0,,3969340.0,,13122300.0,,1096200.0,,8600.0,,5787740.0,,8244200.0,,8103200.0,166,7615500.0,107.0,5653200.0,,17639000.0,,,,10911900.0,,56510800.0,,,,,,2614900.0,0.0
2025-03-06,2540131.0,659716.0,12258101.0,200474.0,998317.0,884594.0,347224.0,7170876.0,79683892.0,195071767.0,375438239.0,40955870.0,68514831.0,,6756024.0,4727600.0,,45170400.0,,2732100.0,,5630200.0,,6967800.0,,28985000.0,,49863800.0,,16179500.0,,5014600.0,,1427900.0,,21833300.0,,56864100.0,,460900.0,,35482100.0,,,,7825200.0,,8171500.0,,,,21400.0,,,,3989700.0,,,,,5482200.0,,,49024.0,2234100.0,0.0,,,3100900.0,,,341632.0,4692700.0,,8405400.0,,,2594600.0,138343,,,11877500.0,,10396800.0,,22454800.0,,,,23155100.0,,,,8560500.0,,11618800.0,,10642100.0,,,,5342900.0,,4748700.0,,3075700.0,594140,4849700.0,,17131900.0,,5480200.0,0.0,4595400.0,,18100.0,,870.0,7501000.0,,,5394000.0,,3421400.0,,28302000.0,,4332300.0,0.0,,4222000.0,,1108.0,31345400.0,,,,40627600.0,,25150000.0,,,3254400.0,,96466400.0,,2125600.0,,15600700.0,,39206300.0,,9983200.0,,11354000.0,,21694000.0,,,2056000.0,,72300.0,,,,2890600.0,,3273100.0,,13195500.0,,,13446500.0,237702,,60967000.0,,23304600.0,0.0,25309500.0,,18708100.0,,4158000.0,,,,,,17638100.0,,78526000.0,,202475.0,31519600.0,,10821000.0,0,321181900.0,,5450900.0,,1486900.0,,12321200.0,,0.0,4292600.0,,,,647500.0,347592.0,5.0,117340600.0,,,11226900.0,,7808100.0,,,,57574300.0,,5336000.0,,23164800.0,,18086800.0,,,,,,370.0,,,,71552600.0,,9155200.0,1252711.0,4157300.0,,11756200.0,68.0,,,49835800.0,,6209600.0,,164277600.0,,18782.0,,,,80094900.0,,19368860.0,,,399.0,,,462200.0,,,3451700.0,,8423700.0,,245645400.0,,98451600.0,,17864300.0,,2273200.0,,7120200.0,,3085720.0,,16504900.0,,1218200.0,,12900.0,,5008140.0,,8611100.0,,10284400.0,785,11790200.0,354.0,5879500.0,,19957800.0,,,,9153000.0,,47104200.0,,,,,,3075700.0,0.0
2025-03-07,2700590.0,574321.0,14274992.0,222195.0,630434.0,668313.0,621586.0,4542551.0,46494425.0,162826250.0,355629253.0,32776847.0,75915127.0,,6115769.0,3589400.0,,46273600.0,,3039500.0,,5819500.0,,5537800.0,,33254400.0,,59802800.0,,14654300.0,,6537600.0,,1426400.0,,17171400.0,,74528900.0,,625800.0,,31904400.0,,,,5728200.0,,14626500.0,,,,10200.0,,,,3842200.0,,,,,6476800.0,,,46468.0,3063800.0,0.0,,,3327400.0,,,329710.0,6248300.0,,8615100.0,,,5510700.0,132230,,,8374700.0,,8248100.0,,27477600.0,,,,21154800.0,,,,10162100.0,,12715900.0,,20418300.0,,,,7389600.0,,4235800.0,,2950700.0,212707,3166600.0,,23050300.0,,4784700.0,0.0,6636000.0,,14700.0,,531.0,7397700.0,,,6412900.0,,3464000.0,,27385800.0,,4069600.0,0.0,,4573900.0,,903.0,23580200.0,,,,53582200.0,,81950800.0,,,6700200.0,,81099600.0,,1494400.0,,14040700.0,,43514000.0,,20498700.0,,10881000.0,,28393300.0,,,1734000.0,,15200.0,,,,2899300.0,,4818100.0,,14160300.0,,,21375700.0,435579,,38853100.0,,22034100.0,0.0,22764500.0,,19133900.0,,5378000.0,,4500.0,,,,11067900.0,,77375000.0,,211901.0,35615200.0,,12640500.0,0,341755500.0,,5278200.0,,2417500.0,,12646500.0,,1.0,4808100.0,,,,618200.0,616160.0,10.0,105377100.0,,,16388300.0,,8727600.0,,,,54714700.0,,13834900.0,,27898100.0,,16108800.0,,,,,,926.0,,,,59174000.0,,9426800.0,1195327.0,7825500.0,,11044600.0,242.0,,,52630300.0,,3617100.0,,139349200.0,,17286.0,,,,81158800.0,,20646440.0,,,31.0,,,612000.0,,,2402800.0,,8427700.0,,270354600.0,,102369600.0,,21012700.0,,1889400.0,,7706800.0,,3513320.0,,18610400.0,,897300.0,,38700.0,,4207840.0,,6358700.0,,9677300.0,13,12084700.0,735.0,8103700.0,,35913200.0,,,,9490700.0,,44849200.0,,,,,,3303900.0,215.0
2025-03-08,,,,,,,,,,,,,,,,,,,,,,,,,,,,,,,,,,,,,,,,,,,,,,,,,,,,,,,,,,,,,,,,,,0.0,,,,,,,,,,,,,143640,,,,,,,,,,,,,,,,,,,,,,,,,,,,122740,,,,,,0.0,,,,,,,,,,,,,,,,0.0,,,,,,,,,,,,,,,,,,,,,,,,,,,,,,,,,,,,,,,,,,,,,200357,,,,,6.0,,,,,,,,,,,,,,,,,,,0,,,,,,,,,,,,,,,470862.0,,,,,,,,,,,,,,,,,,,,,,,,,,,,,,1139218.0,,,,14.0,,,,,,,,,,,,,,,,,,99.0,,,,,,,,,,,,,,,,,,,0.0,,,,,,,,,,,,,,87,,181.0,,,,,,,,,,,5.0,,,,,0.0
2025-03-09,,,,,,,,,,,,,,,,,,,,,,,,,,,,,,,,,,,,,,,,,,,,,,,,,,,,,,,,,,,,,,,,,,0.0,,,,,,,,,,,,,135768,,,,,,,,,,,,,,,,,,,,,,,,,,,,183812,,,,,,0.0,,,,,,,,,,,,,,,,0.0,,,,,,,,,,,,,,,,,,,,,,,,,,,,,,,,,,,,,,,,,,,,,1123137,,,,,0.0,,,,,,,,,,,,,,,,,,,0,,,,,,,,,,,,,,,424702.0,,,,,,,,,,,,,,,,,,,,,,,,,,,,,,1148762.0,,,,48.0,,,,,,,,,,,,,,,,,,93.0,,,,,,,,,,,,,,,,,,,404.0,,,,,,,,,,,,,,73,,56.0,,,,,,,,,,,0.0,,,,,0.0
2025-03-10,2441476.0,318730.0,12921670.0,177602.0,542653.0,494106.0,480479.0,4776508.0,34415026.0,94292126.0,223961425.0,24064002.0,50030702.0,,5920468.0,3505100.0,,72071200.0,,4001600.0,,5017500.0,,8008400.0,,38733200.0,,62350900.0,,16713700.0,,7267400.0,,2321500.0,,15380100.0,,44217100.0,,605100.0,,33484200.0,,,,5498000.0,,13205100.0,,,,23600.0,,,,6262000.0,,,,,6826000.0,,,33488.0,2809100.0,0.0,,,4183500.0,,,249633.0,4178600.0,,18664100.0,,,4459900.0,152241,,,6023100.0,,10040200.0,,27988000.0,,,,27417600.0,,,,8384900.0,,10947100.0,,14553200.0,,,,9352000.0,,5837100.0,,2759800.0,174206,3808300.0,,23094800.0,,4946600.0,0.0,4203600.0,,7600.0,,55.0,6818800.0,,,5428200.0,,6226900.0,,43604000.0,,5272100.0,0.0,,3710500.0,,821.0,29324200.0,,,,89410600.0,,32930200.0,,,8165500.0,,82760600.0,,1629600.0,,15279100.0,,39442800.0,,18887200.0,,13892000.0,,25251200.0,,,2736000.0,,13700.0,,,,3734300.0,,5962900.0,,16652700.0,,,21999900.0,1260059,,32136400.0,,32840100.0,0.0,31478300.0,,21897900.0,,9130000.0,,45300.0,,,,15940200.0,,69953000.0,,221480.0,25137300.0,,19492500.0,0,366487400.0,,12603400.0,,3059200.0,,21486100.0,,1.0,6307400.0,,,,833500.0,423598.0,2.0,136843800.0,,,15035200.0,,10139900.0,,,,76668000.0,,20956700.0,,29226300.0,,21122000.0,,,,,,300.0,,,,73154000.0,,9616500.0,1303316.0,5223800.0,,12158600.0,3469.0,,,71705200.0,,4485800.0,,169215200.0,,17310.0,,,,99326600.0,,17911020.0,,,48.0,,,485200.0,,,3060500.0,,7269000.0,,312271600.0,,189076900.0,,18265100.0,,1883600.0,,9161400.0,7917.0,3893120.0,,22120100.0,,2545300.0,,46700.0,,5062620.0,,8204300.0,,14742900.0,139,10563700.0,4.0,5535500.0,,35148800.0,,,,10803100.0,,40045400.0,,0.0,,,,3222100.0,0.0
2025-03-11,3521800.0,456616.0,17740891.0,333978.0,586599.0,664444.0,1312797.0,7793370.0,33852768.0,116391050.0,223343033.0,20559951.0,47328733.0,,14123744.0,3020400.0,,76137400.0,,3145200.0,,5641100.0,,7739900.0,,34078300.0,,54002900.0,,12850800.0,,8069200.0,,1616800.0,,11095600.0,,42153200.0,,385500.0,,29094800.0,,,,6878900.0,,5885900.0,,,,10900.0,,,,5358300.0,,,,,6254400.0,,,26933.0,3190900.0,0.0,,,8388200.0,,,222511.0,4679900.0,,11382200.0,,,3204900.0,158632,,,6282700.0,,8313400.0,,33410000.0,,,,25787400.0,,,,6282300.0,,16906000.0,,14825600.0,,,,7255400.0,,6966700.0,,2403500.0,287548,3706100.0,,18962600.0,,4375300.0,0.0,3587200.0,,11900.0,,197.0,5274800.0,,,6771700.0,,4226900.0,,39587400.0,,4190500.0,0.0,,4013300.0,,756.0,23553700.0,,,,69609300.0,,29627200.0,,,5630600.0,,80789000.0,,3023200.0,,10740400.0,,51509700.0,,18143000.0,,10587000.0,,28076400.0,,,2014000.0,,6300.0,,,,5382700.0,,3796500.0,,12617500.0,,,17401500.0,606643,,23333000.0,,30380200.0,0.0,22076100.0,,21962100.0,,4814000.0,,49500.0,,,,12588700.0,,73989000.0,,192161.0,28341900.0,,14995500.0,1213,354865700.0,,7433500.0,,104014700.0,,27200200.0,,0.0,5523700.0,,,,737600.0,417245.0,18.0,109351500.0,,,12133100.0,,8692900.0,,,,68760800.0,,14629600.0,,25110900.0,,15509200.0,,,,,,243.0,,,,95890600.0,,7381300.0,1283991.0,3153400.0,,7547900.0,756.0,,,54907900.0,,4370500.0,,161267000.0,,18293.0,,,,88102100.0,,21106840.0,,,20.0,,,788700.0,,,12239400.0,,6670000.0,,278978600.0,,174896400.0,,16561100.0,,1543500.0,,7981400.0,0.0,4561450.0,,26668200.0,,720400.0,,20700.0,,4399900.0,,9776100.0,,10287600.0,0,9283700.0,4.0,6126900.0,,28687600.0,,,,10649500.0,,30230200.0,,,,,,2773000.0,0.0
2025-03-12,4064278.0,351293.0,17973221.0,199437.0,409913.0,748637.0,860939.0,7072173.0,28031056.0,82546484.0,241938609.0,25600942.0,39260107.0,,10566910.0,7324400.0,,62547500.0,,5515900.0,,4757200.0,,8482200.0,,34241300.0,,43679300.0,,12741300.0,,5291200.0,,1306300.0,,11715600.0,,30409700.0,,351700.0,,23880900.0,,,,5797000.0,,5895400.0,,,,7600.0,,,,3871100.0,,,,,4834900.0,,,30577.0,1816700.0,0.0,,,3288400.0,,,246675.0,4343100.0,,9616800.0,,,2331600.0,142413,,,7387100.0,,7463900.0,,20495600.0,,,,18935300.0,,,,7873000.0,,11891800.0,,10191200.0,,,,5012500.0,,4705200.0,,3011500.0,80172,4983000.0,,19646900.0,,5779500.0,0.0,3687300.0,,27600.0,,213.0,4541500.0,,,6324700.0,,3718200.0,,28372400.0,,3078100.0,0.0,,3368000.0,,649.0,21357500.0,,,,50844300.0,,26594000.0,,,3848800.0,,128671100.0,,3056000.0,,10040300.0,,36881700.0,,16054000.0,,8841000.0,,18923300.0,,,2670000.0,,21500.0,,,,3680300.0,,3014800.0,,12702100.0,,,15747000.0,767628,,20642600.0,,24253600.0,0.0,14328600.0,,23584700.0,,7226000.0,,67500.0,,,,19285900.0,,68658000.0,,224052.0,25903400.0,,13709000.0,0,323857500.0,,10858200.0,,22566300.0,,15373900.0,,0.0,4472800.0,,,,794900.0,357393.0,0.0,116525100.0,,,11545800.0,,7117400.0,,,,46971100.0,,11368700.0,,22142000.0,,19095600.0,,,,,,689.0,,,,92434500.0,,8710800.0,1310295.0,2177500.0,,6264900.0,270.0,,,54143700.0,,5327500.0,,137654500.0,,12117.0,,,,69588200.0,,20691540.0,,,10.0,,,522800.0,,,7114300.0,,6129200.0,,283837200.0,,142215700.0,,14737600.0,,1414900.0,,5436100.0,0.0,2748210.0,,17315000.0,,417100.0,,21800.0,,4377100.0,,6295400.0,,9870900.0,146,5998300.0,107.0,6543000.0,,33301600.0,,,,7704900.0,,32240400.0,,,,,,1941900.0,0.0
2025-03-13,3883033.0,578677.0,24132151.0,449549.0,622944.0,968691.0,638383.0,8755466.0,27326941.0,73943639.0,187000372.0,27143580.0,38849089.0,,8523220.0,6709800.0,,61368300.0,,14386600.0,,2369800.0,,5702200.0,,28575200.0,,41270800.0,,7266100.0,,4480700.0,,1399500.0,,8497100.0,,27236100.0,,618800.0,,20516300.0,,,,4921800.0,,5185000.0,,,,11700.0,,,,5104200.0,,,,,4877100.0,,,33450.0,2490300.0,0.0,,,2964300.0,,,268590.0,5164100.0,,9559400.0,,,3447200.0,136460,,,3986400.0,,9494500.0,,17398400.0,,,,16463300.0,,,,4543400.0,,11059500.0,,6674100.0,,,,3471100.0,,2934000.0,,1823900.0,99275,4062100.0,,16365200.0,,3607000.0,0.0,4303500.0,,25200.0,,2366.0,2880400.0,,,5620600.0,,3829800.0,,31756200.0,,2529100.0,0.0,,7062400.0,,776.0,19828500.0,,,,47786300.0,,30915000.0,,,3862400.0,,243261000.0,,7583200.0,,11623800.0,,31336900.0,,16467900.0,,9308000.0,,15746600.0,,,2066000.0,,13800.0,,,,2759200.0,,3566300.0,,9746200.0,,,16480300.0,188505,,14947800.0,,20473000.0,0.0,13804700.0,,18824700.0,,6044000.0,,29100.0,,,,9164500.0,,50017000.0,,227071.0,22466600.0,,9818000.0,0,299033100.0,,8228200.0,,8211700.0,,14187700.0,,0.0,3823700.0,,,,478600.0,366925.0,,100927200.0,,,9778300.0,,5861700.0,,,,46563300.0,,7288600.0,,25293800.0,,10493900.0,,,,,,345.0,,,,56116700.0,,5126800.0,1655269.0,3547400.0,,5213500.0,14.0,,,38157700.0,,2425800.0,,117160200.0,,10521.0,,,,74079400.0,,16604760.0,,,14.0,,,635200.0,,,4470500.0,,6302300.0,,242454600.0,,114813500.0,,14381600.0,,1262900.0,,5277200.0,363.0,2571220.0,,15272200.0,,379200.0,,36700.0,,4584000.0,,7915300.0,,8079800.0,884,5495100.0,100.0,4003200.0,,31507800.0,,,,6373000.0,,30742000.0,,,,,,2033500.0,67.0
2025-03-14,3397462.0,473953.0,10845154.0,269055.0,519114.0,862579.0,448426.0,6932300.0,30711707.0,60534096.0,229901198.0,36706435.0,44151948.0,,8742060.0,17009500.0,,60107600.0,,6134800.0,,3700300.0,,5138800.0,,24715300.0,,38096700.0,,10061800.0,,4573900.0,,1367500.0,,8404300.0,,25900900.0,,457500.0,,17381900.0,,,,4503900.0,,5039100.0,,,,4100.0,,,,5775600.0,,,,,5222900.0,,,24740.0,1936100.0,0.0,,,3305800.0,,,180495.0,4247800.0,,9454400.0,,,3186400.0,144037,,,5098000.0,,6976900.0,,17462000.0,,,,16250700.0,,,,5933400.0,,10199800.0,,8750100.0,,,,3257700.0,,7266100.0,,3501100.0,311400,2073600.0,,29252700.0,,2699200.0,0.0,3463300.0,,19000.0,,1800.0,4404500.0,,,7619300.0,,3960500.0,,31995900.0,,2808100.0,0.0,,5510700.0,,394.0,17092900.0,,,,37821400.0,,27800100.0,,,4045200.0,,116901600.0,,1924800.0,,11249600.0,,34089400.0,,11962100.0,,11426000.0,,14205100.0,,,1688000.0,,79300.0,,,,2284000.0,,3102300.0,,11862000.0,,,12364500.0,1373119,,15613100.0,,19952800.0,0.0,23714000.0,,24623600.0,,7636000.0,,63900.0,,,,10634600.0,,52007000.0,,144405.0,21499300.0,,9266000.0,0,277593500.0,,6505900.0,,6426900.0,,9330000.0,,6.0,3563600.0,,,,976500.0,340966.0,6.0,113985000.0,,,9828700.0,,5309400.0,,,,43563000.0,,6818900.0,,19902000.0,,12008900.0,,,,,,191.0,,,,57205600.0,,5100700.0,1231301.0,4847600.0,,4155200.0,1.0,,,37484500.0,,8643000.0,,99718700.0,,11729.0,,,,62660300.0,,18403500.0,,,14.0,,,650100.0,,,5428900.0,,4664400.0,,198217000.0,,100242300.0,,11449400.0,,1365500.0,,4927900.0,0.0,2058070.0,,13537300.0,,300000.0,,381300.0,,3218120.0,,7810600.0,,7348500.0,750,7882100.0,118.0,4213800.0,,35500600.0,,,,6390100.0,,32023200.0,,,,,,2192100.0,0.0
2025-03-15,,,,,,,,,,,,,,,,,,,,,,,,,,,,,,,,,,,,,,,,,,,,,,,,,,,,,,,,,,,,,,,,,,0.0,,,,,,,,,,,,,136477,,,,,,,,,,,,,,,,,,,,,,,,,,,,118009,,,,,,0.0,,,,,,,,,,,,,,,,0.0,,,,,,,,,,,,,,,,,,,,,,,,,,,,,,,,,,,,,,,,,,,,,284603,,,,,0.0,,,,,,,,,,,,,,,,,,,0,,,,,,,,,,,,,,,392287.0,,,,,,,,,,,,,,,,,,,,,,,,,,,,,,1090715.0,,,,111.0,,,,,,,,,,,,,,,,,,14.0,,,,,,,,,,,,,,,,,,,0.0,,,,,,,,,,,,,,226,,175.0,,,,,,,,,,,,,,,,0.0
2025-03-16,,,,,,,,,,,,,,,,,,,,,,,,,,,,,,,,,,,,,,,,,,,,,,,,,,,,,,,,,,,,,,,,,,0.0,,,,,,,,,,,,,135401,,,,,,,,,,,,,,,,,,,,,,,,,,,,141894,,,,,,0.0,,,,,,,,,,,,,,,,0.0,,,,,,,,,,,,,,,,,,,,,,,,,,,,,,,,,,,,,,,,,,,,,368666,,,,,0.0,,,,,,,,,,,,,,,,,,,0,,,,,,,,,,,,,,,326675.0,,,,,,,,,,,,,,,,,,,,,,,,,,,,,,1220546.0,,,,204.0,,,,,,,,,,,,,,,,,,14.0,,,,,,,,,,,,,,,,,,,0.0,,,,,,,,,,,,,,16,,39.0,,,,,,,,,,,,,,,,105.0
2025-03-17,2584679.0,369290.0,35559021.0,323118.0,481843.0,804864.0,786495.0,5497062.0,22096160.0,44838325.0,221496225.0,26441529.0,37555448.0,,13637359.0,6452900.0,,48073400.0,,4258500.0,,3637200.0,,4764300.0,,43689500.0,,47341800.0,,8871500.0,,3444900.0,,1423300.0,,7564400.0,,26830600.0,,861200.0,,33897000.0,,,,4470900.0,,7013700.0,,,,11200.0,,,,5343400.0,,,,,5202100.0,,,29314.0,1683800.0,0.0,,,2109500.0,,,161298.0,5802300.0,,7216500.0,,,2256100.0,133490,,,5608600.0,,4484300.0,,17020400.0,,,,15335800.0,,,,5283200.0,,8332100.0,,7806300.0,,,,4344900.0,,3315500.0,,2388500.0,141215,3471400.0,,27460600.0,,2396400.0,0.0,5453600.0,,14300.0,,214.0,4376600.0,,,7214000.0,,2899100.0,,31184300.0,,2695600.0,0.0,,3681300.0,,528.0,18134400.0,,,,45895500.0,,19419600.0,,,3233900.0,,160723600.0,,4847200.0,,9791200.0,,26947600.0,,9586000.0,,9762000.0,,15634800.0,,,3396000.0,,138500.0,,,,3365000.0,,2546600.0,,9555200.0,,,15473900.0,2408131,,13419400.0,,22474300.0,0.0,12998700.0,,17095100.0,,5842000.0,,26400.0,,,,8252800.0,,75431000.0,,153362.0,15886800.0,,8284000.0,0,255501500.0,,5995800.0,,5713300.0,,9885000.0,,0.0,3231100.0,,,,1016800.0,322064.0,0.0,99348900.0,,,7971200.0,,5781000.0,,,,41744400.0,,19261700.0,,22395400.0,,15581600.0,,,,,,333.0,,,,40651100.0,,5192200.0,943650.0,2930700.0,,3380500.0,158.0,,,45612600.0,,8709300.0,,82794200.0,,11072.0,,,,49008700.0,,15124840.0,,,14.0,,,391300.0,,,3563000.0,,5041600.0,,180300800.0,,111900600.0,,9678100.0,,1904900.0,,4940400.0,0.0,1657150.0,,20577800.0,,547700.0,,423500.0,,2541000.0,,6149400.0,,7248000.0,237,5734100.0,1.0,4004200.0,,26297800.0,,,,6338900.0,,29761600.0,,,,,,1773800.0,0.0
2025-03-18,2696191.0,505699.0,28138594.0,211056.0,669726.0,1080731.0,579314.0,6196410.0,33639833.0,53396321.0,258147732.0,65239628.0,41082229.0,,8191660.0,5000800.0,,42432400.0,,4297300.0,,2825000.0,,4282300.0,,27152800.0,,40414900.0,,8636600.0,,3138800.0,,1007300.0,,7055000.0,,24951000.0,,347100.0,,20950100.0,,,,5423500.0,,3797200.0,,,,53400.0,,,,4857800.0,,,,,3362900.0,,,32008.0,3310000.0,0.0,,,1672400.0,,,110338.0,3603300.0,,7408200.0,,,2182000.0,137877,,,5275800.0,,5881700.0,,12742400.0,,,,16669000.0,,,,5792000.0,,6727000.0,,7783000.0,,,,4625100.0,,3352300.0,,1900800.0,48041,2871000.0,,26370400.0,,2453200.0,0.0,4471200.0,,5400.0,,428.0,2773800.0,,,11169000.0,,2155800.0,,42074800.0,,2641000.0,0.0,,3008200.0,,424.0,15345700.0,,,,44644600.0,,24407600.0,,,4171900.0,,132488800.0,,5028800.0,,11908600.0,,22888000.0,,10344900.0,,9507000.0,,12657600.0,,,2300000.0,,44600.0,,,,4650500.0,,2354900.0,,8094700.0,,,20297700.0,24623336,,11613600.0,,19486900.0,0.0,15398200.0,,18434100.0,,4556000.0,,36300.0,,,,9837800.0,,60094000.0,,171724.0,24555800.0,,8840000.0,107,299686900.0,,5696400.0,,2430600.0,,9402500.0,,0.0,2790600.0,,,,953600.0,318121.0,400.0,93236500.0,,,7520800.0,,6898400.0,,,,39072300.0,,13232200.0,,32767000.0,,9768300.0,,,,,,15.0,,,,53505500.0,,5196700.0,1042149.0,2587300.0,,4955900.0,65.0,,,36336100.0,,10612700.0,,79140900.0,,9218.0,,,,66041400.0,,13736700.0,,,14.0,,,1459100.0,,,3674800.0,,4099700.0,,175652400.0,,111477600.0,,9986000.0,,1067500.0,,4077700.0,0.0,1371750.0,,16137500.0,,632200.0,,352400.0,,2749540.0,,7778300.0,,6148800.0,19,5205800.0,104.0,4239100.0,,17850900.0,,,,7291700.0,,30806600.0,,,,,,1728700.0,0.0
2025-03-19,3102000.0,520541.0,29421759.0,156085.0,710932.0,597616.0,574156.0,4697251.0,31604153.0,34996748.0,371387356.0,35279116.0,38845173.0,,8693903.0,3257600.0,,54385400.0,,4349900.0,,3153200.0,,4426500.0,,32287500.0,,39442900.0,,6935500.0,,3729600.0,,1080500.0,,11484900.0,,37962700.0,,151700.0,,16333800.0,,,,4565100.0,,7030500.0,,,,26500.0,,,,3798000.0,,,,,4050600.0,,,26898.0,2407200.0,0.0,,,1658200.0,,,73077.0,5184000.0,,8194200.0,,,1908500.0,142297,,,4636900.0,,5245400.0,,16226400.0,,,,15488800.0,,,,5460100.0,,8614600.0,,9329400.0,,,,5934800.0,,3473000.0,,2183700.0,156905,2751900.0,,26788700.0,,2147000.0,0.0,5098400.0,,4400.0,,175.0,3445600.0,,,8842900.0,,3032300.0,,34275600.0,,2769800.0,0.0,,2990200.0,,459.0,17741900.0,,,,56447100.0,,21482800.0,,,3853600.0,,135491400.0,,3626400.0,,14726400.0,,31595600.0,,10120600.0,,7533000.0,,14780000.0,,,1364000.0,,105500.0,,,,2433900.0,,3790500.0,,8907200.0,,,20537500.0,1282500,,12228800.0,,19185500.0,0.0,19378800.0,,16633100.0,,3524000.0,,34200.0,,,,10194400.0,,66624000.0,,149299.0,14042800.0,,7809000.0,6962,273426200.0,,6920600.0,,2230500.0,,6909500.0,,0.0,3476800.0,,,,470700.0,362953.0,106.0,89797400.0,,,6876400.0,,5871000.0,,,,40430300.0,,9529600.0,,20744300.0,,12096300.0,,,,,,193.0,,,,60767800.0,,4932500.0,1222001.0,2520700.0,,4559200.0,301.0,,,46771900.0,,10887300.0,,83249700.0,,11390.0,,,,66556000.0,,16553380.0,,,14.0,,,147500.0,,,2919700.0,,5053700.0,,185186400.0,,111993800.0,,10678500.0,,1381600.0,,5675000.0,0.0,1971210.0,,15042100.0,,494400.0,,300500.0,,3464700.0,,5614900.0,,7165400.0,29,3603100.0,2.0,3478200.0,,24555900.0,,,,5806300.0,,31742600.0,,,,,,1690000.0,62.0
2025-03-20,2779557.0,635938.0,34989004.0,259013.0,593445.0,807118.0,641530.0,5627694.0,49845030.0,56017364.0,254323500.0,19889305.0,44029819.0,,7546806.0,2948900.0,,48862900.0,,4009500.0,,2318800.0,,5480300.0,,26871800.0,,38921100.0,,8401500.0,,2335200.0,,1282400.0,,6738700.0,,31430000.0,,260500.0,,23646800.0,,,,11365400.0,,4199200.0,,,,147900.0,,,,4065400.0,,,,,3131900.0,,,33049.0,2782900.0,0.0,,,1130900.0,,,283376.0,1859400.0,,6718000.0,,,1891800.0,138558,,,2653300.0,,5504700.0,,11532000.0,,,,16528600.0,,,,4924500.0,,7836500.0,,8991700.0,,,,4143600.0,,2640400.0,,2381100.0,80987,1720100.0,,22603500.0,,2447100.0,0.0,3198800.0,,6700.0,,185.0,3500100.0,,,7407800.0,,1998200.0,,28138500.0,,2531300.0,0.0,,3391200.0,,578.0,15791100.0,,,,49146600.0,,19402600.0,,,7026800.0,,68937600.0,,2024800.0,,10067800.0,,25665900.0,,8328500.0,,6294000.0,,16295300.0,,,1570000.0,,33800.0,,,,2189500.0,,4402700.0,,10689100.0,,,24336500.0,347189,,9083000.0,,18470500.0,0.0,15058100.0,,29204400.0,,12638000.0,,25800.0,,,,9921200.0,,44663000.0,,185932.0,11463600.0,,12965000.0,3808,248829700.0,,4572500.0,,2517600.0,,7051600.0,,3.0,4395000.0,,,,564100.0,330240.0,0.0,105547400.0,,,7453600.0,,5089300.0,,,,36780500.0,,7803400.0,,29439100.0,,8509000.0,,,,,,257.0,,,,43863900.0,,3654700.0,1019114.0,2701900.0,,2717300.0,308.0,,,40485900.0,,4338300.0,,80380600.0,,10023.0,,,,62958200.0,,14904100.0,,,14.0,,,717600.0,,,2471000.0,,6176100.0,,176818200.0,,99028300.0,,12209700.0,,1329200.0,,4980000.0,0.0,1492600.0,,17851400.0,,722000.0,,360900.0,,3282980.0,,5432700.0,,5474100.0,28,4910100.0,63.0,3283100.0,,18185500.0,,,,6743300.0,,33163600.0,,,,,,1470900.0,0.0
2025-03-21,5731880.0,552626.0,40155612.0,245822.0,685909.0,1003828.0,638764.0,6252137.0,42260479.0,79006323.0,271392247.0,22733325.0,49899045.0,,12815605.0,3263800.0,,94127800.0,,7607300.0,,3655000.0,,15911300.0,,30767900.0,,60056900.0,,9505700.0,,2552400.0,,1967200.0,,6794300.0,,43086500.0,,186300.0,,13970300.0,,,,7839400.0,,2645900.0,,,,32800.0,,,,8546300.0,,,,,8381100.0,,,23983.0,6766100.0,0.0,,,2539000.0,,,198964.0,2656300.0,,7344800.0,,,3447600.0,135102,,,3273400.0,,9804100.0,,32478000.0,,,,65935200.0,,,,8911100.0,,15089900.0,,9574300.0,,,,15354000.0,,3482100.0,,3217700.0,58257,3722600.0,,19579900.0,,8769600.0,0.0,2950800.0,,8800.0,,151.0,3012100.0,,,10771400.0,,6893900.0,,36625800.0,,3565600.0,0.0,,8205400.0,,598.0,49693300.0,,,,43674200.0,,47407400.0,,,9580100.0,,94110700.0,,2603200.0,,8308800.0,,39470200.0,,19326900.0,,24548000.0,,47479500.0,,,1308000.0,,25800.0,,,,1762700.0,,5963800.0,,20062000.0,,,25015900.0,469484,,11942300.0,,39675900.0,0.0,21774000.0,,63239600.0,,25358000.0,,30600.0,,,,6922700.0,,59054000.0,,125273.0,12022400.0,,14536500.0,2160,266498500.0,,5880500.0,,1467300.0,,17620200.0,,0.0,8565900.0,,,,1235400.0,293588.0,0.0,116748700.0,,,14603800.0,,10949300.0,,,,42234900.0,,7987100.0,,36684600.0,,16743600.0,,,,,,189.0,,,,64539600.0,,6319300.0,938259.0,6372200.0,,3608200.0,190.0,,,40043900.0,,24505900.0,,84348300.0,,8728.0,,,,83763000.0,,13698320.0,,,14.0,,,110400.0,,,5930700.0,,5022300.0,,160982000.0,,132728700.0,,9993200.0,,3631800.0,,11822900.0,0.0,1850260.0,,26551400.0,,439700.0,,388200.0,,4050140.0,,17279700.0,,5240900.0,3,7712800.0,264.0,5919000.0,,26797200.0,,,,6513900.0,,36975600.0,,,,,,6268800.0,0.0
2025-03-22,,,,,,,,,,,,,,,,,,,,,,,,,,,,,,,,,,,,,,,,,,,,,,,,,,,,,,,,,,,,,,,,,,0.0,,,,,,,,,,,,,136587,,,,,,,,,,,,,,,,,,,,,,,,,,,,39754,,,,,,0.0,,,,,,,,,,,,,,,,0.0,,,,,,,,,,,,,,,,,,,,,,,,,,,,,,,,,,,,,,,,,,,,,205840,,,,,0.0,,,,,,,,,,,,,,,,,,,2406,,,,,,,,,,,,,,,309635.0,,,,,,,,,,,,,,,,,,,,,,,,,,,,,,1146274.0,,,,21.0,,,,,,,,,,,,,,,,,,14.0,,,,,,,,,,,,,,,,,,,0.0,,,,,,,,,,,,,,19,,21.0,,,,,,,,,,,0.0,,,,,36.0
2025-03-23,,,,,,,,,,,,,,,,,,,,,,,,,,,,,,,,,,,,,,,,,,,,,,,,,,,,,,,,,,,,,,,,,,0.0,,,,,,,,,,,,,137104,,,,,,,,,,,,,,,,,,,,,,,,,,,,97984,,,,,,0.0,,,,,,,,,,,,,,,,0.0,,,,,,,,,,,,,,,,,,,,,,,,,,,,,,,,,,,,,,,,,,,,,207887,,,,,0.0,,,,,,,,,,,,,,,,,,,2507,,,,,,,,,,,,,,,350820.0,,,,,,,,,,,,,,,,,,,,,,,,,,,,,,1306521.0,,,,55.0,,,,,,,,,,,,,,,,,,14.0,,,,,,,,,,,,,,,,,,,1179.0,,,,,,,,,,,,,,53,,20.0,,,,,,,,,,,0.0,,,,,0.0
2025-03-24,1611040.0,1212302.0,14088094.0,127611.0,354434.0,426643.0,250685.0,6277697.0,24598555.0,53715705.0,206959960.0,22978476.0,61238376.0,,7738737.0,4138700.0,,44299500.0,,5223000.0,,2416300.0,,5855200.0,,53342000.0,,41625400.0,,9119900.0,,4314300.0,,1104400.0,,10852600.0,,33180300.0,,339000.0,,14019000.0,,,,5738000.0,,3976200.0,,,,21000.0,,,,4858900.0,,,,,3072900.0,,,31456.0,2277200.0,0.0,,,1644000.0,,,247024.0,4893500.0,,9489500.0,,,2208100.0,141143,,,5601900.0,,6763800.0,,16587600.0,,,,28335600.0,,,,6491800.0,,8224400.0,,7661400.0,,,,4209000.0,,3396800.0,,2253900.0,135116,1579900.0,,17662700.0,,2328700.0,0.0,3344400.0,,12600.0,,137.0,3141000.0,,,5165600.0,,5036000.0,,30879100.0,,1877700.0,0.0,,4023200.0,,799.0,26407400.0,,,,50762000.0,,24161700.0,,,4753300.0,,69169000.0,,2230400.0,,14158800.0,,25774700.0,,9422700.0,,7302000.0,,12575400.0,,,2132000.0,,24900.0,,,,2575600.0,,3102400.0,,7954800.0,,,15741300.0,268674,,12185900.0,,21004500.0,0.0,23099700.0,,35406600.0,,9838000.0,,30300.0,,,,10013800.0,,46779000.0,,78987.0,13389800.0,,7997500.0,2487,228452500.0,,8083200.0,,9963900.0,,7848300.0,,3.0,3758100.0,,,,546200.0,321868.0,0.0,112164700.0,,,9911000.0,,6033400.0,,,,34567200.0,,9012100.0,,33462400.0,,13807100.0,,,,,,88.0,,,,85032200.0,,6503200.0,1009914.0,3562800.0,,3885000.0,1046.0,,,58817600.0,,13639700.0,,91671300.0,,11281.0,,,,58766800.0,,13410540.0,,,14.0,,,394900.0,,,3206800.0,,6019800.0,,126823000.0,,169079900.0,,11440000.0,,1452900.0,,5694900.0,0.0,2125110.0,,18126300.0,,283200.0,,396000.0,,3584660.0,,5675100.0,,6225200.0,3660,5619600.0,187.0,10462000.0,,17900700.0,,,,5032300.0,,23824600.0,,0.0,,,,1970000.0,0.0
2025-03-25,2262656.0,2097056.0,17259455.0,214304.0,365297.0,344483.0,271450.0,6571405.0,27744935.0,38472546.0,1341045814.0,20722318.0,43845502.0,,14201598.0,2575700.0,,34493600.0,,3648600.0,,1646200.0,,5093700.0,,29077500.0,,31171200.0,,7757500.0,,1887300.0,,1244300.0,,5202600.0,,23417300.0,,158100.0,,17943400.0,,,,3695700.0,,3410900.0,,,,23500.0,,,,3964800.0,,,,,3782400.0,,,30415.0,1678000.0,0.0,,,1966000.0,,,258411.0,2932400.0,,7877700.0,,,1623000.0,140907,,,3052800.0,,4301700.0,,17033600.0,,,,20877600.0,,,,4807300.0,,7365200.0,,13400400.0,,,,4084600.0,,12540300.0,,1779600.0,99574,2309700.0,,27892100.0,,2008400.0,0.0,3877300.0,,9100.0,,74.0,2631700.0,,,4027600.0,,10106800.0,,24174400.0,,1875500.0,0.0,,2799500.0,,419.0,17549600.0,,,,43367900.0,,21198200.0,,,3133800.0,,51743300.0,,2141600.0,,11561700.0,,17836900.0,,9287700.0,,4987000.0,,12513900.0,,,1404000.0,,92600.0,,,,1539300.0,,2670600.0,,6437300.0,,,15312500.0,243679,,9443100.0,,15775000.0,0.0,15053700.0,,22191700.0,,13020000.0,,34500.0,,,,10464600.0,,37822000.0,,50289.0,9780200.0,,8216000.0,2750,167447200.0,,8895600.0,,8523500.0,,8521200.0,,2.0,5343400.0,,,,407500.0,303052.0,0.0,78015300.0,,,6690600.0,,3978200.0,,,,26035200.0,,5815600.0,,22158000.0,,12026500.0,,,,,,14.0,,,,57736800.0,,3451800.0,993737.0,3079000.0,,3378600.0,1182.0,,,35685500.0,,3278900.0,,57784400.0,,6311.0,,,,38355700.0,,9796880.0,,,67.0,,,125300.0,,,1942200.0,,4967200.0,,111139400.0,,150361500.0,,8718800.0,,1361000.0,,4357200.0,0.0,1521490.0,,16065900.0,,352600.0,,642900.0,,1825880.0,,3931200.0,,6850800.0,137,8749500.0,5.0,4775600.0,,27908600.0,,,,7040000.0,,22292000.0,,,,,,1586600.0,0.0
2025-03-26,2058540.0,1220193.0,16431645.0,203917.0,790441.0,249655.0,731000.0,5126765.0,17310634.0,93958039.0,180066074.0,15909201.0,26504416.0,,37108584.0,2966600.0,,34466100.0,,3425000.0,,3010900.0,,4850800.0,,39824000.0,,32855300.0,,8294500.0,,4881200.0,,1266500.0,,5715800.0,,30578500.0,,467900.0,,15933500.0,,,,4816800.0,,2903800.0,,,,8000.0,,,,5004400.0,,,,,3523000.0,,,27419.0,1703200.0,0.0,,,2278900.0,,,262413.0,3576900.0,,7113400.0,,,1644700.0,150030,,,4790100.0,,5070300.0,,13101200.0,,,,30621200.0,,,,5795800.0,,6314000.0,,8111600.0,,,,4241100.0,,8321100.0,,6238700.0,122152,1794900.0,,18423200.0,,2446900.0,0.0,3684100.0,,10000.0,,83.0,3798600.0,,,5601200.0,,52930500.0,,28901600.0,,1944200.0,0.0,,3140900.0,,547.0,17227100.0,,,,44462500.0,,23621500.0,,,4450100.0,,59496700.0,,1445600.0,,14025200.0,,19344600.0,,12779300.0,,7346000.0,,14478200.0,,,1294000.0,,3600.0,,,,2459700.0,,2562100.0,,7325600.0,,,12609800.0,343924,,19777100.0,,16108400.0,0.0,16732400.0,,27107200.0,,10334000.0,,162300.0,,,,19905300.0,,35274000.0,,52751.0,11515600.0,,6743000.0,2524,293463300.0,,7582300.0,,7788300.0,,13210000.0,,2.0,3409900.0,,,,471800.0,322050.0,0.0,81428600.0,,,7449600.0,,5960300.0,,,,34627100.0,,4849600.0,,27753600.0,,12762900.0,,,,,,134.0,,,,59258300.0,,9591100.0,983545.0,1242400.0,,3451900.0,282.0,,,48480600.0,,4885700.0,,94328400.0,,12195.0,,,,51848300.0,,16307280.0,,,26.0,,,193200.0,,,2200700.0,,5924800.0,,157006400.0,,153629800.0,,14612400.0,,1951700.0,,5814200.0,0.0,1518600.0,,11828600.0,,347000.0,,434700.0,,4649920.0,,6187100.0,,18957000.0,153,7243700.0,3.0,3386400.0,,27228800.0,,,,8225500.0,,25564600.0,,,,,,1314400.0,0.0
2025-03-27,2287220.0,1027562.0,20389790.0,130604.0,1501086.0,702107.0,376636.0,7191086.0,17595617.0,54894023.0,359693846.0,24205905.0,25666765.0,,30680300.0,3100400.0,,37094800.0,,2729700.0,,3118000.0,,6933800.0,,32773700.0,,27317700.0,,20188900.0,,4203100.0,,1285500.0,,5662100.0,,32151700.0,,330900.0,,16688300.0,,,,4480000.0,,4368200.0,,,,7700.0,,,,5154600.0,,,,,2993500.0,,,19183.0,1481100.0,0.0,,,3517800.0,,,211825.0,4051300.0,,5426300.0,,,1547000.0,135113,,,6272900.0,,3757200.0,,10664400.0,,,,25720200.0,,,,7537800.0,,6598800.0,,6963400.0,,,,3592400.0,,4608400.0,,4459200.0,101473,2369900.0,,16269600.0,,2857700.0,0.0,4037700.0,,82300.0,,124359.0,3814200.0,,,5469800.0,,96733100.0,,24508300.0,,2100900.0,0.0,,3036600.0,,1770.0,15241700.0,,,,51945500.0,,18129300.0,,,2889300.0,,57720600.0,,3033600.0,,9697300.0,,23960000.0,,8022500.0,,7351000.0,,11663400.0,,,1300000.0,,18900.0,,,,1835200.0,,2128200.0,,8441800.0,,,10436500.0,216528,,14956100.0,,13766800.0,0.0,13838300.0,,15658700.0,,5056000.0,,71400.0,,,,15935200.0,,30472000.0,,181918.0,22325800.0,,7400000.0,2564,236902100.0,,7970800.0,,10619500.0,,9148300.0,,13.0,7156300.0,,,,435100.0,254571.0,12138.0,82823000.0,,,7883100.0,,6102000.0,,,,33469800.0,,6775400.0,,62257100.0,,11754300.0,,,,,,1017.0,,,,48512300.0,,9072500.0,1098181.0,1618100.0,,2647000.0,188.0,,,58870900.0,,5711400.0,,103112800.0,,12512.0,,,,42164200.0,,15522100.0,,,21.0,,,374200.0,,,2161400.0,,4930200.0,,144736000.0,,162572100.0,,17559100.0,,1128700.0,,5035900.0,0.0,1685340.0,,11866800.0,,299100.0,,386000.0,,4654180.0,,7254800.0,,17175000.0,19,4909700.0,8.0,3279600.0,,16782800.0,,,,6493600.0,,19147800.0,,,,,,1722700.0,0.0
2025-03-28,2673553.0,1003500.0,16282514.0,103968.0,700564.0,492233.0,520309.0,9416839.0,18594342.0,50859018.0,369242633.0,20128485.0,23655795.0,,11878345.0,3534300.0,,39818600.0,,3830300.0,,3138400.0,,7715000.0,,31069100.0,,52548200.0,,15471800.0,,4624100.0,,1393000.0,,9865500.0,,30391500.0,,478400.0,,13271500.0,,,,7790900.0,,4530300.0,,,,1100.0,,,,5321400.0,,,,,4999800.0,,,12292.0,1965200.0,1.0,,,2157700.0,,,246650.0,2425800.0,,10040200.0,,,2100500.0,135073,,,3012000.0,,4973400.0,,13830000.0,,41091100.0,,24931700.0,,,,7225200.0,,7679700.0,,10970500.0,,,,5705500.0,,7782300.0,,3115800.0,47245,3205400.0,,24379600.0,,2778700.0,0.0,3533600.0,,42800.0,,31206.0,2725300.0,,,3752500.0,,44771700.0,,48669300.0,,2773100.0,0.0,,2980200.0,,1395.0,20932200.0,,,,44330400.0,,19216400.0,,,3125300.0,,58365300.0,,1836000.0,,13708500.0,,26656200.0,,11978400.0,,9895000.0,,17412900.0,,,2702000.0,,47200.0,,,,1715700.0,,2124700.0,,9541500.0,,,17602800.0,319279,,18790400.0,,21632000.0,0.0,21058900.0,,17118000.0,,6770000.0,,90900.0,,,,24931500.0,,44227000.0,,176361.0,22355400.0,,8792500.0,2533,229872500.0,,5867000.0,,16871500.0,,13144500.0,,3.0,6249900.0,,,,706100.0,260934.0,4407.0,91091700.0,,,16536300.0,,8918000.0,,,,46363800.0,,8001900.0,,35943500.0,,25511900.0,,,,,,316.0,,,,45561600.0,,8722100.0,1210630.0,3987300.0,,4654500.0,262.0,,,51302400.0,,5571300.0,,138232400.0,,11973.0,,,,71662700.0,,17357760.0,,,21.0,,,297400.0,,,2363800.0,,6629800.0,,207264200.0,,123809400.0,,16332000.0,,1439400.0,,5490600.0,0.0,1822310.0,,11277900.0,,671100.0,,157200.0,,6936380.0,,5687600.0,,13147200.0,34,4640100.0,186.0,3163300.0,,14790600.0,,,,7003100.0,,22248800.0,,,,,,1515900.0,167.0
2025-03-29,,,,,,,,,,,,,,,,,,,,,,,,,,,,,,,,,,,,,,,,,,,,,,,,,,,,,,,,,,,,,,,,,,0.0,,,,,,,,,,,,,136973,,,,,,,,,,,,,,,,,,,,,,,,,,,,51328,,,,,,0.0,,,,,,,,,,,,,,,,0.0,,,,,,,,,,,,,,,,,,,,,,,,,,,,,,,,,,,,,,,,,,,,,186485,,,,,0.0,,,,,,,,,,,,,,,,,,,1743,,,,,,,,,,,,,,,282358.0,,,,,,,,,,,,,,,,,,,,,,,,,,,,,,990242.0,,,,616.0,,,,,,,,,,,,,,,,,,21.0,,,,,,,,,,,,,,,,,,,0.0,,,,,,,,,,,,,,24,,42.0,,,,,,,,,,,35.0,,,,,0.0
2025-03-30,,,,,,,,,,,,,,,,,,,,,,,,,,,,,,,,,,,,,,,,,,,,,,,,,,,,,,,,,,,,,,,,,,0.0,,,,,,,,,,,,,135132,,,,,,,,,,,,,,,,,,,,,,,,,,,,190221,,,,,,0.0,,,,,,,,,,,,,,,,0.0,,,,,,,,,,,,,,,,,,,,,,,,,,,,,,,,,,,,,,,,,,,,,116769,,,,,0.0,,,,,,,,,,,,,,,,,,,1737,,,,,,,,,,,,,,,279082.0,,,,,,,,,,,,,,,,,,,,,,,,,,,,,,798530.0,,,,524.0,,,,,,,,,,,,,,,,,,30.0,,,,,,,,,,,,,,,,,,,0.0,,,,,,,,,,,,,,32,,0.0,,,,,,,,,,,0.0,,,,,0.0
2025-03-31,4561715.0,936571.0,17633494.0,340830.0,668750.0,2451138.0,527303.0,10984450.0,28036973.0,48089971.0,342788934.0,18250700.0,35770136.0,,15537913.0,2859500.0,,65299300.0,,3960700.0,,3752300.0,,7116300.0,,30865300.0,,63547600.0,,10510400.0,,4662700.0,,1685000.0,,8758300.0,,35656400.0,,966700.0,,12183800.0,,,,6767400.0,,4605500.0,,,,1300.0,,,,7139300.0,,,,,5797100.0,,,53426.0,2837500.0,0.0,,,3553600.0,,,313087.0,2771700.0,,7781300.0,,,3102000.0,137289,,,5106700.0,,7585800.0,,13188000.0,,15194800.0,,29335700.0,,,,7286200.0,,10554000.0,,15060600.0,,,,5533400.0,,4204300.0,,3735300.0,81182,4189400.0,,15634400.0,,3058900.0,0.0,3932200.0,,23300.0,,3438.0,4678300.0,,,9881600.0,,16147900.0,,54603500.0,,2455100.0,0.0,,4498800.0,,720.0,19861600.0,,,,40954800.0,,31786500.0,,,6795000.0,,65832000.0,,1259200.0,,11729900.0,,32250800.0,,13603000.0,,11654000.0,,24016900.0,,,3452000.0,,26700.0,,,,1597400.0,,3737000.0,,11778100.0,,,21124700.0,1712582,,16032400.0,,35184700.0,0.0,14866300.0,,21089500.0,,7332000.0,,61800.0,,,,13795000.0,,46341000.0,,171857.0,26802400.0,,14921000.0,2119,299212700.0,,6826100.0,,28188300.0,,15509900.0,,3.0,5888600.0,,,,976600.0,277779.0,242.0,108092900.0,,,11562000.0,,8613600.0,,,,53000300.0,,9511600.0,,29697100.0,,15132500.0,,,,,,97.0,,,,43814800.0,,9477200.0,1031985.0,2113400.0,,6219100.0,2470.0,,,62839200.0,,6441100.0,,111345600.0,,12827.0,,,,95328200.0,,20047460.0,,,12.0,,,1072400.0,,,2825400.0,,6369600.0,,213709000.0,,134008900.0,,19408300.0,,2689900.0,,9222700.0,0.0,2208910.0,,16033100.0,,616700.0,,156400.0,,5951560.0,,9950800.0,,13779500.0,561,8212200.0,0.0,3639700.0,,30269300.0,,,,16660900.0,,28813800.0,,0.0,,,,2205700.0,0.0
2025-04-01,2317253.0,641043.0,13841706.0,256790.0,485068.0,672781.0,356143.0,9143106.0,19518013.0,51349491.0,590405454.0,12295934.0,22898803.0,,17272895.0,2814400.0,,36412700.0,,3847800.0,,3464700.0,,5869500.0,,23523200.0,,41267300.0,,7624200.0,,4236100.0,,1212600.0,,8856200.0,,20472400.0,,575300.0,,11627500.0,,,,6294400.0,,6223200.0,,,,17600.0,,,,4130600.0,,,,,4039500.0,,,54055.0,1955300.0,0.0,,,2018100.0,,,272832.0,3550500.0,,5489700.0,,,2041500.0,137258,,,3728000.0,,4598200.0,,10728400.0,,38327800.0,,17381400.0,,,,5716700.0,,8762700.0,,13021600.0,,,,5340400.0,,4730900.0,,4981300.0,66521,2932500.0,,20282900.0,,2032600.0,0.0,3916300.0,,22500.0,,1721.0,3544500.0,,,6700200.0,,14435300.0,,30672900.0,,1869600.0,0.0,,2801600.0,,838.0,46231100.0,,,,42942700.0,,22897300.0,,,4412900.0,,64060400.0,,1436000.0,,15518400.0,,26054100.0,,8054700.0,,6694000.0,,15309100.0,,,2122000.0,,6600.0,,,,3602300.0,,2987700.0,,9066200.0,,,12836600.0,313663,,12613300.0,,19689500.0,0.0,16780100.0,,15337100.0,,3910000.0,,51900.0,,,,15299500.0,,35200000.0,,156694.0,18968900.0,,7715000.0,5548,222614000.0,,6213800.0,,14836300.0,,9518500.0,,3.0,4037300.0,,,,679800.0,319005.0,93.0,78980700.0,,,8000600.0,,5708900.0,,,,41156200.0,,6568200.0,,45477400.0,,14075300.0,,,,,,97.0,,,,41752300.0,,6151300.0,983879.0,2115600.0,,3426800.0,1462.0,,,48664100.0,,10219100.0,,106085000.0,,12145.0,,,,54609600.0,,21250840.0,,,12.0,,,339900.0,,,3045900.0,,7170900.0,,194196400.0,,146486900.0,,9180000.0,,1654700.0,,5965400.0,0.0,2645730.0,,16889200.0,,359200.0,,348100.0,,4116600.0,,7473300.0,,10133200.0,712,5292700.0,0.0,3048700.0,,22080300.0,,,,17353200.0,,27121200.0,,,,,,1508000.0,0.0
2025-04-02,2764223.0,615215.0,14402297.0,258189.0,461848.0,863173.0,329645.0,6797136.0,14247546.0,44077140.0,635758232.0,21827933.0,18784941.0,,9083367.0,3221200.0,,35905900.0,,2859100.0,,4536100.0,,4904800.0,,20794000.0,,53679200.0,,7313600.0,,2350600.0,,1119000.0,,9222900.0,,19523700.0,,273500.0,,21240900.0,,,,3612100.0,,5779300.0,,,,11300.0,,,,4079000.0,,,,,4064300.0,,,61062.0,1747600.0,0.0,,,3700000.0,,,286501.0,4660700.0,,8208600.0,,,1719900.0,139882,,,5069800.0,,5396900.0,,9888000.0,,52666800.0,,18610700.0,,,,6245800.0,,7959900.0,,9940500.0,,,,4153300.0,,3999200.0,,1844100.0,87280,2237800.0,,10079200.0,,2302900.0,0.0,3839800.0,,23200.0,,5946.0,4203200.0,,,4740400.0,,10965100.0,,25041700.0,,2560700.0,0.0,,3189500.0,,523.0,25183700.0,,,,44551400.0,,23638200.0,,,4080800.0,,58878800.0,,1876000.0,,14876100.0,,36603000.0,,7758800.0,,7911000.0,,14606500.0,,,3754000.0,,4200.0,,,,4008500.0,,2683800.0,,7641400.0,,,13470800.0,1197004,,13138200.0,,16092600.0,0.0,16293800.0,,14520400.0,,7452000.0,,33300.0,,,,18863700.0,,32569000.0,,141243.0,14208800.0,,8132000.0,2319,220601200.0,,7337200.0,,7917600.0,,11594400.0,,3.0,3371800.0,,,,1337800.0,329497.0,76.0,96563100.0,,,8123000.0,,5377200.0,,,,49894500.0,,10073500.0,,54692600.0,,15260400.0,,,,,,558.0,,,,39934500.0,,7096200.0,1040863.0,1725300.0,,5980800.0,1709.0,,,55622200.0,,4696000.0,,141655200.0,,13364.0,,,,76014500.0,,25597740.0,,,12.0,,,408800.0,,,1732900.0,,7638100.0,,246174800.0,,212787800.0,,10072700.0,,1602800.0,,4368900.0,0.0,2394820.0,,14806900.0,,289000.0,,221700.0,,4926480.0,,5682500.0,,8254100.0,1645,5017500.0,0.0,4701100.0,,19384100.0,,,,14091000.0,,33960600.0,,,,,,1418700.0,289.0
2025-04-03,4177747.0,954824.0,19508076.0,796234.0,577896.0,477399.0,1574127.0,11098090.0,29219618.0,40495979.0,449295312.0,42498548.0,32917192.0,,12107545.0,6048000.0,,103419000.0,,5324400.0,,6459900.0,,11779600.0,,50472500.0,,95553600.0,,8959500.0,,8088100.0,,2877100.0,,10501900.0,,44354900.0,,383300.0,,30607600.0,,,,6468400.0,,6826400.0,,,,4900.0,,,,6410900.0,,,,,11369100.0,,,100212.0,4638700.0,0.0,,,2391600.0,,,459238.0,11397400.0,,9556200.0,,,3096900.0,139391,,,6092500.0,,8872600.0,,17217600.0,,27120600.0,,40006300.0,,,,30868500.0,,19353400.0,,15733100.0,,,,5972600.0,,9542200.0,,3677600.0,58169,3935200.0,,39374900.0,,7152100.0,0.0,7367500.0,,173200.0,,5516.0,5752200.0,,,9628700.0,,11141900.0,,46883400.0,,5193900.0,0.0,,5407100.0,,274.0,19702700.0,,,,62216600.0,,35325800.0,,,5309600.0,,242972100.0,,8666400.0,,10325200.0,,60551500.0,,17188500.0,,15253000.0,,24959600.0,,,3010000.0,,83800.0,,,,5501700.0,,2675100.0,,19479400.0,,,34777500.0,267474,,25213200.0,,30198000.0,0.0,18223000.0,,44839500.0,,23092000.0,,157500.0,,,,11659300.0,,58646000.0,,165412.0,26862700.0,,10439000.0,14504,338769400.0,,8822500.0,,12366900.0,,14433800.0,,3.0,7365400.0,,,,2252000.0,356155.0,313.0,93878200.0,,,18479900.0,,16465000.0,,,,70456300.0,,11840700.0,,38259500.0,,16592900.0,,,,,,63.0,,,,45050100.0,,14299000.0,1118951.0,7372000.0,,7967100.0,8091.0,,,73382300.0,,6473500.0,,302517400.0,,16989.0,,,,125986000.0,,26980160.0,,,48.0,,,642600.0,,,5073900.0,,11238900.0,,280231400.0,,136174300.0,,28370500.0,,2324500.0,,11895300.0,0.0,3886620.0,,23290800.0,,465900.0,,155400.0,,8330120.0,,8792900.0,,14045300.0,1967,21307200.0,97.0,5335700.0,,33012900.0,,,,10860200.0,,75657800.0,,,,,,2531000.0,0.0
2025-04-04,9182017.0,810211.0,23527139.0,374721.0,672143.0,1272733.0,564805.0,20483990.0,,,,,,,,6541600.0,,125910900.0,,5867600.0,,5761900.0,,15564000.0,,65847000.0,,123159400.0,,16840300.0,,12486000.0,,4017000.0,,13320600.0,,72302200.0,,666100.0,,57154500.0,,,,16343600.0,,12262000.0,,,,7200.0,,,,12605000.0,,,,,13062200.0,,,121211.0,7216800.0,0.0,,,5780400.0,,,559638.0,10607700.0,,14570800.0,,,5167000.0,141001,,,8429000.0,,9705000.0,,28131200.0,,14469600.0,,42924400.0,,,,17449100.0,,22580900.0,,18112600.0,,,,8339100.0,,15532500.0,,5090500.0,85738,6914100.0,,53970300.0,,13280900.0,0.0,8219800.0,,546600.0,,3247.0,8095800.0,,,11895500.0,,20608200.0,,62259500.0,,8105200.0,0.0,,7531100.0,,467.0,27692800.0,,,,80694700.0,,32655000.0,,,7407100.0,,175014700.0,,8389600.0,,20376600.0,,92612800.0,,27170700.0,,20728000.0,,26517300.0,,,5046000.0,,131400.0,,,,5873400.0,,5299400.0,,26250900.0,,,38589800.0,11362514,,37313400.0,,49209900.0,0.0,24847100.0,,50737700.0,,19054000.0,,97500.0,,,,14053000.0,,67988000.0,,246548.0,26029400.0,,14502000.0,13482,532273800.0,,10869500.0,,8010000.0,,14986900.0,,3.0,9000500.0,,,,2033400.0,292961.0,450.0,147323200.0,,,22125000.0,,19018600.0,,,,117088400.0,,13290300.0,,34797900.0,,22799700.0,,,,,,61.0,,,,54490200.0,,22160100.0,1084809.0,11428600.0,,8219300.0,2190.0,,,89686000.0,,7990900.0,,499158100.0,,33647.0,,,,217965100.0,,45621840.0,,,48.0,,,1741800.0,,,6747100.0,,18088600.0,,516053400.0,,181229400.0,,36085100.0,,3684600.0,,14976900.0,0.0,7101760.0,,34938700.0,,980600.0,,7426500.0,,8396220.0,,13201700.0,,27351300.0,1881,22939100.0,0.0,6417900.0,,36209000.0,,,,23865800.0,,100752000.0,,,,,,4687900.0,0.0
2025-04-05,,,,,,,,,,,,,,,,,,,,,,,,,,,,,,,,,,,,,,,,,,,,,,,,,,,,,,,,,,,,,,,,,,0.0,,,,,,,,,,,,,138254,,,,,,,,,,,,,,,,,,,,,,,,,,,,38511,,,,,,0.0,,,,,,,,,,,,,,,,0.0,,,,,,,,,,,,,,,,,,,,,,,,,,,,,,,,,,,,,,,,,,,,,1362363,,,,,0.0,,,,,,,,,,,,,,,,,,,16265,,,,,,,,,,,,,,,245594.0,,,,,,,,,,,,,,,,,,,,,,,,,,,,,,756308.0,,,,2703.0,,,,,,,,,,,,,,,,,,24.0,,,,,,,,,,,,,,,,,,,0.0,,,,,,,,,,,,,,2135,,5.0,,,,,,,,,,,,,,,,0.0
2025-04-06,,,,,,,,,,,,,,,,,,,,,,,,,,,,,,,,,,,,,,,,,,,,,,,,,,,,,,,,,,,,,,,,,,0.0,,,,,,,,,,,,,140795,,,,,,,,,,,,,,,,,,,,,,,,,,,,93167,,,,,,0.0,,,,,,,,,,,,,,,,0.0,,,,,,,,,,,,,,,,,,,,,,,,,,,,,,,,,,,,,,,,,,,,,846063,,,,,0.0,,,,,,,,,,,,,,,,,,,3765,,,,,,,,,,,,,,,270665.0,,,,,,,,,,,,,,,,,,,,,,,,,,,,,,1050346.0,,,,1770.0,,,,,,,,,,,,,,,,,,40.0,,,,,,,,,,,,,,,,,,,0.0,,,,,,,,,,,,,,1962,,4.0,,,,,,,,,,,,,,,,0.0
2025-04-07,7879050.0,1244441.0,31998883.0,330364.0,597627.0,983431.0,1004618.0,25201100.0,123364114.0,132293806.0,1037869822.0,61630666.0,98058866.0,,48909644.0,6701700.0,,160466300.0,,7690900.0,,5090100.0,,18941900.0,,70515400.0,,109327100.0,,13612300.0,,9081700.0,,4179100.0,,13431000.0,,68503500.0,,390800.0,,61386600.0,,,,10308000.0,,16304400.0,,,,7900.0,,,,12749700.0,,,,,13461300.0,,,114411.0,7824700.0,0.0,,,3083200.0,,,597617.0,6365200.0,,13251700.0,,,4626600.0,143717,,,7606500.0,,11965200.0,,25198400.0,,11414700.0,,46816200.0,,,,15538400.0,,20456000.0,,18918800.0,,,,9851100.0,,19735300.0,,7814400.0,247521,7441000.0,,47094200.0,,6986700.0,0.0,7151200.0,,254300.0,,4424.0,6522200.0,,,9833700.0,,17191900.0,,76794100.0,,6353800.0,0.0,,6950500.0,,434.0,26512900.0,,,,81135600.0,,35719900.0,,,7797900.0,,142491200.0,,5060800.0,,13632000.0,,96706200.0,,22914400.0,,29961000.0,,34258400.0,,,3828000.0,,117400.0,,,,4811300.0,,6274400.0,,28191400.0,,,36606100.0,2187356,,30875500.0,,50425000.0,0.0,28449300.0,,50181800.0,,21848000.0,,93300.0,,,,12653700.0,,66568000.0,,298843.0,31359600.0,,14391000.0,29188,611041300.0,,14551900.0,,5534800.0,,19482700.0,,3.0,9837900.0,,,,1665100.0,382461.0,490.0,169083700.0,,,20263200.0,,17938300.0,,,,161557000.0,,11772300.0,,40512200.0,,23935500.0,,,,,,310.0,,,,73010200.0,,25600300.0,1223453.0,6238600.0,,8650900.0,2904.0,,,92561300.0,,10610300.0,,723467300.0,,44797.0,,,,256611400.0,,45279700.0,,,17.0,,,1846000.0,,,7338900.0,,21105800.0,,791455200.0,,183453800.0,,46388300.0,,3608200.0,,18337200.0,0.0,5107010.0,,32841700.0,,769300.0,,1438200.0,,5474120.0,,12163400.0,,20280000.0,2165,14472100.0,32.0,7988800.0,,36884900.0,,,,23621800.0,,113906800.0,,,,,,4439700.0,543.0
2025-04-08,4965171.0,1082825.0,25532845.0,334751.0,1366603.0,489343.0,752667.0,19784950.0,65120104.0,100513691.0,715006887.0,69279183.0,80514588.0,,25838478.0,6352000.0,,120859500.0,,6650800.0,,4651400.0,,16423700.0,,69910200.0,,87710400.0,,11230600.0,,8447500.0,,2585200.0,,10048700.0,,58888200.0,,694700.0,,52100200.0,,,,8092300.0,,8147200.0,,,,27100.0,,,,9470100.0,,,,,11546100.0,,,89690.0,4989000.0,0.0,,,2563300.0,,,557655.0,4303100.0,,11117400.0,,,3545400.0,137726,,,6529000.0,,9340300.0,,21202400.0,,13657200.0,,37377000.0,,,,12924100.0,,14845600.0,,13191400.0,,,,7270600.0,,13116000.0,,6265900.0,68927,9307900.0,,33444600.0,,5719900.0,0.0,5322100.0,,77500.0,,3213.0,5858400.0,,,8313500.0,,12062300.0,,52200200.0,,4240900.0,0.0,,4868000.0,,430.0,26805700.0,,,,63299900.0,,31348400.0,,,6850000.0,,163982700.0,,4410400.0,,16667900.0,,61090600.0,,19485700.0,,27198000.0,,22774400.0,,,8538000.0,,137000.0,,,,4243300.0,,4115200.0,,19560800.0,,,28034200.0,1553854,,32326200.0,,35868900.0,0.0,22952700.0,,40822100.0,,16824000.0,,185100.0,,,,11102200.0,,56254000.0,,278152.0,32364200.0,,10616000.0,469,476243400.0,,8100500.0,,7639800.0,,11950300.0,,3.0,13716500.0,,,,1537100.0,361706.0,121.0,135345600.0,,,16533600.0,,14965900.0,,,,101248100.0,,9633600.0,,41876000.0,,19958400.0,,,,,,64.0,,,,61430900.0,,19097600.0,816822.0,5979600.0,,6930600.0,8075.0,,,67136200.0,,5512500.0,,488735500.0,,26965.0,,,,165816600.0,,42987740.0,,,17.0,,,1059000.0,,,5071700.0,,18090000.0,,502295400.0,,171603500.0,,30479700.0,,2230700.0,,13902800.0,0.0,3129100.0,,24045200.0,,479200.0,,899500.0,,6616600.0,,9569300.0,,17171900.0,7229,17547200.0,152.0,7453900.0,,34351700.0,,,,21546100.0,,90538400.0,,,,,,2760900.0,0.0
2025-04-09,8035679.0,689621.0,20576960.0,298087.0,621304.0,973664.0,638901.0,17841140.0,66484213.0,94057932.0,679302084.0,59550089.0,70467850.0,,31122330.0,7021400.0,,184395900.0,,7186300.0,,7028700.0,,20667300.0,,97827400.0,,116804300.0,,13063800.0,,13935100.0,,3866700.0,,18023900.0,,72708300.0,,509400.0,,74981900.0,,,,13333300.0,,15029900.0,,,,800.0,,,,10153700.0,,,,,11512800.0,,,127044.0,6457300.0,0.0,,,3358100.0,,,592250.0,8073800.0,,15258000.0,,,5084500.0,135105,,,7185400.0,,12491100.0,,30628000.0,,17229700.0,,53380800.0,,,,18160000.0,,24970900.0,,19328500.0,,,,10104700.0,,18189300.0,,7227400.0,327758,9295900.0,,52158300.0,,7810900.0,0.0,6800200.0,,58700.0,,2175.0,7482600.0,,,8716500.0,,17695900.0,,70406200.0,,7024100.0,0.0,,6793000.0,,288.0,34893100.0,,,,88299900.0,,39493500.0,,,7302800.0,,224183500.0,,7731200.0,,27012200.0,,123015100.0,,24022400.0,,34479000.0,,27918700.0,,,10044000.0,,28000.0,,,,5106500.0,,6619000.0,,29544700.0,,,39216600.0,1190031,,38033700.0,,50199700.0,0.0,38346400.0,,63132600.0,,19702000.0,,197400.0,,,,17685400.0,,74980000.0,,359064.0,29412600.0,,15460000.0,30796,612918300.0,,13243300.0,,13336700.0,,17762000.0,,3.0,10513500.0,,,,1563900.0,312757.0,110.0,187244300.0,,,22502000.0,,21242600.0,,,,142876900.0,,13906500.0,,43372900.0,,31470400.0,,,,,,137.0,,,,69891800.0,,22178500.0,855445.0,5601600.0,,8999100.0,20347.0,,,94205900.0,,7765100.0,,787748800.0,,56501.0,,,,241867300.0,,54654860.0,,,17.0,,,3473300.0,,,8851100.0,,33110100.0,,713864000.0,,219433400.0,,45612500.0,,2820900.0,,21578500.0,0.0,4881140.0,,30148800.0,,858700.0,,676400.0,,5712900.0,,11361800.0,,18896600.0,20579,20134800.0,63.0,7196700.0,,46632800.0,,,,36123800.0,,118962400.0,,,,,,4170300.0,0.0
2025-04-10,7836984.0,1426032.0,22948172.0,355878.0,656557.0,1677607.0,1023079.0,11829120.0,57799983.0,80237970.0,526260423.0,70926883.0,72400269.0,,15245032.0,4232600.0,,121880000.0,,5695000.0,,3996000.0,,16290700.0,,65210600.0,,68302000.0,,10364800.0,,8620900.0,,2989900.0,,10024800.0,,51212200.0,,284500.0,,53133400.0,,,,8235900.0,,7597200.0,,,,1000.0,,,,7475900.0,,,,,9237000.0,,,78111.0,4116800.0,0.0,,,1911900.0,,,391826.0,5030400.0,,11196300.0,,,4209100.0,141331,,,5404700.0,,9692300.0,,18210400.0,,9404300.0,,31964600.0,,,,11279300.0,,16377000.0,,10684800.0,,,,6577600.0,,11273700.0,,3395900.0,94002,5704000.0,,31636200.0,,4517600.0,0.0,5036900.0,,30400.0,,3456.0,4444800.0,,,6723000.0,,11545400.0,,48022000.0,,5374500.0,0.0,,5574800.0,,313.0,19393500.0,,,,64055500.0,,23011200.0,,,5656100.0,,129064900.0,,2141600.0,,13388000.0,,67503000.0,,18896400.0,,26761000.0,,22450200.0,,,3144000.0,,106800.0,,,,3274100.0,,4182700.0,,20011800.0,,,28173500.0,3040909,,34622100.0,,38024400.0,0.0,19237800.0,,44882300.0,,16444000.0,,304800.0,,,,8709500.0,,51298000.0,,260676.0,21599600.0,,10232000.0,1851,437812400.0,,9984000.0,,4690800.0,,12401600.0,,3.0,6465600.0,,,,1106000.0,339439.0,390.0,124448200.0,,,14398100.0,,14898800.0,,,,108384100.0,,7351300.0,,25430700.0,,16731400.0,,,,,,4.0,,,,38130400.0,,18282500.0,1042756.0,4153400.0,,4087900.0,29711.0,,,55996900.0,,8913700.0,,686331800.0,,44542.0,,,,162331200.0,,47232500.0,,,17.0,,,1652400.0,,,6480600.0,,17198400.0,,563385400.0,,181722600.0,,24503500.0,,2257300.0,,16019500.0,0.0,2916600.0,,22373900.0,,834400.0,,706300.0,,6032980.0,,8709800.0,,11791000.0,29307,15245500.0,348.0,5493400.0,,34735300.0,,,,23889300.0,,79046600.0,,,,,,2969400.0,0.0
2025-04-11,3223735.0,1647599.0,13930480.0,166672.0,569473.0,2876987.0,536366.0,12284500.0,46594597.0,46054047.0,357167818.0,42893717.0,51245697.0,,13524621.0,2817100.0,,87435900.0,,3941800.0,,4529900.0,,10617200.0,,57892600.0,,50594300.0,,8966900.0,,6481200.0,,2163600.0,,6172700.0,,33964100.0,,229900.0,,40522800.0,,,,6741500.0,,5920300.0,,,,9000.0,,,,6231000.0,,,,,7806900.0,,,58543.0,3197900.0,0.0,,,2033100.0,,,306231.0,3869600.0,,7769300.0,,,2721800.0,135384,,,2543700.0,,6089000.0,,13533200.0,,5579500.0,,23036900.0,,,,8667600.0,,10204400.0,,13136800.0,,,,5545800.0,,6951800.0,,9437400.0,147081,4797700.0,,25823500.0,,3829400.0,0.0,4027700.0,,13500.0,,862.0,2800700.0,,,11480500.0,,10984100.0,,33636200.0,,3770200.0,,,3576400.0,,358.0,16252900.0,,,,51352100.0,,23791800.0,,,4325900.0,,128425800.0,,3327200.0,,11933600.0,,44954400.0,,20284500.0,,13618000.0,,19988200.0,,,2792000.0,,10000.0,,,,4623900.0,,3603400.0,,14706200.0,,,17642300.0,390539,,17726800.0,,23839200.0,0.0,21334100.0,,30807800.0,,10672000.0,,54000.0,,,,5470200.0,,40736000.0,,181628.0,19300700.0,,10515000.0,2269,313417300.0,,11392100.0,,4343800.0,,10190200.0,,3.0,6302300.0,,,,1247000.0,373868.0,37.0,95130700.0,,,12919400.0,,10955300.0,,,,52483800.0,,4217600.0,,22906900.0,,15484400.0,,,,,,24.0,,,,27608700.0,,10156300.0,1025064.0,4856000.0,,4085800.0,38337.0,,,42788100.0,,4791100.0,,412972900.0,,33097.0,,,,97866300.0,,29853540.0,,,17.0,,,779000.0,,,3689900.0,,23849200.0,,358585800.0,,128948100.0,,19632200.0,,2648600.0,,21113300.0,0.0,3078190.0,,16274600.0,,597900.0,,757800.0,,3832220.0,,6804500.0,,8185500.0,33423,8654100.0,313.0,4762600.0,,25508100.0,,,,16114000.0,,41916800.0,,3.0,,,,1929300.0,0.0
2025-04-12,,,,,,,,,,,,,,,,,,,,,,,,,,,,,,,,,,,,,,,,,,,,,,,,,,,,,,,,,,,,,,,,,,0.0,,,,,,,,,,,,,154217,,,,,,,,,,,,,,,,,,,,,,,,,,,,91469,,,,,,0.0,,,,,,,,,,,,,,,,,,,,,,,,,,,,,,,,,,,,,,,,,,,,,,,,,,,,,,,,,,,,,361577,,,,,0.0,,,,,,,,,,,,,,,,,,,2545,,,,,,,,,,,,,,,492596.0,,,,,,,,,,,,,,,,,,,,,,,,,,,,,,1109564.0,,,,54997.0,,,,,,,,,,,,,,,,,,17.0,,,,,,,,,,,,,,,,,,,0.0,,,,,,,,,,,,,,55997,,10.0,,,,,,,,,,,0.0,,,,,58.0
2025-04-13,,,,,,,,,,,,,,,,,,,,,,,,,,,,,,,,,,,,,,,,,,,,,,,,,,,,,,,,,,,,,,,,,,0.0,,,,,,,,,,,,,154207,,,,,,,,,,,,,,,,,,,,,,,,,,,,188748,,,,,,0.0,,,,,,,,,,,,,,,,,,,,,,,,,,,,,,,,,,,,,,,,,,,,,,,,,,,,,,,,,,,,,337111,,,,,0.0,,,,,,,,,,,,,,,,,,,2054,,,,,,,,,,,,,,,477063.0,,,,,,,,,,,,,,,,,,,,,,,,,,,,,,993261.0,,,,57799.0,,,,,,,,,,,,,,,,,,17.0,,,,,,,,,,,,,,,,,,,0.0,,,,,,,,,,,,,,56005,,9.0,,,,,,,,,,,0.0,,,,,0.0
2025-04-14,3466194.0,536959.0,12852613.0,222790.0,391419.0,1128610.0,587316.0,5510556.0,30346489.0,40360675.0,422983277.0,54892718.0,33857822.0,,14633023.0,3357000.0,,101352900.0,,3286000.0,,3722100.0,,6835900.0,,36003000.0,,48002500.0,,7438400.0,,3674700.0,,1574000.0,,4688200.0,,25748300.0,,361400.0,,32926100.0,,,,6064700.0,,4379500.0,,,,7500.0,,,,5512100.0,,,,,6846000.0,,,43786.0,2758400.0,0.0,,,1273700.0,,,238068.0,2210500.0,,6427100.0,,,2219900.0,143302,,,2801700.0,,6038100.0,,12192000.0,,4827000.0,,15657700.0,,,,12355200.0,,10841300.0,,6834300.0,,,,5278800.0,,5196100.0,,3887400.0,156947,3473700.0,,20164600.0,,3565900.0,0.0,4208400.0,,52300.0,,263.0,2467500.0,,,7389000.0,,10628400.0,,30333000.0,,4392600.0,,,2841800.0,,413.0,13987400.0,,,,45143500.0,,24166100.0,,,3321500.0,,101964400.0,,2814400.0,,10927400.0,,35214600.0,,13017800.0,,9870000.0,,13930200.0,,,1984000.0,,22600.0,,,,3458800.0,,3461200.0,,9945000.0,,,14130900.0,490411,,19413000.0,,19251200.0,0.0,15635400.0,,32634700.0,,20342000.0,,398400.0,,,,6091000.0,,40359000.0,,160225.0,15996800.0,,8585000.0,5346,264705000.0,,8067300.0,,13336700.0,,8217700.0,,3.0,5103300.0,,,,808200.0,402867.0,126.0,122836900.0,,,8997500.0,,6930300.0,,,,43941200.0,,3943400.0,,26872000.0,,13196800.0,,,,,,17.0,,,,33565600.0,,9843300.0,1215397.0,4102300.0,,2753100.0,59060.0,,,47271800.0,,4536000.0,,358849500.0,,22958.0,,,,68034000.0,,22798880.0,,,17.0,,,595900.0,,,3946900.0,,10586900.0,,294861400.0,,100135200.0,,17509400.0,,1220600.0,,10356600.0,0.0,2347490.0,,12483200.0,,387300.0,,11479000.0,,3595780.0,,5011800.0,,7879500.0,56023,9947400.0,3.0,6907200.0,,27742900.0,,,,13241500.0,,32748200.0,,,,,,1660500.0,99.0
2025-04-15,1915455.0,1052017.0,8998640.0,128263.0,345595.0,561984.0,389352.0,8739314.0,20245398.0,52402453.0,164977321.0,24980077.0,24286799.0,,9348051.0,2305000.0,,51343900.0,,3030400.0,,2316200.0,,5259900.0,,28116500.0,,43642000.0,,6784600.0,,3092100.0,,2105600.0,,7190900.0,,17242400.0,,327200.0,,16172300.0,,,,4321300.0,,4074100.0,,,,12600.0,,,,4329200.0,,,,,6224200.0,,,40096.0,3611300.0,1436.0,,,1232700.0,,,197404.0,4292600.0,,5369500.0,,,1788200.0,139268,,,2443300.0,,5227700.0,,20819200.0,,6841300.0,,18543600.0,,,,5728800.0,,7840500.0,,11715000.0,,,,3519000.0,,3788400.0,,4057600.0,169679,2366300.0,,18272900.0,,2662100.0,0.0,4982100.0,,14500.0,,390.0,1635300.0,,,5049200.0,,6738100.0,,27551500.0,,2501200.0,,,2883100.0,,463.0,14703700.0,,,,30788300.0,,48695200.0,,,3363700.0,,64056900.0,,1510400.0,,14528200.0,,30715500.0,,10912900.0,,7904000.0,,14965500.0,,,1156000.0,,4700.0,,,,1897000.0,,2458100.0,,10674200.0,,,15558700.0,806950,,11297400.0,,17199900.0,0.0,11217800.0,,19132700.0,,10258000.0,,165900.0,,,,4681500.0,,77120000.0,,143589.0,24542400.0,,8676000.0,2288,228966900.0,,5945600.0,,7549200.0,,8630000.0,,3.0,4147500.0,,,,685000.0,435418.0,1.0,118457700.0,,,9140800.0,,6346800.0,,,,35404200.0,,4061700.0,,21002700.0,,30434200.0,,,,,,45.0,,,,27661300.0,,5097800.0,825603.0,1936800.0,,2391000.0,14275.0,,,38606000.0,,2635900.0,,230001400.0,,15676.0,,,,56892900.0,,17659220.0,,,17.0,,,294400.0,,,2228200.0,,7937600.0,,209340200.0,,79594300.0,,14306600.0,,1267100.0,,6958900.0,0.0,1575550.0,,13790200.0,,242400.0,,9305800.0,,2742280.0,,4386200.0,,6190300.0,14051,6199500.0,3.0,6256100.0,,21871200.0,,,,8744300.0,,22167000.0,,,,,,1916900.0,0.0
2025-04-16,2933428.0,593391.0,14437025.0,819352.0,427131.0,669330.0,311088.0,7035487.0,27322773.0,52189559.0,315328932.0,26670094.0,78561767.0,,14419219.0,3254800.0,,59732400.0,,3687900.0,,2777100.0,,9279100.0,,62109000.0,,51875300.0,,7300800.0,,4881700.0,,4028300.0,,4526100.0,,34638600.0,,297800.0,,18031600.0,,,,4660100.0,,4757000.0,,,,400.0,,,,5889300.0,,,,,5767300.0,,,50308.0,3017200.0,0.0,,,1003800.0,,,213194.0,2911000.0,,5226700.0,,,2531700.0,138966,,,2794300.0,,7190900.0,,16746800.0,,7206800.0,,20551300.0,,,,5842300.0,,10144300.0,,9763200.0,,,,7165700.0,,7811700.0,,3957400.0,208068,2059700.0,,13459800.0,,2641100.0,0.0,4496900.0,,51300.0,,1874.0,4015200.0,,,4506700.0,,6292800.0,,28187400.0,,2765600.0,,,2637200.0,,289.0,20733000.0,,,,46736500.0,,25806100.0,,,4869900.0,,89469700.0,,1012000.0,,12434900.0,,35063300.0,,9322300.0,,20208000.0,,15276200.0,,,1400000.0,,32800.0,,,,2058800.0,,3302600.0,,17845300.0,,,18735100.0,1814189,,19820200.0,,21967800.0,0.0,12847200.0,,28475000.0,,8498000.0,,179400.0,,,,4473300.0,,60661000.0,,150410.0,13898900.0,,9347500.0,1413,397016900.0,,6302600.0,,4399600.0,,8295200.0,,3.0,5405200.0,,,,965200.0,474862.0,1.0,121997600.0,,,9833600.0,,10417200.0,,,,48980600.0,,3685300.0,,33313100.0,,14733000.0,,,,,,97.0,,,,38843500.0,,13067200.0,726157.0,2321000.0,,3043400.0,54247.0,,,39224300.0,,3447200.0,,362439300.0,,23949.0,,,,83484800.0,,21602400.0,,,17.0,,,434900.0,,,4925800.0,,7940500.0,,269148800.0,,112378700.0,,23806100.0,,1228600.0,,10862500.0,0.0,1565460.0,,15990800.0,,471200.0,,12266900.0,,3719840.0,,5850600.0,,14543000.0,53139,7265300.0,3.0,8267500.0,,22229100.0,,,,9355000.0,,27331400.0,,,,,,1460100.0,0.0
2025-04-17,2989493.0,522233.0,10867069.0,201221.0,237641.0,2138903.0,245961.0,6814121.0,24479822.0,27882014.0,190654146.0,18492488.0,56895776.0,,11878930.0,2060700.0,,52164700.0,,5229700.0,,1942100.0,,6494800.0,,34801400.0,,44726500.0,,5286000.0,,3124900.0,,1439900.0,,6153400.0,,22501800.0,,257300.0,,17885000.0,,,,6155400.0,,3402100.0,,,,4100.0,,,,5322200.0,,,,,4577000.0,,,39781.0,2717600.0,0.0,,,1959400.0,,,111479.0,1791100.0,,5125300.0,,,2711100.0,136979,,,2411700.0,,5566900.0,,8393200.0,,4844600.0,,15910400.0,,,,6238300.0,,14810900.0,,9361100.0,,,,3338500.0,,4224000.0,,2251900.0,70147,2558800.0,,26992500.0,,4606600.0,0.0,3724700.0,,7300.0,,824.0,2860900.0,,,4979000.0,,7434800.0,,33046600.0,,2593500.0,,,3232400.0,,550.0,18498400.0,,,,23940000.0,,22462900.0,,,4635200.0,,85646700.0,,971200.0,,7353300.0,,42359200.0,,9557900.0,,12241000.0,,20754500.0,,,1058000.0,,2700.0,,,,1094100.0,,10853400.0,,13847700.0,,,14593500.0,804469,,12283700.0,,21120200.0,0.0,13511100.0,,20694100.0,,7338000.0,,33600.0,,,,3973000.0,,88937000.0,,145610.0,16342200.0,,9019500.0,2747,292517500.0,,32220600.0,,4492500.0,,8925500.0,,3.0,4784600.0,,,,1060500.0,416532.0,0.0,83991800.0,,,9023700.0,,7135900.0,,,,44837000.0,,2858300.0,,16103300.0,,9225400.0,,,,,,168.0,,,,26958500.0,,7067400.0,959416.0,2057200.0,,2487300.0,64061.0,,,46861000.0,,4549500.0,,233659100.0,,17116.0,,,,79868100.0,,20267260.0,,,0.0,,,406700.0,,,3056600.0,,8177300.0,,202191600.0,,83404800.0,,27239900.0,,1059800.0,,5739200.0,0.0,1533050.0,,21893400.0,,204000.0,,4069900.0,,1682340.0,,5655900.0,,9296500.0,68076,7393300.0,46.0,3622200.0,,21393900.0,,,,10436500.0,,47908800.0,,6.0,,,,1434600.0,0.0
2025-04-18,1305152.0,664774.0,5848342.0,149144.0,287707.0,2389382.0,174771.0,5906332.0,,,,25754846.0,,,,,,,,,,,,,,,,,,,,,,,,,,,,,,,,,,,,,,,,,,,,,,,,,,,,,,0.0,,,,,,,,,,,,,135114,,,,,,,,,,,,,,,,,,,,,,,,,,,,75066,,,,,,0.0,,,,,,,,,,,,,,,,,,,,,,,,,,,,,,,,,,,,,,,,,,,,,,,,,,,,,,,,,,,,,802895,,,,,0.0,,,,,,,,,,,,,,,,,,,2381,,,,,,,,,,,,,,,395993.0,,,,,,,,,,,,,,,,,,,,,,,,,,,,,,786186.0,,,,71364.0,,,,,,,,,,,,,,,,,,0.0,,,,,,,,,,,,,,,,,,,0.0,,,,,,,,,,,,,,66318,,29.0,,,,,,,,,,,0.0,,,,,0.0
2025-04-19,,,,,,,,,,,,,,,,,,,,,,,,,,,,,,,,,,,,,,,,,,,,,,,,,,,,,,,,,,,,,,,,,,0.0,,,,,,,,,,,,,140151,,,,,,,,,,,,,,,,,,,,,,,,,,,,133566,,,,,,0.0,,,,,,,,,,,,,,,,,,,,,,,,,,,,,,,,,,,,,,,,,,,,,,,,,,,,,,,,,,,,,2639309,,,,,0.0,,,,,,,,,,,,,,,,,,,2512,,,,,,,,,,,,,,,465620.0,,,,,,,,,,,,,,,,,,,,,,,,,,,,,,1122865.0,,,,62627.0,,,,,,,,,,,,,,,,,,0.0,,,,,,,,,,,,,,,,,,,0.0,,,,,,,,,,,,,,66908,,362.0,,,,,,,,,,,0.0,,,,,0.0
2025-04-20,,,,,,,,,,,,,,,,,,,,,,,,,,,,,,,,,,,,,,,,,,,,,,,,,,,,,,,,,,,,,,,,,,0.0,,,,,,,,,,,,,135107,,,,,,,,,,,,,,,,,,,,,,,,,,,,118753,,,,,,0.0,,,,,,,,,,,,,,,,,,,,,,,,,,,,,,,,,,,,,,,,,,,,,,,,,,,,,,,,,,,,,548952,,,,,0.0,,,,,,,,,,,,,,,,,,,1918,,,,,,,,,,,,,,,340730.0,,,,,,,,,,,,,,,,,,,,,,,,,,,,,,1131754.0,,,,65489.0,,,,,,,,,,,,,,,,,,0.0,,,,,,,,,,,,,,,,,,,0.0,,,,,,,,,,,,,,66541,,92.0,,,,,,,,,,,,,,,,0.0
2025-04-21,1877473.0,352360.0,5941847.0,112569.0,246628.0,1486200.0,172887.0,4921214.0,,,,33202785.0,,,,2346400.0,,46742500.0,,3691200.0,,3176000.0,,8395300.0,,33855400.0,,48126100.0,,5778200.0,,4231800.0,,1555100.0,,8348300.0,,23469800.0,,263200.0,,12145700.0,,,,4437400.0,,5940300.0,,,,3500.0,,,,4908400.0,,,,,6702600.0,,,38512.0,2978300.0,0.0,,,1142100.0,,,82671.0,2727900.0,,5054700.0,,,2841300.0,137852,,,4360600.0,,9240000.0,,11619600.0,,8116200.0,,15578800.0,,,,5595300.0,,14166800.0,,7551100.0,,,,5056600.0,,4567700.0,,2424100.0,229243,2644500.0,,13595000.0,,2280300.0,0.0,3747200.0,,21400.0,,78.0,2526800.0,,,5231300.0,,7690000.0,,26049100.0,,2859300.0,,,4015200.0,,232.0,10878200.0,,,,27727700.0,,19119900.0,,,4908900.0,,72409900.0,,1299200.0,,9716500.0,,26019000.0,,8716200.0,,13461000.0,,16037200.0,,,900000.0,,11500.0,,,,1474100.0,,3326600.0,,14302900.0,,,16166000.0,547603,,14038000.0,,20807300.0,0.0,16053200.0,,19826100.0,,10598000.0,,81000.0,,,,4267900.0,,97757000.0,,175116.0,14968500.0,,8343500.0,5194,288501100.0,,13419300.0,,4411800.0,,12201200.0,,3.0,4555100.0,,,,810200.0,416841.0,0.0,83831100.0,,,7354100.0,,8128300.0,,,,44149300.0,,3090800.0,,24615700.0,,9055600.0,,,,,,56.0,,,,35384400.0,,9572700.0,1434982.0,2579400.0,,3362100.0,67943.0,,,54164900.0,,3403500.0,,255318100.0,,12657.0,,,,69368100.0,,14677340.0,,,0.0,,,530100.0,,,3268300.0,,7827100.0,,229539400.0,,97768000.0,,15170500.0,,1744400.0,,8275000.0,0.0,1082250.0,,20634600.0,,503000.0,,2328800.0,,2601820.0,,6362300.0,,8511100.0,72268,6676600.0,92.0,3130100.0,,18361200.0,,,,11913700.0,,31012000.0,,,,,,1350600.0,0.0
2025-04-22,2008388.0,392723.0,9532469.0,139262.0,645159.0,1423345.0,195443.0,5665232.0,24043746.0,36841799.0,280722543.0,23616441.0,110254462.0,,13705340.0,2736000.0,,52976400.0,,3250400.0,,2487700.0,,5222700.0,,35236700.0,,56607200.0,,6342300.0,,3808500.0,,1967000.0,,5281300.0,,18504900.0,,321700.0,,27662400.0,,,,3801600.0,,7837700.0,,,,1700.0,,,,4768500.0,,,,,5083800.0,,,46152.0,2231200.0,0.0,,,1200700.0,,,297928.0,2794800.0,,12807000.0,,,2230600.0,144880,,,4446800.0,,7145300.0,,10308400.0,,9589300.0,,19961800.0,,,,4471600.0,,9578500.0,,8129300.0,,,,5133700.0,,3457900.0,,3072300.0,368540,3041500.0,,23952300.0,,2661100.0,0.0,3386200.0,,5100.0,,785.0,3471400.0,,,4803900.0,,11065900.0,,26971800.0,,2514600.0,,,2802400.0,,516.0,21898600.0,,,,39232000.0,,15465600.0,,,4232700.0,,83365600.0,,1895200.0,,23560800.0,,34477100.0,,10701400.0,,13724000.0,,15613500.0,,,996000.0,,2500.0,,,,1504100.0,,3086500.0,,10857300.0,,,17399400.0,632411,,15732400.0,,19485000.0,0.0,24036500.0,,20351200.0,,14588000.0,,107400.0,,,,4708700.0,,93689000.0,,133976.0,21369300.0,,7914000.0,18941,241004800.0,,11697900.0,,5087800.0,,11233700.0,,3.0,4005300.0,,,,631700.0,573861.0,1.0,91185400.0,,,9390100.0,,8228000.0,,,,52304400.0,,5108800.0,,23025700.0,,9383900.0,,,,,,1.0,,,,32367200.0,,7242700.0,1698710.0,2883700.0,,2765200.0,72024.0,,,52908900.0,,4681100.0,,249211900.0,,14863.0,,,,75948100.0,,21852880.0,,,0.0,,,362500.0,,,3250100.0,,5646200.0,,260222800.0,,120858500.0,,12668600.0,,1492600.0,,9139900.0,0.0,1863200.0,,16599300.0,,212700.0,,2062400.0,,2108640.0,,5435500.0,,10428000.0,77719,5086900.0,92.0,5437600.0,,15407800.0,,,,14041800.0,,22097400.0,,,,,,1499000.0,0.0
2025-04-23,3857373.0,607448.0,11148692.0,196893.0,391879.0,4533237.0,395586.0,6686259.0,27001392.0,34563155.0,365404799.0,60823372.0,54953599.0,,21735485.0,4696300.0,,52929200.0,,3168000.0,,4450300.0,,7994300.0,,41102600.0,,63470100.0,,7302600.0,,5140700.0,,1849700.0,,7991700.0,,24380500.0,,232200.0,,25762800.0,,,,6169300.0,,7581800.0,,,,1100.0,,,,4294500.0,,,,,5621100.0,,,58914.0,2458300.0,0.0,,,2672200.0,,,397841.0,3576800.0,,9870200.0,,,2109700.0,135175,,,4368200.0,,5818900.0,,14322400.0,,7651500.0,,30231500.0,,,,8413100.0,,12089100.0,,9855700.0,,,,5290000.0,,4085800.0,,4004900.0,90352,3853600.0,,27029300.0,,3763500.0,0.0,4971200.0,,29600.0,,331.0,5443600.0,,,6431000.0,,8862700.0,,31128800.0,,3048100.0,,,3283300.0,,714.0,22062200.0,,,,48982800.0,,19315600.0,,,7948300.0,,97188100.0,,2431200.0,,19930200.0,,44866100.0,,14126800.0,,9451000.0,,16353900.0,,,1786000.0,,4400.0,,,,2604000.0,,2714600.0,,18214700.0,,,18173900.0,5799555,,18934600.0,,20545500.0,0.0,16690700.0,,26385500.0,,17404000.0,,152400.0,,,,7949000.0,,64719000.0,,86140.0,26687300.0,,15096000.0,3347,247526000.0,,9128700.0,,4594300.0,,9528900.0,,3.0,4924400.0,,,,804900.0,519460.0,0.0,112909500.0,,,9838900.0,,9073500.0,,,,55801100.0,,5873700.0,,27987800.0,,17819300.0,,,,,,52.0,,,,56445100.0,,11495800.0,1233526.0,2750200.0,,5693200.0,17566.0,,,56643400.0,,3101500.0,,368456100.0,,29848.0,,,,90590700.0,,27405040.0,,,0.0,,,662300.0,,,3431200.0,,10360600.0,,303995400.0,,150381900.0,,17667900.0,,1713600.0,,14125000.0,1155.0,1841210.0,,22750200.0,,661700.0,,2173700.0,,2247700.0,,8906000.0,,24253700.0,13438,5526000.0,2.0,4085900.0,,18046900.0,,,,14631300.0,,43216200.0,,,,,,1514200.0,0.0
2025-04-24,3162156.0,642753.0,10580377.0,153151.0,417055.0,2444483.0,366155.0,6733860.0,18912016.0,36794389.0,238445758.0,30617372.0,75864030.0,,10399305.0,3134200.0,,47311000.0,,3085100.0,,3024500.0,,7609200.0,,33681900.0,,43763200.0,,6773100.0,,5047600.0,,1770700.0,,9908000.0,,27576900.0,,115300.0,,13696000.0,,,,9676900.0,,3744200.0,,,,11100.0,,,,3173400.0,,,,,6577400.0,,,36169.0,2874400.0,0.0,,,984600.0,,,264908.0,3126700.0,,6840600.0,,,2468500.0,137649,,,4467000.0,,7857600.0,,18499600.0,,9376700.0,,22782300.0,,,,6367200.0,,10310000.0,,7567200.0,,,,4760000.0,,2696900.0,,3294500.0,111476,2849600.0,,20679100.0,,3841200.0,0.0,3741900.0,,60300.0,,560.0,4980400.0,,,6845300.0,,6212100.0,,45894000.0,,2223600.0,,,2749500.0,,1626.0,13998100.0,,,,42991300.0,,18837500.0,,,15428100.0,,117086200.0,,3387200.0,,13092300.0,,29820100.0,,9055200.0,,13040000.0,,16893900.0,,,1462000.0,,18200.0,,,,2235900.0,,2939500.0,,18159400.0,,,13910000.0,674380,,21404800.0,,22232300.0,0.0,10781400.0,,23875600.0,,18894000.0,,318000.0,,,,5588700.0,,63819000.0,,66984.0,71796700.0,,30415500.0,15898,220815000.0,,7891100.0,,6499100.0,,7305900.0,,3.0,4023400.0,,,,964200.0,338495.0,0.0,103190700.0,,,10877000.0,,8810600.0,,,,45956100.0,,4141100.0,,19788600.0,,15536400.0,,,,,,93.0,,,,50380400.0,,9696200.0,1004303.0,2590500.0,,6855500.0,0.0,,,61837700.0,,3193800.0,,339636700.0,,36164.0,,,,64150400.0,,24455900.0,,,0.0,,,310400.0,,,3576800.0,,4863000.0,,240615400.0,,94464200.0,,18761100.0,,2966600.0,,18950400.0,0.0,1128350.0,,22188500.0,,465800.0,,2607100.0,,1652980.0,,8055200.0,,13734200.0,11029,5943900.0,5.0,2437000.0,,13444500.0,,,,11296500.0,,21219000.0,,1.0,,,,1911300.0,0.0
2025-04-25,3507810.0,528739.0,12183303.0,168263.0,391764.0,1602496.0,555142.0,5791540.0,28746958.0,39829224.0,166617135.0,64475761.0,56566102.0,,15703336.0,1857700.0,,38222300.0,,3499300.0,,2982800.0,,4805200.0,,28575300.0,,36414300.0,,5770400.0,,3908400.0,,1280900.0,,7878700.0,,21242300.0,,235800.0,,9306400.0,,,,5913400.0,,5001900.0,,,,1600.0,,,,2742800.0,,,,,4663700.0,,,30729.0,2162400.0,130.0,,,1601000.0,,,283758.0,1985600.0,,8060900.0,,,1780900.0,135210,,,2370300.0,,5651700.0,,13342000.0,,8765600.0,,16493500.0,,,,4466700.0,,7749600.0,,10432800.0,,,,4200800.0,,3109700.0,,2335400.0,103372,3422900.0,,20177000.0,,4126200.0,0.0,4470400.0,,24600.0,,162.0,3961100.0,,,3768600.0,,5853400.0,,56034000.0,,1612700.0,,,2811300.0,,697.0,13798200.0,,,,34624100.0,,10292000.0,,,6700100.0,,147711200.0,,6645600.0,,14578600.0,,25029000.0,,8588600.0,,6316000.0,,16316000.0,,,1592000.0,,10800.0,,,,1466900.0,,3398900.0,,9751500.0,,,17098900.0,513457,,11929600.0,,18973200.0,0.0,19338600.0,,19746200.0,,9614000.0,,204000.0,,,,5825700.0,,39500000.0,,58815.0,20965700.0,,14439000.0,2552,251064700.0,,7835200.0,,10753600.0,,5476400.0,,3.0,3536800.0,,,,507100.0,334752.0,2.0,103933800.0,,,8693400.0,,5145600.0,,,,38697100.0,,8702700.0,,24483100.0,,13775600.0,,,,,,93.0,,,,38163400.0,,7487400.0,1032100.0,1322100.0,,4164100.0,0.0,,,70647900.0,,2602100.0,,274438500.0,,23991.0,,,,61119600.0,,21898940.0,,,0.0,,,190200.0,,,2588500.0,,5539200.0,,226103200.0,,167560700.0,,14654800.0,,1534600.0,,8383300.0,0.0,1713350.0,,20047800.0,,266200.0,,1435500.0,,2141740.0,,4452800.0,,14315000.0,15009,4158500.0,5.0,2635400.0,,15317200.0,,,,8244700.0,,17664800.0,,0.0,,,,1300200.0,0.0
2025-04-26,,,,,,,,,,,,,,,,,,,,,,,,,,,,,,,,,,,,,,,,,,,,,,,,,,,,,,,,,,,,,,,,,,0.0,,,,,,,,,,,,,144240,,,,,,,,,,,,,,,,,,,,,,,,,,,,71209,,,,,,0.0,,,,,,,,,,,,,,,,,,,,,,,,,,,,,,,,,,,,,,,,,,,,,,,,,,,,,,,,,,,,,487532,,,,,0.0,,,,,,,,,,,,,,,,,,,22590,,,,,,,,,,,,,,,355350.0,,,,,,,,,,,,,,,,,,,,,,,,,,,,,,1041311.0,,,,,,,,,,,,,,,,,,,,,,0.0,,,,,,,,,,,,,,,,,,,0.0,,,,,,,,,,,,,,16738,,5.0,,,,,,,,,,,0.0,,,,,0.0
2025-04-27,,,,,,,,,,,,,,,,,,,,,,,,,,,,,,,,,,,,,,,,,,,,,,,,,,,,,,,,,,,,,,,,,,0.0,,,,,,,,,,,,,142627,,,,,,,,,,,,,,,,,,,,,,,,,,,,38509,,,,,,0.0,,,,,,,,,,,,,,,,,,,,,,,,,,,,,,,,,,,,,,,,,,,,,,,,,,,,,,,,,,,,,4480321,,,,,0.0,,,,,,,,,,,,,,,,,,,5071,,,,,,,,,,,,,,,520130.0,,,,,,,,,,,,,,,,,,,,,,,,,,,,,,1803151.0,,,,,,,,,,,,,,,,,,,,,,0.0,,,,,,,,,,,,,,,,,,,0.0,,,,,,,,,,,,,,14940,,5.0,,,,,,,,,,,,,,,,0.0
2025-04-28,2455710.0,450993.0,9341518.0,155015.0,313415.0,1795012.0,244338.0,2920421.0,13805160.0,12877601.0,90590615.0,31121720.0,55141223.0,,23282398.0,3003100.0,,38743100.0,,3163400.0,,1869500.0,,7052500.0,,30456700.0,,33224700.0,,6313800.0,,3241300.0,,1007600.0,,6509700.0,,16385800.0,,206900.0,,10748000.0,,,,4634100.0,,5302000.0,,,,3200.0,,,,4238700.0,,,,,3609000.0,,,21525.0,2189600.0,0.0,,,1696800.0,,,276116.0,2063100.0,,7624200.0,,,1616200.0,141980,,,3181400.0,,4977700.0,,11194800.0,,5194600.0,,23140600.0,,,,3920200.0,,8491800.0,,10693500.0,,,,8160100.0,,4233600.0,,794000.0,67137,2014800.0,,25976900.0,,4393200.0,0.0,4317100.0,,84200.0,,1300.0,3001500.0,,,6322300.0,,6819300.0,,29745800.0,,1459700.0,,,2413000.0,,16324.0,32802300.0,,,,35081000.0,,15464700.0,,,3653500.0,,96624400.0,,3829600.0,,10517100.0,,22482300.0,,7394300.0,,7360000.0,,15997500.0,,,954000.0,,2300.0,,,,1771300.0,,3457600.0,,10255000.0,,,15179000.0,4657592,,13840000.0,,16579400.0,0.0,11490900.0,,16882400.0,,10842000.0,,212400.0,,,,3609700.0,,38311000.0,,229473.0,16937000.0,,10262000.0,3226,207708500.0,,6280300.0,,5364800.0,,6985100.0,,8.0,3551900.0,,,,438300.0,414458.0,50.0,111082900.0,,,14251500.0,,5743500.0,,,,33550800.0,,8891400.0,,33541000.0,,13139000.0,,,,,,38963.0,,,,42508700.0,,5804900.0,1442211.0,1421000.0,,2019000.0,,,,95228400.0,,8671000.0,,203468900.0,,21159.0,,,,47613800.0,,20488100.0,,,0.0,,,651600.0,,,4841600.0,,4443500.0,,191356800.0,,151731800.0,,11415600.0,,2071700.0,,5170500.0,0.0,1363820.0,,13324200.0,,414700.0,,1027900.0,,2397800.0,,5422900.0,,8872000.0,16188,5916400.0,25.0,3005000.0,,12950000.0,,,,6974300.0,,16436800.0,,,,,,1911600.0,0.0
2025-04-29,1866386.0,594224.0,10295518.0,236087.0,325432.0,1208871.0,339323.0,7061405.0,16367401.0,22048737.0,101336853.0,20764694.0,55426571.0,,10736105.0,1823400.0,,36827600.0,,2198300.0,,1508700.0,,5721300.0,,20700600.0,,41667300.0,,4797100.0,,1954000.0,,1104000.0,,3713500.0,,14630000.0,,169600.0,,8295500.0,,,,3762700.0,,4661200.0,,,,1700.0,,,,3177700.0,,,,,2270400.0,,,17528.0,2651000.0,0.0,,,1264900.0,,,312373.0,1572700.0,,4254900.0,,,1523100.0,143192,,,2143800.0,,3139800.0,,9628400.0,,10493600.0,,13466000.0,,,,4474000.0,,6359900.0,,9088100.0,,,,7765300.0,,3204500.0,,2227300.0,60170,1849900.0,,19284400.0,,3307400.0,0.0,3104200.0,,55600.0,,1278.0,2430000.0,,,10592900.0,,5394400.0,,26809000.0,,1695600.0,,,2836900.0,,4169.0,152176200.0,,,,28708400.0,,10251100.0,,,3426500.0,,70031900.0,,1515200.0,,5299200.0,,20118200.0,,7216800.0,,7261000.0,,16244100.0,,,1262000.0,,5700.0,,,,1048000.0,,2454400.0,,8583800.0,,,11835000.0,688399,,14831900.0,,14974000.0,0.0,13038800.0,,17098000.0,,8948000.0,,81000.0,,,,3404800.0,,37773000.0,,156565.0,16213900.0,,6226500.0,22358,170444300.0,,10923700.0,,5670400.0,,4851500.0,,0.0,5112300.0,,,,398100.0,310985.0,6.0,79709000.0,,,19706800.0,,6692000.0,,,,30613100.0,,3767000.0,,18419200.0,,6646500.0,,,,,,9484.0,,,,43312300.0,,4506200.0,1091227.0,1385900.0,,2329400.0,,,,171099300.0,,7306000.0,,184045100.0,,18728.0,,,,47775100.0,,18400320.0,,,0.0,,,282800.0,,,4966300.0,,4540400.0,,169808000.0,,108906600.0,,9830100.0,,1621200.0,,6566500.0,0.0,1420370.0,,12172200.0,,494700.0,,1332200.0,,1916700.0,,5519500.0,,6317500.0,16171,6871700.0,25.0,3997000.0,,12679000.0,,,,9301500.0,,19843400.0,,,,,,1837100.0,126.0
2025-04-30,2354473.0,429791.0,13014189.0,612216.0,523186.0,731746.0,287038.0,6329504.0,15312733.0,18306485.0,241882505.0,22442074.0,47460144.0,,15991355.0,1968200.0,,52286500.0,,3305500.0,,1747300.0,,7273600.0,,29730700.0,,55176500.0,,9277900.0,,3737400.0,,1042100.0,,5430500.0,,22768900.0,,179400.0,,10144800.0,,,,9363400.0,,6443600.0,,,,5700.0,,,,5251600.0,,,,,5751600.0,,,79025.0,5124800.0,0.0,,,1739000.0,,,419549.0,2530500.0,,4769400.0,,,2212400.0,140002,,,3043100.0,,4624100.0,,12748800.0,,6100200.0,,19921200.0,,,,9891200.0,,8474800.0,,6613900.0,,,,9872800.0,,5619300.0,,2900500.0,177774,2478800.0,,29967200.0,,4316600.0,0.0,4387800.0,,14900.0,,207.0,2756800.0,,,7989500.0,,6578100.0,,34981100.0,,2438300.0,,,3741500.0,,2137.0,38982600.0,,,,49380900.0,,18477400.0,,,5143000.0,,68297300.0,,1457600.0,,12746600.0,,29046100.0,,12991700.0,,11723000.0,,21074700.0,,,1208000.0,,2800.0,,,,1611200.0,,4374100.0,,11233900.0,,,29244000.0,673473,,14316600.0,,36461100.0,0.0,13762900.0,,19779300.0,,7718000.0,,118200.0,,,,6099400.0,,42667000.0,,145962.0,13928300.0,,9739500.0,30779,235044600.0,,9242900.0,,3395600.0,,9443500.0,,0.0,6163200.0,,,,658200.0,347358.0,53.0,109461700.0,,,10293800.0,,10851900.0,,,,46810600.0,,8008400.0,,48760500.0,,10400100.0,,,,,,622.0,,,,98230500.0,,5974400.0,886181.0,2322100.0,,3406600.0,,,,86413300.0,,6370800.0,,229393200.0,,28118.0,,,,93101500.0,,27368860.0,,,0.0,,,356600.0,,,4360200.0,,9852100.0,,268446600.0,,128961100.0,,10073000.0,,2234200.0,,6158600.0,0.0,1817990.0,,17762800.0,,262000.0,,1599800.0,,3314980.0,,9526700.0,,8979700.0,15863,15906000.0,25.0,4818800.0,,21639900.0,,,,9587200.0,,37814200.0,,,,,,1895800.0,0.0
2025-05-01,,,,,,,,,,,,,,,,5076200.0,,57365700.0,,2848800.0,,3831900.0,,6732000.0,,29591500.0,,74266000.0,,5912200.0,,6993600.0,,1066300.0,,4439600.0,,24939700.0,,185000.0,,8690200.0,,,,12350700.0,,4765300.0,,,,5300.0,,,,4693100.0,,,,,4007100.0,,,66984.0,2961000.0,0.0,,,3039400.0,,,364216.0,5171200.0,,6243200.0,,,1829900.0,162974,,,3893200.0,,5208900.0,,12320400.0,,13001600.0,,16420800.0,,,,6333100.0,,7790600.0,,8303700.0,,,,9927400.0,,2985700.0,,2409800.0,71111,2933800.0,,18544300.0,,3973700.0,0.0,3630600.0,,15400.0,,2131.0,3246800.0,,,4844500.0,,5693500.0,,30203200.0,,2583000.0,,,3210100.0,,1206.0,42859200.0,,,,88530700.0,,14720300.0,,,4243300.0,,72607500.0,,1638400.0,,19118000.0,,33169700.0,,8689600.0,,14635000.0,,18034200.0,,,1384000.0,,3400.0,,,,2560500.0,,12601100.0,,14147600.0,,,31159000.0,312218,,17638200.0,,58938100.0,0.0,16944100.0,,15349200.0,,6636000.0,,174000.0,,,,7475300.0,,34995000.0,,159640.0,12679400.0,,9038500.0,8043,236121500.0,,16439500.0,,4499400.0,,11525800.0,,0.0,4627100.0,,,,613200.0,304338.0,24.0,90677600.0,,,10073000.0,,22836600.0,,,,43316500.0,,14328200.0,,31917000.0,,8397400.0,,,,,,556.0,,,,55087500.0,,6878200.0,852436.0,1910200.0,,5105900.0,,,,70285300.0,,7461400.0,,203349500.0,,19122.0,,,,63186100.0,,27094140.0,,,0.0,,,296100.0,,,3041500.0,,8499900.0,,205481600.0,,99659000.0,,22670600.0,,2175100.0,,6124900.0,0.0,1737390.0,,18698500.0,,441400.0,,1407000.0,,2078520.0,,5849900.0,,16440700.0,16277,9378300.0,45.0,5264700.0,,13171800.0,,,,9292300.0,,36314400.0,,,,,,1959500.0,0.0
2025-05-02,3886874.0,464020.0,22454204.0,172181.0,280801.0,526966.0,202511.0,5644954.0,13240838.0,19288562.0,140470309.0,,28920212.0,,5299476.0,4196300.0,,101010600.0,,2340700.0,,3199700.0,,6083200.0,,29957900.0,,77903500.0,,6998000.0,,5132000.0,,1215500.0,,19989000.0,,17766800.0,,351100.0,,18092500.0,,,,9813100.0,,4383500.0,,,,10100.0,,,,4945600.0,,,,,4969600.0,,,58444.0,3765200.0,0.0,,,1854200.0,,,322096.0,3342400.0,,6133300.0,,,1547400.0,144099,,,4043500.0,,4323400.0,,10834800.0,,9199600.0,,18753200.0,,,,5970500.0,,7594000.0,,8571500.0,,,,5894100.0,,4918800.0,,5652400.0,98458,4272100.0,,13493900.0,,3247700.0,0.0,2876800.0,,34000.0,,1349.0,3602400.0,,,4430000.0,,5579900.0,,25715000.0,,2883000.0,,,2283300.0,,1221.0,49783000.0,,,,59187300.0,,15404600.0,,,3731900.0,,63298500.0,,2716800.0,,18465700.0,,30201800.0,,7165000.0,,8518000.0,,12629600.0,,,3412000.0,,6900.0,,,,2509400.0,,6059400.0,,13339400.0,,,24739300.0,290654,,15638600.0,,30757400.0,0.0,15948000.0,,18899700.0,,6568000.0,,174600.0,,,,6124600.0,,37743000.0,,140954.0,16021800.0,,8347000.0,3652,190194800.0,,13466300.0,,5630300.0,,11346000.0,,0.0,3842200.0,,,,489400.0,291218.0,7.0,103094300.0,,,10081500.0,,13185600.0,,,,39218100.0,,29599200.0,,27224000.0,,12728900.0,,,,,,74.0,,,,45306800.0,,6522200.0,889756.0,2193700.0,,3332700.0,,,,50789300.0,,6866500.0,,223410600.0,,31479.0,,,,60717300.0,,21943440.0,,,0.0,,,569900.0,,,2526900.0,,9091300.0,,195097800.0,,114454700.0,,21691200.0,,8968300.0,,7642400.0,0.0,1997510.0,,22401800.0,,402500.0,,1136400.0,,2218860.0,,6113700.0,,9145600.0,17043,8263300.0,1.0,7362000.0,,16031400.0,,,,9684600.0,,32038800.0,,,,,,1562900.0,0.0
2025-05-03,,,,,,,,,,,,,,,,,,,,,,,,,,,,,,,,,,,,,,,,,,,,,,,,,,,,,,,,,,,,,,,,,,0.0,,,,,,,,,,,,,135276,,,,,,,,,,,,,,,,,,,,,,,,,,,,101557,,,,,,0.0,,,,,,,,,,,,,,,,,,,,,,,,,,,,,,,,,,,,,,,,,,,,,,,,,,,,,,,,,,,,,273703,,,,,0.0,,,,,,,,,,,,,,,,,,,33444,,,,,,,,,,,,,,,292113.0,,,,,,,,,,,,,,,,,,,,,,,,,,,,,,703109.0,,,,,,,,,,,,,,,,,,,,,,0.0,,,,,,,,,,,,,,,,,,,0.0,,,,,,,,,,,,,,17268,,91.0,,,,,,,,,,,,,,,,0.0
2025-05-04,,,,,,,,,,,,,,,,,,,,,,,,,,,,,,,,,,,,,,,,,,,,,,,,,,,,,,,,,,,,,,,,,,0.0,,,,,,,,,,,,,164880,,,,,,,,,,,,,,,,,,,,,,,,,,,,108296,,,,,,0.0,,,,,,,,,,,,,,,,,,,,,,,,,,,,,,,,,,,,,,,,,,,,,,,,,,,,,,,,,,,,,2890147,,,,,0.0,,,,,,,,,,,,,,,,,,,10019,,,,,,,,,,,,,,,337020.0,,,,,,,,,,,,,,,,,,,,,,,,,,,,,,959919.0,,,,,,,,,,,,,,,,,,,,,,0.0,,,,,,,,,,,,,,,,,,,0.0,,,,,,,,,,,,,,16822,,79.0,,,,,,,,,,,,,,,,0.0
2025-05-05,,,,,,,,,,,,,,,,1966500.0,,69018500.0,,2095600.0,,3061700.0,,4069300.0,,41268900.0,,35217500.0,,4444600.0,,3525200.0,,903700.0,,10944500.0,,14025400.0,,192400.0,,9868800.0,,,,6428100.0,,4439100.0,,,,23700.0,,,,16380200.0,,,,,2640800.0,,,49504.0,1829100.0,0.0,,,1375400.0,,,308387.0,3153200.0,,5108700.0,,,1952600.0,158466,,,2688800.0,,4219600.0,,13124000.0,,6432300.0,,14758500.0,,,,4938000.0,,10231000.0,,7360000.0,,,,5164200.0,,2882600.0,,6050900.0,100681,3256100.0,,21657700.0,,3772800.0,0.0,2228900.0,,58400.0,,244.0,2296900.0,,,3136600.0,,7132400.0,,21341800.0,,2197200.0,,,2563500.0,,654.0,72476600.0,,,,37137900.0,,14118200.0,,,4137800.0,,44237000.0,,820000.0,,8130100.0,,20834200.0,,5450700.0,,8119000.0,,11932700.0,,,2412000.0,,2400.0,,,,1819700.0,,2889600.0,,6960800.0,,,13887700.0,326546,,9098900.0,,20136100.0,0.0,14424100.0,,12513600.0,,5122000.0,,141900.0,,,,4599900.0,,56623000.0,,161317.0,19450700.0,,6371000.0,3119,133163200.0,,8811400.0,,3695200.0,,5187400.0,,0.0,3804300.0,,,,541100.0,329314.0,7.0,135961300.0,,,12000300.0,,7165300.0,,,,28309500.0,,11529500.0,,25460100.0,,8016300.0,,,,,,224.0,,,,33477400.0,,4536000.0,798188.0,1993800.0,,2496000.0,,,,51937900.0,,5593300.0,,127572300.0,,14822.0,,,,38659200.0,,15240580.0,,,0.0,,,164100.0,,,2484900.0,,5706900.0,,138579000.0,,94618900.0,,14618900.0,,2828200.0,,4803600.0,0.0,1208270.0,,25339000.0,,346900.0,,1147400.0,,1720480.0,,3865300.0,,6240200.0,18895,7522000.0,145.0,8843100.0,,12439100.0,,,,6374300.0,,29530200.0,,,,,,1749300.0,0.0
2025-05-06,,,,,,,,,19813305.0,32300749.0,187805038.0,34750081.0,87006642.0,,10185622.0,2544600.0,,51216500.0,,2970100.0,,4119700.0,,3471700.0,,54264300.0,,29314100.0,,4539500.0,,4236100.0,,765100.0,,6889500.0,,16348800.0,,305400.0,,17919700.0,,,,6675700.0,,3867300.0,,,,26300.0,,,,6088600.0,,,,,2864000.0,,,63444.0,1724200.0,0.0,,,1158700.0,,,343893.0,2840400.0,,4672600.0,,,1381200.0,141900,,,2919000.0,,4681600.0,,13724800.0,,9644400.0,,13766500.0,,,,5015400.0,,11839400.0,,8267100.0,,,,3734900.0,,3265100.0,,3630500.0,84988,3430100.0,,11185000.0,,5469500.0,0.0,4004100.0,,23300.0,,2357.0,2242700.0,,,2474800.0,,5883800.0,,21277200.0,,2902500.0,,,2299700.0,,777.0,157524000.0,,,,31103100.0,,12831500.0,,,2900600.0,,51330800.0,,1160000.0,,9057200.0,,24642100.0,,6369900.0,,9054000.0,,12705500.0,,,950000.0,,73900.0,,,,4884600.0,,5982000.0,,6892700.0,,,10600700.0,427715,,9818100.0,,15104200.0,0.0,9695600.0,,13173800.0,,5162000.0,,212700.0,,,,6024100.0,,32567000.0,,200855.0,17045900.0,,6402500.0,124243,158525600.0,,10554700.0,,3145000.0,,5108600.0,,0.0,3031900.0,,,,443700.0,278984.0,7.0,201193400.0,,,7659400.0,,6957900.0,,,,32786300.0,,8954700.0,,35961300.0,,7751400.0,,,,,,227.0,,,,44675900.0,,5019400.0,1040213.0,1707600.0,,2294000.0,,,,40465200.0,,5322900.0,,158548700.0,,23465.0,,,,48264700.0,,19211460.0,,,81.0,,,390000.0,,,2203600.0,,5993400.0,,165885800.0,,76715800.0,,14565600.0,,2812000.0,,4531400.0,185.0,1411200.0,,30378900.0,,567100.0,,718700.0,,2379740.0,,3438500.0,,6740400.0,17902,4952400.0,0.0,9050700.0,,10626000.0,,,,32491300.0,,22995400.0,,,,,,1352300.0,135.0
2025-05-07,3830097.0,666181.0,17136991.0,166753.0,622014.0,684436.0,335932.0,6838613.0,25616342.0,35170435.0,236141700.0,31463641.0,58771688.0,,21687759.0,2027600.0,,68536700.0,,2153000.0,,8750800.0,,5499000.0,,86474400.0,,43948600.0,,11595900.0,,8972600.0,,1041400.0,,6138300.0,,20253700.0,,190100.0,,15979200.0,,,,5910500.0,,3994600.0,,,,8000.0,,,,5573800.0,,,,,3031300.0,,,60579.0,1555500.0,0.0,,,1710900.0,,,295238.0,4427200.0,,4825700.0,,,1316000.0,136302,,,3543700.0,,4267600.0,,26693600.0,,5940300.0,,14078300.0,,,,5211600.0,,36155300.0,,9416200.0,,,,4200700.0,,4631500.0,,3916600.0,173877,3569000.0,,16052600.0,,8632700.0,0.0,8608700.0,,18300.0,,1080.0,2488700.0,,,2926800.0,,4364300.0,,127490100.0,,1954900.0,,,2657200.0,,618.0,85989900.0,,,,38651800.0,,13249300.0,,,3399700.0,,61002600.0,,821600.0,,8276300.0,,23623300.0,,8724100.0,,9628000.0,,15018200.0,,,824000.0,,4700.0,,,,5554500.0,,3807800.0,,9984700.0,,,13139100.0,246599,,40342900.0,,23295300.0,0.0,10555300.0,,14889700.0,,10848000.0,,813600.0,,,,17862900.0,,43497000.0,,162366.0,17820900.0,,8648500.0,77563,206758800.0,,14153000.0,,2261600.0,,6049600.0,,0.0,3712900.0,,,,514800.0,290428.0,7.0,95428800.0,,,8103700.0,,10196400.0,,,,38006300.0,,9200200.0,,56926300.0,,7727300.0,,,,,,253.0,,,,58448500.0,,9068800.0,960287.0,3640000.0,,1960900.0,,,,51029800.0,,4843700.0,,189249300.0,,21550.0,,,,55588000.0,,23742840.0,,,11.0,,,266000.0,,,3310600.0,,6051900.0,,207867200.0,,71592600.0,,9682500.0,,2786100.0,,5669700.0,0.0,1598640.0,,49238800.0,,1093200.0,,643300.0,,2431580.0,,5454000.0,,10037400.0,22966,7564600.0,504.0,5444300.0,,11301300.0,,,,12918800.0,,22446200.0,,,,,,2652700.0,151.0
2025-05-08,5125330.0,543972.0,16320532.0,259417.0,1199556.0,1491354.0,367397.0,6263717.0,19815740.0,19817495.0,154551212.0,99173499.0,39204516.0,,20413468.0,4567300.0,,50478900.0,,3383900.0,,4703000.0,,4824600.0,,54231400.0,,41043600.0,,14355300.0,,15725300.0,,1040500.0,,6894100.0,,18460900.0,,297100.0,,10846800.0,,,,11278400.0,,6815400.0,,,,5200.0,,,,5018600.0,,,,,4853000.0,,,56931.0,2553400.0,0.0,,,1581300.0,,,281000.0,6311200.0,,14390000.0,,,1882600.0,157324,,,5503200.0,,4789900.0,,14476000.0,,6264000.0,,16196700.0,,,,4575900.0,,19265400.0,,24649800.0,,,,5813700.0,,3117800.0,,2671600.0,501153,3337100.0,,36672200.0,,5252900.0,0.0,15080800.0,,18600.0,,200.0,3346400.0,,,3357900.0,,6521700.0,,57498700.0,,1994600.0,,,3035800.0,,884.0,81324500.0,,,,49440000.0,,11542200.0,,,3637000.0,,71651700.0,,2340000.0,,17071900.0,,32646300.0,,8320100.0,,9069000.0,,14371100.0,,,2816000.0,,2900.0,,,,4051900.0,,6162000.0,,10469400.0,,,14622800.0,391383,,18868800.0,,23491300.0,0.0,22135600.0,,17580500.0,,18276000.0,,310800.0,,,,6853800.0,,37609000.0,,158746.0,19405200.0,,7344000.0,21709,198428100.0,,12047100.0,,4742400.0,,6113600.0,,0.0,3677200.0,,,,395200.0,687856.0,7.0,126966200.0,,,11791500.0,,8489100.0,,,,39577600.0,,5759000.0,,50103700.0,,15754000.0,,,,,,526.0,,,,42736600.0,,5919200.0,928531.0,4969000.0,,3462500.0,,,,52579800.0,,5040900.0,,203277000.0,,28090.0,,,,65130800.0,,22583860.0,,,11.0,,,240800.0,,,2713300.0,,7185600.0,,197621600.0,,97539400.0,,10343000.0,,1773800.0,,5171200.0,0.0,2242610.0,,24293100.0,,530600.0,,865600.0,,2781420.0,,4156400.0,,7275900.0,24746,5320500.0,9.0,4179600.0,,14461100.0,,,,16479300.0,,30565800.0,,,,,,2446500.0,0.0
2025-05-09,2539822.0,514047.0,7814322.0,140994.0,558440.0,442898.0,261129.0,6422377.0,13777285.0,23237372.0,99875196.0,42305504.0,26978060.0,,12947957.0,7922800.0,,36453900.0,,2031300.0,,2695800.0,,3884200.0,,31704300.0,,29663100.0,,7760100.0,,5364800.0,,884000.0,,7707300.0,,13289200.0,,348000.0,,11172200.0,,,,3473300.0,,5364000.0,,,,1400.0,,,,3621400.0,,,,,3114200.0,,,51994.0,1646200.0,0.0,,,882200.0,,,239640.0,3409000.0,,16384200.0,,,1176700.0,192034,,,2840000.0,,4324200.0,,18773200.0,,7948900.0,,17480700.0,,,,4367400.0,,10438200.0,,27374000.0,,,,3476300.0,,2150800.0,,3268700.0,326171,2223900.0,,17650700.0,,3689300.0,0.0,6446100.0,,12500.0,,216.0,2383700.0,,,2571400.0,,7795200.0,,32435300.0,,1522500.0,,,1970700.0,,796.0,61867600.0,,,,44325500.0,,15585200.0,,,2901300.0,,51768600.0,,1680000.0,,18715600.0,,17203000.0,,5087600.0,,9550000.0,,11228900.0,,,1150000.0,,1800.0,,,,2324300.0,,4072600.0,,7037000.0,,,10427300.0,592424,,14698300.0,,15324200.0,0.0,17161800.0,,13017600.0,,8802000.0,,312900.0,,,,8477300.0,,25696000.0,,174974.0,16115500.0,,4600500.0,38876,132972200.0,,13071300.0,,3193100.0,,4707100.0,,0.0,3211000.0,,,,766400.0,1416361.0,5.0,81005300.0,,,7470500.0,,6217100.0,,,,27767400.0,,4836100.0,,50580800.0,,30349700.0,,,,,,7.0,,,,31459200.0,,3495500.0,1142964.0,2039200.0,,2595500.0,,,,53262000.0,,3015900.0,,149644500.0,,18910.0,,,,37603400.0,,15255340.0,,,11.0,,,122300.0,,,2353800.0,,4682300.0,,146818800.0,,132387800.0,,11582800.0,,1524700.0,,8655100.0,0.0,1385200.0,,19105400.0,,461600.0,,757800.0,,2004880.0,,3086600.0,,6369800.0,17305,4960100.0,152.0,3705300.0,,13697800.0,,,,11445300.0,,19993200.0,,,,,,1854400.0,0.0
2025-05-10,,,,,,,,,,,,,,,,,,,,,,,,,,,,,,,,,,,,,,,,,,,,,,,,,,,,,,,,,,,,,,,,,,0.0,,,,,,,,,,,,,255414,,,,,,,,,,,,,,,,,,,,,,,,,,,,410453,,,,,,0.0,,,,,,,,,,,,,,,,,,,,,,,,,,,,,,,,,,,,,,,,,,,,,,,,,,,,,,,,,,,,,477359,,,,,660.0,,,,,,,,,,,,,,,,,,,4104,,,,,,,,,,,,,,,613986.0,,,,,,,,,,,,,,,,,,,,,,,,,,,,,,911671.0,,,,,,,,,,,,,,,,,,,,,,11.0,,,,,,,,,,,,,,,,,,,0.0,,,,,,,,,,,,,,13005,,13.0,,,,,,,,,,,7.0,,,,,232.0
2025-05-11,,,,,,,,,,,,,,,,,,,,,,,,,,,,,,,,,,,,,,,,,,,,,,,,,,,,,,,,,,,,,,,,,,1569.0,,,,,,,,,,,,,157939,,,,,,,,,,,,,,,,,,,,,,,,,,,,240883,,,,,,0.0,,,,,,,,,,,,,,,,,,,,,,,,,,,,,,,,,,,,,,,,,,,,,,,,,,,,,,,,,,,,,404002,,,,,0.0,,,,,,,,,,,,,,,,,,,3694,,,,,,,,,,,,,,,445457.0,,,,,,,,,,,,,,,,,,,,,,,,,,,,,,962002.0,,,,,,,,,,,,,,,,,,,,,,11.0,,,,,,,,,,,,,,,,,,,0.0,,,,,,,,,,,,,,16790,,34.0,,,,,,,,,,,15.0,,,,,0.0
2025-05-12,1624884.0,569602.0,15414702.0,606796.0,437578.0,1993316.0,342148.0,6345461.0,35846811.0,45411990.0,356285408.0,46824959.0,66601665.0,,11857413.0,7280000.0,,63775800.0,,3157700.0,,6342000.0,,11724100.0,,50543400.0,,75205000.0,,7826600.0,,7552600.0,,2571500.0,,14764300.0,,25437700.0,,579500.0,,22631700.0,,,,6689100.0,,7820300.0,,,,7100.0,,,,6368000.0,,,,,6669100.0,,,62946.0,4592000.0,0.0,,,1514700.0,,,325865.0,4661100.0,,14944200.0,,,2069000.0,173388,,,5550700.0,,5937400.0,,13114000.0,,10619000.0,,23700000.0,,,,7927700.0,,18366600.0,,14913600.0,,,,7539200.0,,3030600.0,,3704200.0,234491,3013900.0,,24174200.0,,8575200.0,0.0,14575800.0,,84400.0,,886.0,2989900.0,,,4921000.0,,7395200.0,,44138800.0,,3527700.0,,,3831400.0,,847.0,59273900.0,,,,41385900.0,,19595800.0,,,4609500.0,,94578700.0,,2333600.0,,20827900.0,,38207200.0,,9603900.0,,21103000.0,,21539000.0,,,2816000.0,,7400.0,,,,3730000.0,,9176100.0,,17456900.0,,,21965100.0,699220,,20383100.0,,22821900.0,0.0,16245500.0,,27765300.0,,11114000.0,,565500.0,,,,16292600.0,,64791000.0,,163731.0,20136100.0,,7160500.0,61619,225023300.0,,18259700.0,,6682200.0,,7875500.0,,0.0,4580800.0,,,,812900.0,888677.0,25.0,94257300.0,,,12513000.0,,11414600.0,,,,45090600.0,,7070500.0,,35622500.0,,15229700.0,,,,,,90.0,,,,51333900.0,,9246900.0,1060164.0,5374400.0,,4276500.0,,,,74278200.0,,7759700.0,,263806000.0,,52972.0,,,,78993600.0,,27343220.0,,,16.0,,,217200.0,,,4715000.0,,10749900.0,,202490000.0,,112826700.0,,22064900.0,,2080100.0,,16210400.0,0.0,1913720.0,,39104600.0,,458000.0,,1043200.0,,2962820.0,,7985400.0,,8952200.0,25406,6957400.0,81.0,5123800.0,,26783900.0,,,,19550400.0,,32610000.0,,0.0,,,,2097200.0,357.0
2025-05-13,3385009.0,462830.0,16842801.0,288938.0,680047.0,1429499.0,379984.0,8491033.0,23119901.0,38157456.0,220529075.0,52215667.0,54387262.0,,9061474.0,6945600.0,,51909300.0,,2664100.0,,6657300.0,,8980200.0,,55659500.0,,56193700.0,,9729200.0,,7630700.0,,1815600.0,,19634800.0,,28790500.0,,351900.0,,16123600.0,,,,4949000.0,,6333600.0,,,,0.0,,,,4504100.0,,,,,3474100.0,,,55567.0,4132500.0,0.0,,,1438600.0,,,258795.0,6198400.0,,39119000.0,,,2917000.0,153754,,,6165100.0,,6711600.0,,14938400.0,,10125900.0,,18591200.0,,,,7063500.0,,14076700.0,,12342300.0,,,,4900100.0,,3858800.0,,5297100.0,176637,3024300.0,,41363000.0,,5016100.0,0.0,9072500.0,,28700.0,,2424.0,4769700.0,,,5427600.0,,10365300.0,,42382100.0,,2765800.0,,,2726800.0,,596.0,77358700.0,,,,57297900.0,,14354000.0,,,3521400.0,,76850400.0,,1191200.0,,23967700.0,,28295800.0,,8589000.0,,18048000.0,,14389100.0,,,1442000.0,,12800.0,,,,2888000.0,,4523900.0,,11920200.0,,,18570800.0,709005,,19733700.0,,23618800.0,0.0,12925000.0,,28009100.0,,9218000.0,,456600.0,,,,13897500.0,,39979000.0,,130015.0,12144000.0,,7415500.0,5650,330430100.0,,10357000.0,,7082300.0,,11955200.0,,0.0,5556500.0,,,,627600.0,795252.0,25.0,147155400.0,,,8076200.0,,10160900.0,,,,53269600.0,,6684800.0,,35004700.0,,14950700.0,,,,,,28.0,,,,96752000.0,,8665600.0,882945.0,2186700.0,,4143900.0,,,,70382900.0,,12707900.0,,212931800.0,,44938.0,,,,67947200.0,,23985740.0,,,16.0,,,189200.0,,,2817400.0,,15567400.0,,170595400.0,,136992600.0,,19996000.0,,2116700.0,,9837500.0,0.0,1534040.0,,36770800.0,,446800.0,,564200.0,,2595280.0,,5406200.0,,8987200.0,23526,8113500.0,9.0,5013500.0,,19746700.0,,,,15782000.0,,29031600.0,,0.0,,,,1984600.0,0.0
2025-05-14,3333511.0,557318.0,12468089.0,235423.0,363846.0,1427546.0,451096.0,9598145.0,24294663.0,33551651.0,174012139.0,54556418.0,47614723.0,,6144660.0,5753900.0,,49325800.0,,2409200.0,,6112000.0,,7069700.0,,86743700.0,,38492100.0,,6324300.0,,8876000.0,,1156100.0,,14028800.0,,19751400.0,,193300.0,,18278300.0,,,,6761700.0,,6374100.0,,,,3500.0,,,,6384100.0,,,,,2247800.0,,,49980.0,2052200.0,0.0,,,1876100.0,,,225626.0,3767900.0,,18344700.0,,,2215000.0,151388,,,5913200.0,,7926200.0,,11389200.0,,25124600.0,,34509200.0,,,,7639100.0,,15352200.0,,8551500.0,,,,3683800.0,,17474900.0,,4083400.0,421807,4423000.0,,33201100.0,,3629200.0,0.0,5574900.0,,10000.0,,3518.0,2577200.0,,,4898600.0,,14552300.0,,48755900.0,,2874400.0,,,2587400.0,,940.0,46964000.0,,,,41568200.0,,16650200.0,,,3634700.0,,91584800.0,,2129600.0,,20614500.0,,26316100.0,,8643100.0,,11714000.0,,16286800.0,,,1934000.0,,1700.0,,,,4938300.0,,7558500.0,,8654500.0,,,12348200.0,389661,,11472600.0,,19902800.0,0.0,10722700.0,,28044400.0,,9000000.0,,270900.0,,,,12529700.0,,39101000.0,,119947.0,18986700.0,,7073000.0,5745,281180800.0,,10176100.0,,7950200.0,,7499400.0,,0.0,5445800.0,,,,674500.0,568447.0,10.0,96611500.0,,,7724000.0,,6971200.0,,,,47014500.0,,20753500.0,,47996500.0,,36800900.0,,,,,,57.0,,,,169224100.0,,7439600.0,567586.0,1828400.0,,4642300.0,,,,77903700.0,,13840500.0,,179343100.0,,34800.0,,,,66283500.0,,19373120.0,,,278.0,,,203100.0,,,2311000.0,,13234700.0,,161184800.0,,136997300.0,,12359000.0,,2140200.0,,6552300.0,0.0,1788340.0,,30640100.0,,379200.0,,547900.0,,2615340.0,,6207600.0,,9603500.0,24197,8649600.0,176.0,4057700.0,,25620100.0,,,,13920500.0,,21332600.0,,,,,,1846400.0,0.0
2025-05-15,3178957.0,469355.0,13139736.0,264306.0,355097.0,913822.0,233079.0,6696380.0,32799956.0,22208037.0,155216057.0,43481983.0,44033746.0,,9904969.0,5189600.0,,45029500.0,,2763800.0,,4407000.0,,12811600.0,,43843200.0,,64347300.0,,6322200.0,,5357900.0,,1511000.0,,11660700.0,,18803700.0,,132900.0,,35442800.0,,,,4106000.0,,6510900.0,,,,0.0,,,,5040900.0,,,,,3397000.0,,,70642.0,1580400.0,0.0,,,1405900.0,,,258404.0,2127200.0,,25917200.0,,,2470700.0,135158,,,3133400.0,,4635600.0,,10127600.0,,36202100.0,,60718000.0,,,,4488800.0,,8322400.0,,11260900.0,,,,5585200.0,,4360000.0,,2431400.0,854075,1819100.0,,29819500.0,,3044400.0,0.0,7052000.0,,33000.0,,652.0,2954300.0,,,4752100.0,,9364400.0,,33146700.0,,2428100.0,,,2830500.0,,737.0,56408300.0,,,,36789200.0,,16691600.0,,,4856300.0,,66705500.0,,1242400.0,,20239700.0,,21563700.0,,9214600.0,,11298000.0,,19817100.0,,,960000.0,,1900.0,,,,2523900.0,,5212900.0,,9058000.0,,,14341800.0,617441,,9962500.0,,21992300.0,0.0,14674700.0,,24196100.0,,6440000.0,,141600.0,,,,11205600.0,,44640000.0,,152653.0,15721300.0,,4940000.0,3350,226632600.0,,9074700.0,,12705400.0,,10169200.0,,0.0,5460100.0,,,,1089700.0,412301.0,10.0,69503000.0,,,8116500.0,,6941200.0,,,,50153300.0,,13711000.0,,55059200.0,,27530600.0,,,,,,2.0,,,,87035100.0,,6446300.0,1013237.0,1930800.0,,3122800.0,,,,66129800.0,,13791400.0,,141287600.0,,37120.0,,,,71268100.0,,22766680.0,,,12.0,,,302300.0,,,2958900.0,,12452700.0,,161694800.0,,97882600.0,,10241800.0,,3081500.0,,5534000.0,0.0,1767870.0,,20481600.0,,349800.0,,888400.0,,2085500.0,,5826100.0,,6667500.0,24400,8249400.0,4.0,3522900.0,,44026100.0,,,,11089500.0,,29721600.0,,,,,,1659300.0,357.0
2025-05-16,2419507.0,311743.0,10385352.0,174391.0,285272.0,3986502.0,183904.0,6437268.0,21334027.0,33992302.0,121417523.0,52169452.0,60689121.0,,5102668.0,3100300.0,,54737900.0,,5391500.0,,3859300.0,,16540400.0,,43419700.0,,43318500.0,,4740200.0,,4789900.0,,1095100.0,,15837300.0,,23094600.0,,129700.0,,20090000.0,,,,6557300.0,,5290100.0,,,,5500.0,,,,4997300.0,,,,,3790500.0,,,38629.0,2561700.0,0.0,,,1271800.0,,,121556.0,2712500.0,,72627500.0,,,2033700.0,165746,,,2892500.0,,3846000.0,,8533600.0,,42984000.0,,30289900.0,,,,5466600.0,,10961000.0,,6963900.0,,,,5575100.0,,1920100.0,,2361900.0,457932,1250800.0,,21741300.0,,2713500.0,0.0,5456100.0,,13300.0,,199.0,2603800.0,,,4643800.0,,6504400.0,,42846900.0,,2021800.0,,,3129100.0,,1098.0,51619600.0,,,,24538700.0,,11741700.0,,,3817900.0,,55795100.0,,1108000.0,,25155400.0,,28906400.0,,8932900.0,,11320000.0,,18441200.0,,,588000.0,,3200.0,,,,2352700.0,,4645100.0,,10100400.0,,,18519000.0,130523,,18712900.0,,23849800.0,0.0,12461100.0,,22609300.0,,7396000.0,,278700.0,,,,16647200.0,,46984000.0,,141334.0,11119400.0,,5804500.0,3323,226542500.0,,19012600.0,,9434100.0,,8515500.0,,0.0,4210900.0,,,,421600.0,417244.0,10.0,57003700.0,,,8717900.0,,6668000.0,,,,48394600.0,,8627000.0,,32231900.0,,24452900.0,,,,,,100.0,,,,99288900.0,,3800100.0,631867.0,2132500.0,,3440000.0,,,,58250800.0,,4069600.0,,113068600.0,,25905.0,,,,76052100.0,,16879200.0,,,12.0,,,221200.0,,,2183400.0,,10676400.0,,127627200.0,,95895700.0,,9146700.0,,4381400.0,,4518700.0,0.0,1599750.0,,21909600.0,,386200.0,,566800.0,,2131060.0,,5838100.0,,5170000.0,25498,4955600.0,4.0,4245800.0,,33746200.0,,,,10103000.0,,21725800.0,,,,,,2110400.0,0.0
2025-05-17,,,,,,,,,,,,,,,,,,,,,,,,,,,,,,,,,,,,,,,,,,,,,,,,,,,,,,,,,,,,,,,,,,0.0,,,,,,,,,,,,,144521,,,,,,,,,,,,,,,,,,,,,,,,,,,,346873,,,,,,0.0,,,,,,,,,,,,,,,,,,,,,,,,,,,,,,,,,,,,,,,,,,,,,,,,,,,,,,,,,,,,,177969,,,,,0.0,,,,,,,,,,,,,,,,,,,36088,,,,,,,,,,,,,,,379517.0,,,,,,,,,,,,,,,,,,,,,,,,,,,,,,297215.0,,,,,,,,,,,,,,,,,,,,,,12.0,,,,,,,,,,,,,,,,,,,0.0,,,,,,,,,,,,,,27242,,65.0,,,,,,,,,,,,,,,,0.0
2025-05-18,,,,,,,,,,,,,,,,,,,,,,,,,,,,,,,,,,,,,,,,,,,,,,,,,,,,,,,,,,,,,,,,,,0.0,,,,,,,,,,,,,138605,,,,,,,,,,,,,,,,,,,,,,,,,,,,316052,,,,,,0.0,,,,,,,,,,,,,,,,,,,,,,,,,,,,,,,,,,,,,,,,,,,,,,,,,,,,,,,,,,,,,162812,,,,,0.0,,,,,,,,,,,,,,,,,,,30103,,,,,,,,,,,,,,,416362.0,,,,,,,,,,,,,,,,,,,,,,,,,,,,,,584973.0,,,,,,,,,,,,,,,,,,,,,,12.0,,,,,,,,,,,,,,,,,,,0.0,,,,,,,,,,,,,,26571,,1.0,,,,,,,,,,,,,,,,190.0
2025-05-19,2482673.0,378893.0,9802105.0,131104.0,262018.0,1988844.0,218924.0,7732398.0,22457714.0,38301184.0,217541110.0,30567106.0,52631525.0,,11866362.0,2548700.0,,46140500.0,,3008000.0,,3560900.0,,7465700.0,,37737400.0,,34314800.0,,6224300.0,,4195600.0,,977900.0,,17496700.0,,15355500.0,,168900.0,,11197000.0,,,,4543800.0,,6250600.0,,,,1700.0,,,,3441500.0,,,,,3181200.0,,,43539.0,2277700.0,0.0,,,761800.0,,,95570.0,2352100.0,,12437600.0,,,1879800.0,145069,,,3582000.0,,5781200.0,,8062400.0,,33360500.0,,16249000.0,,,,4594700.0,,7209700.0,,7112200.0,,,,4096800.0,,3200700.0,,2878700.0,726342,1420600.0,,19490700.0,,2595000.0,0.0,3651900.0,,10800.0,,266.0,3128700.0,,,5600800.0,,4223500.0,,30426100.0,,2842100.0,,,4428200.0,,1190.0,35719800.0,,,,34290800.0,,16883600.0,,,3198600.0,,64279100.0,,656000.0,,15926200.0,,25859600.0,,12145000.0,,11420000.0,,13282800.0,,,1166000.0,,3700.0,,,,1177900.0,,4062700.0,,9222300.0,,,9592400.0,348939,,20323500.0,,21336500.0,0.0,12822000.0,,14380100.0,,6780000.0,,206400.0,,,,11035800.0,,28534000.0,,182905.0,11782800.0,,10356000.0,4258,193154600.0,,11194300.0,,12901400.0,,10268900.0,,0.0,4419500.0,,,,435300.0,355410.0,10.0,72503900.0,,,7434900.0,,7241100.0,,,,52536200.0,,10494200.0,,43922000.0,,17316300.0,,,,,,217.0,,,,45618300.0,,4196100.0,846898.0,1765400.0,,3828000.0,,,,57180000.0,,7554300.0,,123632000.0,,34225.0,,,,68168500.0,,24765780.0,,,12.0,,,407800.0,,,1840300.0,,15145800.0,,143794200.0,,88869900.0,,10144400.0,,2190000.0,,6460900.0,0.0,1476980.0,,19252100.0,,335000.0,,629800.0,,2661840.0,,5081500.0,,4593500.0,26094,5283200.0,651.0,3740600.0,,20041600.0,,,,7045500.0,,24787000.0,,,,,,1785900.0,0.0
2025-05-20,2820546.0,422756.0,9080577.0,212393.0,293512.0,923369.0,227059.0,6059352.0,15792185.0,24243894.0,228019851.0,26424282.0,35438230.0,,8767010.0,2077700.0,,42496600.0,,2453000.0,,4388300.0,,5372400.0,,29030800.0,,29470400.0,,5533500.0,,3108500.0,,777200.0,,13747000.0,,11787200.0,,125300.0,,11790000.0,,,,3205400.0,,6193500.0,,,,1800.0,,,,3737000.0,,,,,4566100.0,,,42663.0,2266000.0,0.0,,,761500.0,,,250414.0,2088200.0,,8624600.0,,,2271200.0,135186,,,2694300.0,,4032300.0,,8530400.0,,34969200.0,,14995200.0,,,,4150600.0,,6433300.0,,7962200.0,,,,5081300.0,,3722400.0,,4082100.0,1119518,2088400.0,,18484800.0,,3833500.0,0.0,3505000.0,,3900.0,,356.0,2756700.0,,,5586200.0,,4795100.0,,46607700.0,,1601600.0,,,6287400.0,,1081.0,35759200.0,,,,31331800.0,,16293800.0,,,2437900.0,,48497400.0,,645600.0,,13335200.0,,22053100.0,,8436300.0,,9492000.0,,12137800.0,,,572000.0,,2300.0,,,,1028400.0,,3873500.0,,6913300.0,,,6743500.0,167733,,22326200.0,,15441800.0,0.0,11532200.0,,12331300.0,,3432000.0,,399300.0,,,,31145800.0,,21331000.0,,230771.0,13727400.0,,5375000.0,8183,161514200.0,,12559100.0,,10236500.0,,7576400.0,,0.0,9533400.0,,,,463900.0,355150.0,10.0,61265300.0,,,8403200.0,,5269500.0,,,,42517600.0,,7178300.0,,63759100.0,,18173600.0,,,,,,35.0,,,,43284200.0,,3115200.0,921265.0,1756400.0,,4228500.0,,,,54429600.0,,7332800.0,,84252500.0,,24836.0,,,,60614500.0,,16974640.0,,,12.0,,,266700.0,,,1614600.0,,11185500.0,,134069400.0,,131715500.0,,7054100.0,,1729500.0,,5289200.0,0.0,1584410.0,,20851300.0,,637000.0,,477900.0,,3339180.0,,5281400.0,,4030700.0,25431,4930400.0,381.0,3092100.0,,15609600.0,,,,13967400.0,,22782200.0,,,,,,3283800.0,54.0
2025-05-21,1721760.0,558502.0,7794181.0,245860.0,382117.0,630075.0,240943.0,6282240.0,18924042.0,22763052.0,189822108.0,26224172.0,32045978.0,,13326929.0,3621900.0,,59211800.0,,2495800.0,,5401900.0,,5658600.0,,43594600.0,,42460900.0,,7567100.0,,4810100.0,,1058700.0,,10886500.0,,17642900.0,,256600.0,,8521400.0,,,,3482200.0,,12289700.0,,,,2800.0,,,,3815800.0,,,,,4588100.0,,,58658.0,2093400.0,0.0,,,1248700.0,,,302702.0,3574400.0,,11748000.0,,,1438900.0,139434,,,3304800.0,,5689800.0,,17284400.0,,61681600.0,,15595900.0,,,,5859900.0,,10150600.0,,9293700.0,,,,3949900.0,,5208800.0,,3430600.0,592930,4021100.0,,17088600.0,,3769300.0,0.0,3283200.0,,9600.0,,979.0,3932400.0,,,9062900.0,,8762000.0,,73416000.0,,2635900.0,,,3966000.0,,1191.0,38861800.0,,,,40230100.0,,19962700.0,,,3753900.0,,62904700.0,,1482400.0,,20713900.0,,36704400.0,,7464000.0,,12367000.0,,12094400.0,,,2942000.0,,3100.0,,,,1719000.0,,4060000.0,,8082700.0,,,11464600.0,203251,,14022800.0,,19216900.0,0.0,18698500.0,,15764300.0,,4184000.0,,299400.0,,,,17302400.0,,29766000.0,,135733.0,29625900.0,,6298000.0,28088,270608700.0,,8983400.0,,8820500.0,,6011000.0,,0.0,19049700.0,,,,534100.0,380431.0,10.0,80657700.0,,,8094300.0,,9684500.0,,,,71292800.0,,17448200.0,,46878400.0,,17081800.0,,,,,,217.0,,,,54954000.0,,6392500.0,959181.0,1816200.0,,11101400.0,,,,71853700.0,,5083400.0,,149964800.0,,48788.0,,,,95197700.0,,30509600.0,,,12.0,,,889800.0,,,2329100.0,,21648900.0,,219255200.0,,102354800.0,,7375700.0,,6081100.0,,8977400.0,,2455700.0,,25035100.0,,568800.0,,400100.0,,5701960.0,,6125500.0,,5354900.0,26584,7278800.0,29.0,5438500.0,,15742300.0,,,,13135900.0,,25698400.0,,,,,,4692200.0,104.0
2025-05-22,1988587.0,982354.0,15254278.0,211136.0,469433.0,689630.0,316537.0,4417566.0,14281176.0,37660463.0,199909799.0,23977495.0,30893775.0,,13592330.0,1972600.0,,46742400.0,,1889500.0,,4741500.0,,6355700.0,,29252000.0,,38938900.0,,5329400.0,,2366200.0,,863500.0,,8339800.0,,14340200.0,,357900.0,,7820900.0,,,,4648500.0,,12543800.0,,,,5700.0,,,,3244800.0,,,,,3856800.0,,,45811.0,2174100.0,0.0,,,929200.0,,,258549.0,2222000.0,,15613700.0,,,1660900.0,151594,,,2812100.0,,6642700.0,,10363600.0,,61046900.0,,15641100.0,,,,4013700.0,,7903700.0,,9636500.0,,,,4064700.0,,2797300.0,,3543600.0,474080,2981600.0,,40228500.0,,3590200.0,0.0,3760800.0,,4600.0,,1210.0,2713800.0,,,7648600.0,,21451000.0,,74864400.0,,1939600.0,,,2957300.0,,1194.0,48861300.0,,,,27235000.0,,14241400.0,,,3091300.0,,56077500.0,,852000.0,,21381600.0,,31831300.0,,6514100.0,,6825000.0,,11101800.0,,,1150000.0,,1300.0,,,,1237100.0,,4249900.0,,6241600.0,,,8228400.0,222808,,16653100.0,,18025600.0,0.0,16511400.0,,13245200.0,,2392000.0,,300000.0,,,,10928700.0,,18616000.0,,91988.0,13117000.0,,4282000.0,197,187344000.0,,7192300.0,,4150600.0,,7603300.0,,0.0,7613400.0,,,,347100.0,430194.0,10.0,75498300.0,,,6451000.0,,9539100.0,,,,55607200.0,,8522900.0,,28115800.0,,18681200.0,,,,,,16.0,,,,30515100.0,,5185500.0,919904.0,1764900.0,,26194100.0,,,,56734700.0,,5037000.0,,144981100.0,,35579.0,,,,70860400.0,,28093940.0,,,12.0,,,1015900.0,,,1987700.0,,16592300.0,,173542000.0,,97113400.0,,11825000.0,,4750900.0,,7500800.0,,1796800.0,,16496000.0,,430700.0,,358800.0,,3746280.0,,4936600.0,,3800000.0,25237,5802900.0,18.0,4316300.0,,13712200.0,,,,7778900.0,,23732200.0,,,,,,6370300.0,0.0
2025-05-23,1538701.0,829741.0,11247115.0,181029.0,257074.0,726195.0,209927.0,5583567.0,16262610.0,28201032.0,154706274.0,27309887.0,37290455.0,,8338795.0,2237500.0,,78432900.0,,2087700.0,,3227000.0,,5733400.0,,30867300.0,,33393500.0,,5318800.0,,2966800.0,,1525200.0,,6939200.0,,15385600.0,,263600.0,,7163400.0,,,,5067200.0,,10563900.0,,,,3300.0,,,,3166800.0,,,,,2613900.0,,,29810.0,1936600.0,0.0,,,705300.0,,,273392.0,2309300.0,,9290300.0,,,1413900.0,143521,,,1958800.0,,8887800.0,,17951200.0,,31097600.0,,15645400.0,,,,3916900.0,,8086100.0,,6507900.0,,,,3562300.0,,8336300.0,,4506500.0,723501,3421700.0,,34372700.0,,2822100.0,0.0,3315500.0,,1800.0,,47.0,3571600.0,,,4890000.0,,30477600.0,,35211400.0,,1530600.0,,,3115000.0,,1217.0,23607600.0,,,,28585500.0,,9263400.0,,,2722600.0,,68206100.0,,1524800.0,,15027900.0,,29114600.0,,6671800.0,,9419000.0,,12822100.0,,,1354000.0,,5800.0,,,,1133200.0,,2635700.0,,8276700.0,,,8454100.0,547725,,17443200.0,,16883500.0,0.0,21448800.0,,16545000.0,,7152000.0,,272100.0,,,,10378900.0,,21865000.0,,60597.0,12311700.0,,6940500.0,16016,198821300.0,,6508400.0,,5116400.0,,6527500.0,,0.0,4902900.0,,,,376900.0,806527.0,10.0,65905800.0,,,7683600.0,,8994600.0,,,,58368100.0,,6753500.0,,21795000.0,,14249900.0,,,,,,44.0,,,,37900700.0,,6577200.0,697690.0,1232900.0,,11909700.0,,,,44155300.0,,6527500.0,,179062600.0,,44017.0,,,,76029000.0,,33243940.0,,,12.0,,,324800.0,,,1813300.0,,11509500.0,,214220800.0,,84654800.0,,9403100.0,,1862800.0,,7416700.0,,2302320.0,,17929700.0,,2510200.0,,643300.0,,4841500.0,,5345900.0,,3967400.0,85191,5763200.0,167.0,2847200.0,,13668600.0,,,,6078200.0,,23511000.0,,,,,,4180000.0,190.0
2025-05-24,,,,,,,,,,,,,,,,,,,,,,,,,,,,,,,,,,,,,,,,,,,,,,,,,,,,,,,,,,,,,,,,,,0.0,,,,,,,,,,,,,143350,,,,,,,,,,,,,,,,,,,,,,,,,,,,249078,,,,,,0.0,,,,,,,,,,,,,,,,,,,,,,,,,,,,,,,,,,,,,,,,,,,,,,,,,,,,,,,,,,,,,112023,,,,,0.0,,,,,,,,,,,,,,,,,,,5912,,,,,,,,,,,,,,,520709.0,,,,,,,,,,,,,,,,,,,,,,,,,,,,,,459029.0,,,,,,,,,,,,,,,,,,,,,,12.0,,,,,,,,,,,,,,,,,,,,,,,,,,,,,,,,,87235,,61.0,,,,,,,,,,,,,,,,0.0
2025-05-25,,,,,,,,,,,,,,,,,,,,,,,,,,,,,,,,,,,,,,,,,,,,,,,,,,,,,,,,,,,,,,,,,,0.0,,,,,,,,,,,,,137570,,,,,,,,,,,,,,,,,,,,,,,,,,,,736311,,,,,,0.0,,,,,,,,,,,,,,,,,,,,,,,,,,,,,,,,,,,,,,,,,,,,,,,,,,,,,,,,,,,,,301707,,,,,0.0,,,,,,,,,,,,,,,,,,,2877,,,,,,,,,,,,,,,454952.0,,,,,,,,,,,,,,,,,,,,,,,,,,,,,,820736.0,,,,,,,,,,,,,,,,,,,,,,12.0,,,,,,,,,,,,,,,,,,,,,,,,,,,,,,,,,93033,,41.0,,,,,,,,,,,,,,,,0.0
2025-05-26,1459997.0,623947.0,10901337.0,190038.0,472314.0,927215.0,239182.0,5660635.0,17286567.0,27962201.0,146415432.0,18761552.0,95490174.0,,8007827.0,,,,,,,,,,,,,,,,,,,,,,,,,,,,,,,,,,,,,,,,,,,,,,,,,,,0.0,,,,,,,,,,,,,142003,,,,,,,,,,,,,,,,,,,,,,,,,,,,441728,,,,,,0.0,,,,,,,,,,,,,,,,,,,,,,,,,,,,,,,,,,,,,,,,,,,,,,,,,,,,,,,,,,,,,144216,,,,,0.0,,,,,,,,,,,,,,,,,,,533,,,,,,,,,,,,,,,465126.0,,,,,,,,,,,,,,,,,,,,,,,,,,,,,,948571.0,,,,,,,,,,,,,,,,,,,,,,12.0,,,,,,,,,,,,,,,,,,,,,,,,,,,,,,,,,87324,,41.0,,,,,,,,,,,,,,,,0.0
2025-05-27,1424916.0,502985.0,13439520.0,199064.0,668670.0,491514.0,631617.0,6195383.0,14986877.0,26570116.0,125291611.0,27821888.0,92728255.0,,12298022.0,2739300.0,,56288500.0,,2680400.0,,3560800.0,,8470400.0,,37885000.0,,34892000.0,,7683400.0,,5507500.0,,1385100.0,,11517100.0,,17941700.0,,382300.0,,8544500.0,,,,4052600.0,,7258100.0,,,,0.0,,,,4928300.0,,,,,3448300.0,,,34117.0,2240100.0,0.0,,,1354100.0,,,291317.0,4104200.0,,7884500.0,,,1868200.0,138726,,,3633400.0,,10958000.0,,15988800.0,,38032000.0,,17429400.0,,,,5512100.0,,10201100.0,,7062900.0,,,,4285700.0,,6062500.0,,3897300.0,610829,2938600.0,,19071600.0,,4008800.0,0.0,3906700.0,,7800.0,,189.0,2942600.0,,,5721000.0,,33217800.0,,37995700.0,,2364700.0,,,3998500.0,,983.0,27304400.0,,,,29735900.0,,16322100.0,,,3284200.0,,69504600.0,,1580000.0,,18897300.0,,31655900.0,,7506600.0,,12925000.0,,10666100.0,,,2018000.0,,9900.0,,,,1438300.0,,3792700.0,,9530200.0,,,9508400.0,157661,,25511700.0,,20974300.0,0.0,14116000.0,,17612600.0,,3386000.0,,571800.0,,,,9224300.0,,29205000.0,,55895.0,17753800.0,,5512500.0,1757,192953600.0,,9250600.0,,5190200.0,,6976800.0,,0.0,5331700.0,,,,816100.0,439112.0,10.0,86455200.0,,,8770900.0,,9788800.0,,,,47226300.0,,6944400.0,,36961400.0,,21781500.0,,,,,,203.0,,,,40092300.0,,8858900.0,781120.0,1411000.0,,9639000.0,,,,46060200.0,,6992500.0,,136539700.0,,36025.0,,,,72588500.0,,22006040.0,,,12.0,,,236800.0,,,3697400.0,,11699000.0,,130539600.0,,120146400.0,,12228200.0,,2372000.0,,7939400.0,,1815600.0,,17446900.0,,1214700.0,,736300.0,,2894780.0,,6316000.0,,6457200.0,95799,6374500.0,2.0,7146900.0,,17180900.0,,,,15176400.0,,19028000.0,,30.0,,,,3780900.0,123.0
2025-05-28,3161188.0,611926.0,17516283.0,403093.0,727369.0,753656.0,561303.0,11074770.0,16813826.0,76857212.0,202977342.0,30626087.0,44849657.0,,20317510.0,2913800.0,,45339700.0,,2246500.0,,3388300.0,,6727200.0,,27483700.0,,28549800.0,,6778300.0,,5937400.0,,1244000.0,,7740700.0,,20443000.0,,175300.0,,11707700.0,,,,2561800.0,,6964800.0,,,,9100.0,,,,3613900.0,,,,,2228800.0,,,17817.0,1924400.0,0.0,,,1301100.0,,,260374.0,4536400.0,,8305300.0,,,1674700.0,135317,,,2330900.0,,12758600.0,,11573600.0,,27833900.0,,13814500.0,,,,4618400.0,,5787900.0,,5457200.0,,,,6426900.0,,5543800.0,,2648900.0,731227,4630600.0,,14661500.0,,2639100.0,0.0,2337000.0,,5100.0,,127758.0,3318100.0,,,4834200.0,,45300400.0,,34784000.0,,2001900.0,,,2986100.0,,1034.0,19725300.0,,,,17994200.0,,10687900.0,,,2318400.0,,46096500.0,,812800.0,,10761900.0,,26046700.0,,5535400.0,,9057000.0,,8710900.0,,,3188000.0,,4500.0,,,,1531300.0,,2948800.0,,9464100.0,,,9042900.0,210822,,23421200.0,,17086300.0,0.0,9936800.0,,10500300.0,,4020000.0,,829800.0,,,,7801800.0,,18559000.0,,204259.0,10924800.0,,4966500.0,837,304021100.0,,7864700.0,,13061000.0,,8090700.0,,3532.0,3869000.0,,,,531200.0,440967.0,60.0,64866000.0,,,6292100.0,,7032300.0,,,,46637200.0,,5399900.0,,23048100.0,,30832500.0,,,,,,656.0,,,,39353300.0,,10739500.0,1019850.0,1055800.0,,4370900.0,,,,56645000.0,,6134800.0,,126785300.0,,29252.0,,,,68445500.0,,16484940.0,,,12.0,,,165400.0,,,2711200.0,,7915500.0,,132542600.0,,91404300.0,,17787600.0,,2077600.0,,5752800.0,,1604750.0,,13810300.0,,502500.0,,544000.0,,1752120.0,,3299000.0,,5920500.0,91948,6782100.0,5.0,4895100.0,,11220100.0,,,,8407900.0,,29552600.0,,0.0,,,,2481400.0,0.0
2025-05-29,3827689.0,1093538.0,12936810.0,209243.0,649059.0,1044115.0,371386.0,13905920.0,19368449.0,70158966.0,141573959.0,42242218.0,110427776.0,,10875128.0,2613000.0,,51396800.0,,1780400.0,,3732700.0,,6845600.0,,30501400.0,,34650000.0,,5134100.0,,7425900.0,,1166000.0,,9682500.0,,20743700.0,,139000.0,,12356300.0,,,,4624200.0,,8337700.0,,,,0.0,,,,3656000.0,,,,,2208800.0,,,10456.0,2290300.0,0.0,,,1122000.0,,,299859.0,3934500.0,,7673400.0,,,2016700.0,135367,,,4428000.0,,28053100.0,,13296000.0,,38491000.0,,13982800.0,,,,14396000.0,,9682100.0,,10729200.0,,,,3270800.0,,3182000.0,,4164400.0,745202,4841500.0,,20187500.0,,3631700.0,0.0,2629000.0,,11600.0,,24370.0,4291100.0,,,5306700.0,,15819000.0,,29317300.0,,1736100.0,,,3034800.0,,1046.0,15830600.0,,,,21300500.0,,15549200.0,,,2295000.0,,66372200.0,,1141600.0,,9431800.0,,32749500.0,,5081200.0,,9323000.0,,10291100.0,,,3540000.0,,4700.0,,,,1750100.0,,2785500.0,,8238500.0,,,8858800.0,195774,,38742400.0,,13974800.0,0.0,10175500.0,,14628700.0,,3066000.0,,2167500.0,,,,11182600.0,,33007000.0,,180662.0,13198400.0,,6329500.0,14750,369241900.0,,8993300.0,,7426000.0,,6994700.0,,550.0,4498200.0,,,,405800.0,488753.0,30.0,62929100.0,,,7058300.0,,5980700.0,,,,58513300.0,,10689400.0,,25175200.0,,16266100.0,,,,,,686.0,,,,35885100.0,,9120100.0,810595.0,1501900.0,,3800900.0,,,,50198700.0,,10688600.0,,179820200.0,,40427.0,,,,69973300.0,,22330460.0,,,12.0,,,217900.0,,,1803100.0,,10305900.0,,193248800.0,,88087800.0,,14609900.0,,2137500.0,,4533800.0,,1531530.0,,38116300.0,,716600.0,,686700.0,,3322320.0,,4590400.0,,5908200.0,90910,4570900.0,1.0,4730300.0,,14338000.0,,,,8963700.0,,23792800.0,,0.0,,,,1906400.0,391.0
2025-05-30,4826628.0,781444.0,26219683.0,495787.0,989028.0,745194.0,592255.0,7705176.0,28284004.0,38005610.0,206927837.0,21296641.0,67729328.0,,12985112.0,5025600.0,,70819900.0,,4231300.0,,11139300.0,,15273600.0,,36088500.0,,51679400.0,,7840300.0,,5786600.0,,1785400.0,,9399200.0,,27088600.0,,188700.0,,17213200.0,,,,3325300.0,,9787800.0,,,,1400.0,,,,9153100.0,,,,,6191200.0,,,63546.0,4867100.0,0.0,,,2302900.0,,,384927.0,3714700.0,,6070900.0,,,5403800.0,138323,,,4681600.0,,12388500.0,,17954800.0,,23532800.0,,25829000.0,,,,19208000.0,,12881100.0,,10091200.0,,,,8558000.0,,5838900.0,,3364500.0,719994,4386800.0,,24763900.0,,4449200.0,0.0,2014200.0,,23400.0,,2213.0,5092500.0,,,12836700.0,,10227800.0,,52639900.0,,2129500.0,,,4110400.0,,1648.0,41060700.0,,,,35691700.0,,26151300.0,,,9668900.0,,114281900.0,,2362400.0,,11744500.0,,37768900.0,,10977700.0,,17177000.0,,28019500.0,,,3274000.0,,3500.0,,,,3313600.0,,6106200.0,,19191600.0,,,16241000.0,401606,,48347500.0,,34770500.0,0.0,12564000.0,,23758200.0,,3582000.0,,1911600.0,,,,8109500.0,,46968000.0,,131545.0,18861200.0,,13319500.0,449,333170900.0,,11194200.0,,17600700.0,,17547900.0,,6.0,11419700.0,,,,744600.0,559746.0,0.0,185897600.0,,,14937200.0,,13755600.0,,,,67662800.0,,7555500.0,,40113300.0,,12706300.0,,,,,,380.0,,,,34887500.0,,11064700.0,1042371.0,5499600.0,,7077500.0,,,,60735700.0,,6792800.0,,194058700.0,,47911.0,,,,90601200.0,,25959760.0,,,12.0,,,316900.0,,,3849100.0,,9310300.0,,187118200.0,,123474900.0,,11998300.0,,3647800.0,,15101100.0,,1789160.0,,29050900.0,,338100.0,,1394800.0,,4620060.0,,8726900.0,,6935600.0,56044,7402800.0,1.0,5702600.0,,29980100.0,,,,15780500.0,,31038600.0,,,,,,5485300.0,346.0
2025-05-31,,,,,,,,,,,,,,,,,,,,,,,,,,,,,,,,,,,,,,,,,,,,,,,,,,,,,,,,,,,,,,,,,,0.0,,,,,,,,,,,,,135199,,,,,,,,,,,,,,,,,,,,,,,,,,,,576463,,,,,,0.0,,,,,,,,,,,,,,,,,,,,,,,,,,,,,,,,,,,,,,,,,,,,,,,,,,,,,,,,,,,,,174149,,,,,0.0,,,,,,,,,,,,,,,,,,,284,,,,,,,,,,,,,,,641294.0,,,,,,,,,,,,,,,,,,,,,,,,,,,,,,3855687.0,,,,,,,,,,,,,,,,,,,,,,12.0,,,,,,,,,,,,,,,,,,,,,,,,,,,,,,,,,89600,,1.0,,,,,,,,,,,,,,,,392.0
2025-06-01,,,,,,,,,,,,,,,,,,,,,,,,,,,,,,,,,,,,,,,,,,,,,,,,,,,,,,,,,,,,,,,,,,0.0,,,,,,,,,,,,,137100,,,,,,,,,,,,,,,,,,,,,,,,,,,,1019773,,,,,,0.0,,,,,,,,,,,,,,,,,,,,,,,,,,,,,,,,,,,,,,,,,,,,,,,,,,,,,,,,,,,,,147010,,,,,0.0,,,,,,,,,,,,,,,,,,,2957,,,,,,,,,,,,,,,608962.0,,,,,,,,,,,,,,,,,,,,,,,,,,,,,,1058323.0,,,,,,,,,,,,,,,,,,,,,,12.0,,,,,,,,,,,,,,,,,,,,,,,,,,,,,,,,,90585,,3.0,,,,,,,,,,,,,,,,0.0
2025-06-02,1775752.0,538182.0,12870515.0,204952.0,408085.0,428944.0,251758.0,7397312.0,13086586.0,24284744.0,90313999.0,,29861371.0,,6491406.0,1896400.0,,35423300.0,,4153700.0,,2897200.0,,5875300.0,,34078400.0,,29113300.0,,6202100.0,,3297500.0,,812600.0,,7858900.0,,19197000.0,,270100.0,,13147200.0,,,,3497800.0,,5666400.0,,,,0.0,,,,4914000.0,,,,,3007800.0,,,57349.0,2552700.0,0.0,,,2591300.0,,,403580.0,2547900.0,,6188000.0,,,2148000.0,137263,,,7245100.0,,9213500.0,,13933600.0,,26269100.0,,15816000.0,,,,9027600.0,,7546800.0,,25392200.0,,,,5304500.0,,6737600.0,,2989700.0,852338,3278500.0,,20035500.0,,2670600.0,0.0,2382400.0,,13200.0,,976.0,2514400.0,,,5081800.0,,7430700.0,,38612300.0,,1221200.0,,,2506900.0,,679.0,36132400.0,,,,30252600.0,,15657300.0,,,2831900.0,,67885500.0,,1256800.0,,10105000.0,,30334300.0,,6011200.0,,8646000.0,,10202700.0,,,2836000.0,,1200.0,,,,1800300.0,,2946900.0,,8246300.0,,,15766300.0,414591,,18270300.0,,16626500.0,0.0,8102800.0,,16850300.0,,5318000.0,,545400.0,,,,17309200.0,,22942000.0,,199977.0,13350300.0,,5013000.0,104624,197663100.0,,16807900.0,,35215700.0,,7166000.0,,10.0,4411500.0,,,,585500.0,536593.0,0.0,93218700.0,,,7518200.0,,6419500.0,,,,44762800.0,,4539400.0,,27357400.0,,10757100.0,,,,,,188.0,,,,25940400.0,,4719900.0,474621.0,1621000.0,,4476900.0,,,,53500300.0,,6198500.0,,103937000.0,,33136.0,,,,61630500.0,,18383780.0,,,12.0,,,394500.0,,,2453000.0,,7387500.0,,137925400.0,,81873800.0,,7447400.0,,2472600.0,,5648300.0,,1514430.0,,17047000.0,,369000.0,,1614000.0,,2561860.0,,3845700.0,,4001800.0,93278,4214600.0,0.0,6487700.0,,16999200.0,,,,13023100.0,,32031000.0,,,,,,2423000.0,0.0
2025-06-03,,,,,,,,,14609189.0,43268609.0,166500674.0,18333010.0,31827489.0,,12361361.0,3519200.0,,46381600.0,,2737500.0,,3533700.0,,6355400.0,,37161500.0,,33139100.0,,4651300.0,,3445700.0,,1085100.0,,10494300.0,,30380200.0,,493900.0,,14008900.0,,,,7376700.0,,5316800.0,,,,7400.0,,,,5923100.0,,,,,3935900.0,,,43536.0,2614300.0,0.0,,,2690800.0,,,291260.0,3187700.0,,9946400.0,,,1992900.0,137994,,,22645800.0,,7838500.0,,30528800.0,,53920700.0,,15156900.0,,,,6643900.0,,9738800.0,,9982100.0,,,,6931800.0,,3350700.0,,2517000.0,663374,3878400.0,,25619600.0,,3175100.0,0.0,2883600.0,,11900.0,,6410.0,3476900.0,,,5172600.0,,6086500.0,,45084900.0,,1730300.0,,,3359500.0,,1484.0,114947700.0,,,,43343500.0,,27275600.0,,,2494700.0,,80401900.0,,1929600.0,,13802100.0,,37702200.0,,6998400.0,,9432000.0,,20139800.0,,,4680000.0,,2100.0,,,,1851100.0,,3056500.0,,8920700.0,,,11585000.0,235820,,19286600.0,,15743800.0,0.0,11351800.0,,22757600.0,,5118000.0,,866700.0,,,,12101600.0,,23638000.0,,139410.0,16226500.0,,5118500.0,555,225578800.0,,8822700.0,,31332400.0,,7155300.0,,0.0,4820900.0,,,,599800.0,588352.0,54.0,91297700.0,,,7316400.0,,6164100.0,,,,44070300.0,,5462500.0,,22945600.0,,12186500.0,,,,,,14.0,,,,41728700.0,,7518700.0,409842.0,1294000.0,,4063000.0,,,,54104400.0,,5805100.0,,158644000.0,,42269.0,,,,63606200.0,,16610880.0,,,12.0,,,314900.0,,,2151300.0,,6993300.0,,128728400.0,,99324500.0,,9548300.0,,1832200.0,,5612600.0,,1818090.0,,25668400.0,,671200.0,,1229400.0,,2286300.0,,5221300.0,,8438200.0,95754,5635300.0,0.0,6226700.0,,15598600.0,,,,12771400.0,,30352600.0,,,,,,2383600.0,0.0
2025-06-04,5108674.0,577325.0,19649983.0,309432.0,817069.0,798872.0,593895.0,10197240.0,18378499.0,30988572.0,176765410.0,61162487.0,60551727.0,,14472197.0,2137100.0,,43604000.0,,1843400.0,,3552800.0,,5990600.0,,31025000.0,,29915600.0,,4804600.0,,2473400.0,,1160000.0,,32676900.0,,31536000.0,,229900.0,,18115500.0,,,,6535900.0,,4840200.0,,,,5000.0,,,,5297600.0,,,,,2433900.0,,,56182.0,1616300.0,0.0,,,4094900.0,,,321128.0,2627600.0,,6026800.0,,,1422100.0,137788,,,11022700.0,,7372500.0,,61814400.0,,55448700.0,,14770900.0,,,,4536200.0,,5614900.0,,6015100.0,,,,6285400.0,,5388400.0,,3558700.0,407569,8720000.0,,21661600.0,,2612500.0,0.0,3596800.0,,13300.0,,207.0,2193600.0,,,4505300.0,,7314000.0,,26900800.0,,1294900.0,,,2428800.0,,940.0,60443200.0,,,,31915100.0,,45635500.0,,,2588600.0,,71166500.0,,2000000.0,,13650700.0,,27225300.0,,5915700.0,,8395000.0,,13565900.0,,,7372000.0,,3900.0,,,,4864900.0,,3135900.0,,7992200.0,,,14031900.0,85404,,26990200.0,,14162700.0,0.0,8472200.0,,14595900.0,,5922000.0,,914100.0,,,,14745600.0,,23594000.0,,126093.0,12053900.0,,3589000.0,10219,167120800.0,,6917000.0,,24423000.0,,6375800.0,,27.0,3360600.0,,,,395700.0,467893.0,120.0,97306300.0,,,7712300.0,,7143800.0,,,,41359300.0,,8683400.0,,26241100.0,,11683000.0,,,,,,164.0,,,,31201600.0,,7258700.0,378786.0,1860500.0,,6648500.0,,,,54412400.0,,3289800.0,,146325300.0,,42433.0,,,,57314200.0,,14752500.0,,,12.0,,,454000.0,,,2472000.0,,11278800.0,,128889000.0,,98912100.0,,13531100.0,,1757500.0,,5780600.0,,1384080.0,,20080500.0,,437900.0,,3823900.0,,2525120.0,,4202300.0,,5005700.0,80439,4739600.0,109.0,6609600.0,,11115600.0,,,,8291000.0,,44939200.0,,,,,,1829800.0,0.0
2025-06-05,5768506.0,797915.0,23266027.0,956814.0,911249.0,1122713.0,458239.0,12933070.0,19329282.0,64023855.0,130837735.0,67768048.0,56000955.0,,17985477.0,3057400.0,,55126100.0,,2275500.0,,4126900.0,,7386800.0,,34091000.0,,51864200.0,,5973700.0,,3549800.0,,1506500.0,,29674100.0,,41970900.0,,267000.0,,15332200.0,,,,5330000.0,,10542800.0,,875100.0,,6800.0,,,,5154900.0,,,,,2456300.0,,,38658.0,1753300.0,0.0,,,11619300.0,,,232423.0,2347800.0,,11971900.0,,,3289400.0,234342,47192000.0,,7599100.0,,8642900.0,,24713200.0,,50579600.0,,17025200.0,,,,5435000.0,,8547200.0,,10641400.0,,,,6642300.0,,5196900.0,,3943700.0,491338,8426200.0,,29978700.0,,2961800.0,0.0,4858300.0,,5600.0,,731.0,2443700.0,,,3484700.0,,6322800.0,,36379100.0,,2086700.0,,,2324100.0,,541.0,36763300.0,,,,64664700.0,,23709700.0,,,2658400.0,,72458400.0,,1667200.0,,14140500.0,,35728700.0,,8173800.0,,16189000.0,,13531400.0,,,9070000.0,,3000.0,,,,3461800.0,,3636400.0,,10907700.0,,,13083100.0,175443,,23426600.0,,20131700.0,0.0,11871400.0,,28833700.0,,11358000.0,,1779000.0,,,,58899400.0,,28172000.0,,208764.0,14500600.0,,4512000.0,2683,231397900.0,,5090500.0,,30765200.0,,7707800.0,,41.0,3544900.0,,,,500900.0,730587.0,467.0,131055900.0,,,6323600.0,,5605500.0,,,,61031200.0,,6172500.0,,34888200.0,,27953900.0,,,,,,55.0,,,,40439400.0,,8054100.0,381330.0,5456000.0,,5230300.0,,,,70633900.0,,4173500.0,,187397100.0,,55019.0,,,,92278700.0,,28965460.0,,,12.0,,,289500.0,,,2336600.0,,10003200.0,,198008800.0,,287499800.0,,12214300.0,,2340200.0,,6017700.0,,1768370.0,,33304500.0,,308700.0,,4088900.0,,4842800.0,,6881900.0,,4812000.0,78579,10981500.0,7.0,5167000.0,,15817100.0,,,,8085900.0,,27655000.0,,,,,,1716300.0,0.0
2025-06-06,,,,,,,,,13137101.0,155364645.0,125424396.0,46803762.0,41913440.0,,9719916.0,2508100.0,,46607700.0,,2146900.0,,2852300.0,,5717500.0,,27042100.0,,39832500.0,,5495500.0,,3212500.0,,1345100.0,,14295500.0,,41146700.0,,191100.0,,9753200.0,,,,5254100.0,,7249800.0,,241300.0,,0.0,,,,3948300.0,,,,,3676400.0,,,39490.0,1608000.0,0.0,,,3207200.0,,,310133.0,2035200.0,,7360200.0,,,1855400.0,189912,60706300.0,,4141000.0,,7507000.0,,17372000.0,,23229900.0,,20943800.0,,,,4037500.0,,5790700.0,,11951800.0,,,,4755900.0,,3500400.0,,2015700.0,495487,3355700.0,,19984200.0,,2356300.0,0.0,1787800.0,,8500.0,,81.0,2101100.0,,,3639000.0,,4379300.0,,35731800.0,,1675900.0,,,2349700.0,,458.0,41606400.0,,,,66229100.0,,14262900.0,,,2495200.0,,70072800.0,,1680800.0,,26504500.0,,32144500.0,,7738100.0,,9963000.0,,9524000.0,,,4736000.0,,1100.0,,,,1694600.0,,2069900.0,,7877800.0,,,11728000.0,103453,,22926300.0,,15285600.0,0.0,9384200.0,,20710100.0,,9146000.0,,993600.0,,,,19955700.0,,25570000.0,,180631.0,9334600.0,,4798500.0,2265,153986200.0,,9549900.0,,23804900.0,,6833700.0,,0.0,3306200.0,,,,765300.0,530673.0,164.0,87175100.0,,,7240200.0,,5794700.0,,,,42467000.0,,6773400.0,,24451500.0,,34136500.0,,,,,,367.0,,,,25509600.0,,5589700.0,414655.0,10955500.0,,3798900.0,,,,63286700.0,,2952300.0,,114398700.0,,30519.0,,,,66588700.0,,18940740.0,,,0.0,,,220800.0,,,3122500.0,,9804900.0,,131215400.0,,164747700.0,,8532000.0,,1497000.0,,5338800.0,,1535900.0,,28172700.0,,1401500.0,,3270600.0,,2871560.0,,5008500.0,,5377100.0,102646,5952100.0,129.0,3608200.0,,15599300.0,,,,10003500.0,,28556800.0,,,,,,2342600.0,0.0
2025-06-07,,,,,,,,,,,,,,,,,,,,,,,,,,,,,,,,,,,,,,,,,,,,,,,,,,,,,,,,,,,,,,,,,,0.0,,,,,,,,,,,,,153057,,,,,,,,,,,,,,,,,,,,,,,,,,,,266127,,,,,,0.0,,,,,,,,,,,,,,,,,,,,,,,,,,,,,,,,,,,,,,,,,,,,,,,,,,,,,,,,,,,,,60115,,,,,0.0,,,,,,,,,,,,,,,,,,,1488,,,,,,,,,,,,,,,531515.0,,,,,,,,,,,,,,,,,,,,,,,,,,,,,,539181.0,,,,,,,,,,,,,,,,,,,,,,0.0,,,,,,,,,,,,,,,,,,,,,,,,,,,,,,,,,100165,,9.0,,,,,,,,,,,,,,,,29.0
2025-06-08,,,,,,,,,,,,,,,,,,,,,,,,,,,,,,,,,,,,,,,,,,,,,,,,,,,,,,,,,,,,,,,,,,0.0,,,,,,,,,,,,,272057,,,,,,,,,,,,,,,,,,,,,,,,,,,,352641,,,,,,0.0,,,,,,,,,,,,,,,,,,,,,,,,,,,,,,,,,,,,,,,,,,,,,,,,,,,,,,,,,,,,,62249,,,,,0.0,,,,,,,,,,,,,,,,,,,64423,,,,,,,,,,,,,,,619679.0,,,,,,,,,,,,,,,,,,,,,,,,,,,,,,464630.0,,,,,,,,,,,,,,,,,,,,,,0.0,,,,,,,,,,,,,,,,,,,,,,,,,,,,,,,,,60552,,6.0,,,,,,,,,,,,,,,,0.0
2025-06-09,3666084.0,1665140.0,19609659.0,449209.0,1407038.0,689244.0,452130.0,12580880.0,18481403.0,108633090.0,122376420.0,72691572.0,59982755.0,,12279461.0,2281800.0,,72862600.0,,3034200.0,,2650700.0,,6320000.0,,55437700.0,,38102500.0,,7829200.0,,6864600.0,,1769400.0,,34436400.0,,25334100.0,,403700.0,,10410600.0,,,,3603700.0,,8418400.0,,286500.0,,2200.0,,,,3987500.0,,,,,3061700.0,,,35213.0,2147100.0,0.0,,,3397400.0,,,235900.0,2345900.0,,6064800.0,,,1696700.0,142708,45521100.0,,6553700.0,,5728300.0,,10898400.0,,29451700.0,,13689800.0,,,,5123700.0,,7960400.0,,6908000.0,,,,4877300.0,,3937900.0,,10128200.0,560495,5771800.0,,20783100.0,,3827600.0,0.0,2321500.0,,14800.0,,1887.0,2346900.0,,,4037500.0,,5836200.0,,28935900.0,,1610700.0,,,2619700.0,,487.0,27510800.0,,,,65748800.0,,13415500.0,,,4331500.0,,92893900.0,,1965600.0,,19349600.0,,33984400.0,,8285000.0,,15298000.0,,12281300.0,,,9532000.0,,4300.0,,,,1273900.0,,2262200.0,,14496200.0,,,12773200.0,476217,,19351800.0,,16469900.0,0.0,10924600.0,,20159700.0,,4404000.0,,797700.0,,,,33822200.0,,24031000.0,,215678.0,8572000.0,,4539000.0,3285,185114500.0,,10885800.0,,43161800.0,,9668900.0,,20.0,2566500.0,,,,475900.0,662711.0,1.0,74785600.0,,,6166500.0,,10589400.0,,,,33688700.0,,5636100.0,,27172700.0,,60217100.0,,,,,,28.0,,,,27406300.0,,10841400.0,387357.0,10990300.0,,3548200.0,,,,62639300.0,,3611200.0,,162686000.0,,47198.0,,,,53016400.0,,14402980.0,,,0.0,,,170800.0,,,3667900.0,,5765200.0,,100363800.0,,140908900.0,,11472300.0,,1426200.0,,6869700.0,,1395960.0,,22780800.0,,3696000.0,,4772900.0,,1806340.0,,4999900.0,,5820400.0,104102,6549900.0,6.0,4917200.0,,13655700.0,,,,11540800.0,,28680400.0,,,,,,1965900.0,73.0
2025-06-10,3718655.0,998951.0,15305760.0,350480.0,911907.0,801422.0,640483.0,9797525.0,17039003.0,74858035.0,115707297.0,47918671.0,55184136.0,,14824005.0,2797100.0,,54672600.0,,2627400.0,,2461500.0,,5711600.0,,41691900.0,,31303300.0,,4949300.0,,4544100.0,,1715500.0,,21288700.0,,25491300.0,,251800.0,,8892800.0,,,,4701000.0,,5924700.0,,47000.0,,2200.0,,,,3951500.0,,,,,3665100.0,,,40266.0,1894300.0,0.0,,,3878800.0,,,279021.0,1947400.0,,5858000.0,,,2255000.0,154596,25517800.0,,6852000.0,,6309700.0,,9890000.0,,24264300.0,,17214900.0,,,,8661400.0,,18948400.0,,11501400.0,,,,6075000.0,,3281000.0,,9573700.0,419879,3962600.0,,20745100.0,,3697900.0,0.0,2252800.0,,12300.0,,65.0,3944400.0,,,2811000.0,,11974400.0,,61766100.0,,1376400.0,,,3014900.0,,342.0,38352500.0,,,,39178600.0,,12940900.0,,,5163500.0,,171457000.0,,5487200.0,,14165200.0,,30182200.0,,7538100.0,,15155000.0,,12265000.0,,,6610000.0,,12400.0,,,,2069000.0,,4744400.0,,11118900.0,,,10850100.0,1073379,,14948700.0,,15375900.0,0.0,7074800.0,,22949400.0,,9382000.0,,505200.0,,,,21894600.0,,44544000.0,,179312.0,7443600.0,,5946000.0,5961,155881900.0,,13076800.0,,32790800.0,,11056700.0,,7.0,2971900.0,,,,528100.0,847685.0,1.0,69308900.0,,,9510700.0,,9068400.0,,,,40664800.0,,5631200.0,,19586300.0,,30798100.0,,,,,,133.0,,,,21494900.0,,9763000.0,448264.0,4056300.0,,3598100.0,,,,57460300.0,,3360200.0,,142811000.0,,43605.0,,,,66247000.0,,15235820.0,,,0.0,,,111000.0,,,3161700.0,,5189400.0,,122693000.0,,151256500.0,,14514000.0,,1596600.0,,6247700.0,,1233340.0,,24494800.0,,913000.0,,4364900.0,,2219660.0,,4109300.0,,7573000.0,95643,7168100.0,5.0,4077300.0,,17162500.0,,,,12066900.0,,46092200.0,,,,,,2011100.0,0.0
2025-06-11,4230421.0,649618.0,13610734.0,366885.0,512085.0,1722126.0,514323.0,6636335.0,14784979.0,51654518.0,147412093.0,34304423.0,41562132.0,,18342406.0,3877500.0,,60989900.0,,3385400.0,,4590400.0,,6133200.0,,32261900.0,,39326000.0,,3598500.0,,3594100.0,,1365900.0,,12905900.0,,24599000.0,,658300.0,,10443100.0,,,,4465600.0,,6237600.0,,44600.0,,3300.0,,,,4595900.0,,,,,3233400.0,,,58118.0,2551700.0,0.0,,,2769200.0,,,378473.0,1941600.0,,5986100.0,,,2459800.0,229619,26481400.0,,6729700.0,,6568100.0,,11026000.0,,25772800.0,,20442600.0,,,,5436500.0,,10439200.0,,8741300.0,,,,6244800.0,,3675400.0,,4928100.0,595245,6496500.0,,26801600.0,,4102900.0,0.0,2234100.0,,5500.0,,2106.0,3100400.0,,,2962500.0,,18039200.0,,31646800.0,,2063600.0,,,3793500.0,,537.0,28327000.0,,,,34056700.0,,12487100.0,,,4656000.0,,146784500.0,,12785600.0,,28921400.0,,31113400.0,,7434100.0,,16504000.0,,12718500.0,,,6956000.0,,800.0,,,,1799700.0,,3125400.0,,10646500.0,,,9582500.0,742246,,13885500.0,,16399200.0,,6812200.0,,21614100.0,,7800000.0,,857400.0,,,,14439400.0,,23823000.0,,211742.0,11214200.0,,3714000.0,524,167694000.0,,9211600.0,,12197600.0,,18002900.0,,1.0,3463000.0,,,,972100.0,887778.0,200.0,97366000.0,,,7706100.0,,8859900.0,,,,53701000.0,,5988200.0,,20827200.0,,21283400.0,,,,,,33.0,,,,34008900.0,,12286000.0,384725.0,3891800.0,,5140200.0,,,,79569800.0,,4030900.0,,160395000.0,,42827.0,,,,73658200.0,,21144160.0,,,0.0,,,150100.0,,,2521800.0,,9044500.0,,181652000.0,,122611400.0,,13326400.0,,1277500.0,,5062100.0,,1866210.0,,15364200.0,,652100.0,,3799600.0,,4924900.0,,5562700.0,,5560400.0,102947,4411400.0,50.0,8870100.0,,16389600.0,,,,12058300.0,,48996600.0,,,,,,2050300.0,0.0
2025-06-12,4994238.0,885521.0,17755115.0,462595.0,624703.0,1700786.0,897232.0,10534350.0,13368048.0,75802499.0,142552461.0,86486899.0,41489094.0,,26362272.0,18448700.0,,43904600.0,,6313300.0,,2853700.0,,4468500.0,,44718400.0,,27640000.0,,6527800.0,,3244800.0,,999600.0,,9926900.0,,20410900.0,,6813500.0,,10204500.0,,,,3998100.0,,6131400.0,,103900.0,,41600.0,,,,3535200.0,,,,,2382800.0,,,60336.0,1571800.0,0.0,,,2160900.0,,,379394.0,1968800.0,,7725300.0,,,1720100.0,175254,13416500.0,,6875800.0,,8054000.0,,14080800.0,,15249000.0,,15160800.0,,,,5597700.0,,7980300.0,,6786600.0,,,,4679800.0,,2871200.0,,4948200.0,562629,4375300.0,,21141200.0,,4152400.0,0.0,1785000.0,,26400.0,,1818.0,2431900.0,,,4355100.0,,172324500.0,,20941900.0,,1634700.0,,,2921900.0,,447.0,34448000.0,,,,22611100.0,,12763100.0,,,3418000.0,,78175900.0,,3172000.0,,13934100.0,,25367000.0,,6618000.0,,10917000.0,,12806900.0,,,6158000.0,,1600.0,,,,1996900.0,,2271100.0,,5989700.0,,,7322700.0,739984,,11862600.0,,18950600.0,,9423900.0,,17076500.0,,5132000.0,,686400.0,,,,12573600.0,,20846000.0,,220853.0,14290800.0,,4241000.0,4,162365000.0,,10562500.0,,20835900.0,,54610000.0,,12.0,4159500.0,,,,865200.0,664953.0,61.0,56248200.0,,,8644600.0,,5689400.0,,,,34104900.0,,4824400.0,,14829200.0,,12967500.0,,,,,,51.0,,,,24671700.0,,6781900.0,283918.0,2052000.0,,5138800.0,,,,78524700.0,,3234300.0,,100384500.0,,31981.0,,,,64129000.0,,17800180.0,,,0.0,,,415800.0,,,2064500.0,,8719200.0,,126110000.0,,105127500.0,,9796100.0,,1441000.0,,3257600.0,,1464560.0,,18776100.0,,276400.0,,6554500.0,,2940700.0,,4874000.0,,6778700.0,103635,3608800.0,917.0,5242100.0,,17845700.0,,,,8451100.0,,34028200.0,,,,,,1954000.0,0.0
2025-06-13,4100610.0,933606.0,20705979.0,381735.0,1050533.0,1410001.0,931983.0,8973193.0,19085310.0,45675539.0,176077650.0,47488879.0,57660518.0,,16512370.0,4967100.0,,51447300.0,,10629700.0,,3499700.0,,5297100.0,,39702700.0,,29337800.0,,4351700.0,,3307700.0,,1742900.0,,22908900.0,,19028400.0,,856400.0,,13355100.0,,,,2815600.0,,8105500.0,,113600.0,,16100.0,,,,4001000.0,,,,,3021400.0,,,175031.0,1609600.0,0.0,,,1845200.0,,,715652.0,2329500.0,,7062700.0,,,1786000.0,358005,34013600.0,,4562700.0,,7659300.0,,10442800.0,,16515200.0,,14635000.0,,,,5137500.0,,13204900.0,,10173500.0,,,,3415900.0,,3509600.0,,3335600.0,1357408,5023500.0,,34874300.0,,3086600.0,0.0,4021400.0,,8300.0,,499.0,2433900.0,,,3578500.0,,59849900.0,,27663100.0,,1674800.0,,,3364400.0,,698.0,26398500.0,,,,27789300.0,,13037100.0,,,3243800.0,,87655900.0,,2736000.0,,14358100.0,,60580000.0,,7098300.0,,18322000.0,,17467200.0,,,8788000.0,,10800.0,,,,1667300.0,,2754600.0,,10979000.0,,,9274400.0,584028,,14159800.0,,16814500.0,,9378900.0,,17453000.0,,4662000.0,,548100.0,,,,14336500.0,,22103000.0,,133290.0,15360700.0,,6661000.0,4,180820600.0,,7491800.0,,29549600.0,,53707400.0,,0.0,3818500.0,,,,693000.0,1128831.0,4.0,93519000.0,,,16744400.0,,8446400.0,,,,55814400.0,,6509200.0,,26990400.0,,15593900.0,,,,,,90.0,,,,36493500.0,,11950200.0,342977.0,2755900.0,,3636500.0,,,,76753100.0,,5147300.0,,166989600.0,,46517.0,,,,89506000.0,,30116300.0,,,,,,437500.0,,,2736700.0,,10104800.0,,210666200.0,,128964300.0,,10152500.0,,2011400.0,,5138200.0,,2398360.0,,18003000.0,,384100.0,,3558000.0,,9469980.0,,14181700.0,,5900600.0,85139,10554500.0,77.0,6409900.0,,18694700.0,,,,11206500.0,,84194800.0,,,,,,2266900.0,214.0
2025-06-14,,,,,,,,,,,,,,,,,,,,,,,,,,,,,,,,,,,,,,,,,,,,,,,,,,,,,,,,,,,,,,,,,,0.0,,,,,,,,,,,,,228776,,,,,,,,,,,,,,,,,,,,,,,,,,,,557312,,,,,,0.0,,,,,,,,,,,,,,,,,,,,,,,,,,,,,,,,,,,,,,,,,,,,,,,,,,,,,,,,,,,,,133875,,,,,,,,,,,,,,,,,,,,,,,,4,,,,,,,,,,,,,,,569747.0,,,,,,,,,,,,,,,,,,,,,,,,,,,,,,492311.0,,,,,,,,,,,,,,,,,,,,,,,,,,,,,,,,,,,,,,,,,,,,,,,,,,,,,,,110099,,77.0,,,,,,,,,,,,,,,,0.0
2025-06-15,,,,,,,,,,,,,,,,,,,,,,,,,,,,,,,,,,,,,,,,,,,,,,,,,,,,,,,,,,,,,,,,,,0.0,,,,,,,,,,,,,163206,,,,,,,,,,,,,,,,,,,,,,,,,,,,434881,,,,,,0.0,,,,,,,,,,,,,,,,,,,,,,,,,,,,,,,,,,,,,,,,,,,,,,,,,,,,,,,,,,,,,92414,,,,,,,,,,,,,,,,,,,,,,,,4,,,,,,,,,,,,,,,529276.0,,,,,,,,,,,,,,,,,,,,,,,,,,,,,,420617.0,,,,,,,,,,,,,,,,,,,,,,,,,,,,,,,,,,,,,,,,,,,,,,,,,,,,,,,110801,,77.0,,,,,,,,,,,,,,,,0.0
2025-06-16,3760740.0,500547.0,22200872.0,315381.0,1159906.0,656104.0,394654.0,10145210.0,13784320.0,47517369.0,220357669.0,59369856.0,43857495.0,,18119938.0,5576800.0,,43020700.0,,6798300.0,,3180600.0,,6712900.0,,100968500.0,,33284200.0,,3544900.0,,4166300.0,,1454500.0,,17820800.0,,20363000.0,,435800.0,,10242900.0,,,,5358800.0,,6062200.0,,70200.0,,4000.0,,,,3937600.0,,,,,2584800.0,,,100509.0,1579800.0,0.0,,,1854300.0,,,367312.0,2312400.0,,12034700.0,,,2109300.0,173154,43781500.0,,6188900.0,,7177000.0,,10841200.0,,19757100.0,,16957700.0,,,,5292300.0,,9592100.0,,7289700.0,,,,4940500.0,,3040800.0,,3549900.0,501202,6176500.0,,27862100.0,,3016000.0,0.0,6583300.0,,10200.0,,480.0,2134800.0,,,4299300.0,,31522700.0,,27389200.0,,1870400.0,,,3688600.0,,649.0,42208900.0,,,,27114900.0,,13992300.0,,,3685300.0,,86745100.0,,5150400.0,,14675600.0,,28974000.0,,8566000.0,,16194000.0,,15045900.0,,,6402000.0,,8900.0,,,,2361100.0,,2821800.0,,11642100.0,,,13720300.0,223471,,19706100.0,,15626100.0,,8105200.0,,21374100.0,,5668000.0,,642600.0,,,,14505300.0,,21128000.0,,171746.0,15756000.0,,6154500.0,5228,183133700.0,,8181900.0,,18985400.0,,22665300.0,,10.0,4138000.0,,,,550800.0,476247.0,4.0,80779800.0,,,7195500.0,,8686300.0,,,,37622100.0,,8405100.0,,26498600.0,,13601300.0,,,,,,6.0,,,,33860900.0,,7497700.0,433594.0,2901800.0,,2579600.0,,,,65414100.0,,3965200.0,,121972300.0,,50205.0,,,,79984100.0,,18301660.0,,,,,,228400.0,,,4007700.0,,7468200.0,,116668600.0,,83925900.0,,10932900.0,,2220100.0,,5864500.0,,1668530.0,,12254200.0,,2263200.0,,2949600.0,,4540360.0,,7234700.0,,7553800.0,106913,5552500.0,240.0,10937300.0,,14881700.0,,,,9199000.0,,69406600.0,,,,,,1667800.0,0.0
2025-06-17,5044669.0,950447.0,28637003.0,475355.0,837169.0,1649989.0,451460.0,13232190.0,11524031.0,25379156.0,71275572.0,35823676.0,25920440.0,,23701171.0,4194800.0,,38856200.0,,6866300.0,,2829200.0,,6631400.0,,86623900.0,,32086300.0,,2960000.0,,5883200.0,,1422800.0,,12867300.0,,22014300.0,,472700.0,,10205700.0,,,,4143000.0,,8460400.0,,105900.0,,3200.0,,,,3956300.0,,,,,2664400.0,,,88748.0,1560100.0,0.0,,,1566500.0,,,154264.0,2110100.0,,9050800.0,,261357.0,1668200.0,144900,31234200.0,,6665700.0,,9110100.0,,13594800.0,,32381800.0,,18845200.0,,,,5968200.0,,9241200.0,,7767100.0,,,,5041600.0,,4327600.0,,4013800.0,391992,6376500.0,,31187000.0,,6489500.0,0.0,13128400.0,,41800.0,,1477.0,2160400.0,,,2983700.0,,24797600.0,,24973000.0,,1479300.0,,,4230100.0,,700.0,35241400.0,,,,26677500.0,,14023000.0,,,3069600.0,,87512200.0,,3080000.0,,15897900.0,,32843200.0,,6739300.0,,13340000.0,,15437000.0,,,6130000.0,,5400.0,,,,1870600.0,,2875600.0,,10229500.0,,,10066100.0,186469,,25313400.0,,15414100.0,,11218500.0,,20837700.0,,6058000.0,,741300.0,,,,11504800.0,,18921000.0,,163883.0,20993000.0,,4099000.0,2929,139108000.0,,8080000.0,,13661600.0,,17819200.0,,0.0,4132900.0,,,,513200.0,481570.0,0.0,70479100.0,,,7374300.0,,7146900.0,,,,42180900.0,,23521800.0,,21409600.0,,14498900.0,,,,,,60.0,,,,20761000.0,,7284700.0,432073.0,2914900.0,,2217900.0,,,,72249500.0,,4488000.0,,122379500.0,,43463.0,,,,82209400.0,,17891240.0,,,,,,145700.0,,,2998700.0,,7603000.0,,135418200.0,,88282700.0,,8389700.0,,1713100.0,,4656300.0,,1862730.0,,13677800.0,,505600.0,,3330100.0,,6346920.0,,5559600.0,,6102900.0,106389,9616500.0,180.0,6681700.0,,14935600.0,,,,11632800.0,,67884200.0,,,,,,1630300.0,0.0
2025-06-18,4081001.0,575644.0,17620705.0,419263.0,5706879.0,498372.0,559285.0,12608820.0,15187515.0,20269891.0,64270680.0,67826342.0,45725864.0,,16945727.0,10371100.0,,45394700.0,,4808900.0,,4531300.0,,4946900.0,,49627100.0,,44360500.0,,5816300.0,,3638400.0,,1372500.0,,21257500.0,,30435500.0,,220000.0,,14002300.0,,,,5149400.0,,5926000.0,,52500.0,,16000.0,,,,4893600.0,,,,,2688600.0,,,0.0,2000500.0,0.0,,,1496900.0,,,0.0,3647600.0,,37434300.0,,157360.0,1509600.0,141398,63566800.0,,9770900.0,,7628000.0,,11321200.0,,19866400.0,,22664200.0,,,,4671200.0,,8181200.0,,10403900.0,,,,6705700.0,,4523100.0,,3191700.0,420502,7474000.0,,14355700.0,,5223900.0,0.0,5249000.0,,7200.0,,0.0,2240200.0,,,3129900.0,,14712100.0,,28707500.0,,2423100.0,,,4453900.0,,0.0,43348400.0,,,,36185600.0,,18678700.0,,,3534100.0,,94200600.0,,3791200.0,,12109900.0,,42850500.0,,9586400.0,,14315000.0,,16227600.0,,,5138000.0,,5400.0,,,,2434800.0,,2442900.0,,9373900.0,,,10068300.0,167081,,55359800.0,,17526500.0,,9200500.0,,20180000.0,,3418000.0,,2117700.0,,,,10999800.0,,22810000.0,,0.0,12936100.0,,6047500.0,2604,161494100.0,,5462300.0,,10932700.0,,15055400.0,,0.0,3324500.0,,,,1021300.0,467722.0,0.0,58260200.0,,,20427700.0,,6708700.0,,,,43983500.0,,12180700.0,,15930900.0,,18457700.0,,,,,,0.0,,,,40654600.0,,7367400.0,417017.0,3351400.0,,4218200.0,,,,84597000.0,,2880500.0,,113893800.0,,40960.0,,,,76605000.0,,19887920.0,,,,,,204100.0,,,3291000.0,,8122100.0,,142661400.0,,95137700.0,,6932000.0,,2510600.0,,3742000.0,,1792140.0,,25976700.0,,956100.0,,2442000.0,,5885900.0,,15008600.0,,6331700.0,106210,6647400.0,180.0,5945700.0,,11333700.0,,,,9008100.0,,70473000.0,,,,,,1806800.0,0.0
2025-06-19,2317796.0,538891.0,16876278.0,433979.0,3810468.0,5141689.0,388030.0,11440480.0,19387767.0,32742037.0,92603544.0,62573477.0,61441168.0,,25407464.0,,,,,,,,,,,,,,,,,,,,,,,,,,,,,,,,,,,,,,,,,,,,,,,,,,,0.0,,,,,,,,,,,13202.0,,152457,,,,,,,,,,,,,,,,,,,,,,,,,,,,312745,,,,,,0.0,,,,,,,,,,,,,,,,,,,,,,,,,,,,,,,,,,,,,,,,,,,,,,,,,,,,,,,,,,,,,142620,,,,,,,,,,,,,,,,,,,,,,,,2274,,,,,,,,,,,,,,,465078.0,,,,,,,,,,,,,,,,,,,,,,,,,,,,,,514412.0,,,,,,,,,,,,,,,,,,,,,,,,,,,,,,,,,,,,,,,,,,,,,,,,,,,,,,,107361,,180.0,,,,,,,,,,,,,,,,0.0
2025-06-20,3597877.0,662635.0,18072251.0,455163.0,4889308.0,1220200.0,529685.0,11672070.0,20622275.0,21775904.0,88197055.0,49300523.0,45495479.0,,40999955.0,13947100.0,,96813500.0,,8126900.0,,8081000.0,,18396600.0,,79931000.0,,75350700.0,,8731800.0,,3798300.0,,2303900.0,,23527900.0,,42134900.0,,310400.0,,12737300.0,,,,2972700.0,,6255100.0,,54200.0,,7600.0,,,,7620400.0,,,,,4295600.0,,,98821.0,6268300.0,0.0,,,2813700.0,,,678377.0,2806500.0,,31468800.0,,18062.0,3255700.0,139160,92427200.0,,5532700.0,,12859200.0,,20732400.0,,31258700.0,,50421700.0,,,,9568400.0,,17180400.0,,14059900.0,,,,11018100.0,,5250800.0,,4283700.0,394104,7209500.0,,19646200.0,,6065200.0,0.0,9040500.0,,8000.0,,709.0,4002400.0,,,4933600.0,,19994200.0,,75659900.0,,4115400.0,,,8056500.0,,854.0,42237200.0,,,,37245800.0,,33361800.0,,,7677000.0,,133472800.0,,2480000.0,,31972100.0,,36978100.0,,13969700.0,,23478000.0,,40859400.0,,,8228000.0,,6100.0,,,,2104900.0,,6210600.0,,22925200.0,,,22538600.0,266167,,46009100.0,,37576200.0,,12821800.0,,29290400.0,,5762000.0,,1412700.0,,,,12670700.0,,53482000.0,,194501.0,12966600.0,,10038500.0,2071,242956200.0,,8213000.0,,14369000.0,,20879100.0,,1.0,8289200.0,,,,1856200.0,455918.0,5.0,87067000.0,,,18497900.0,,15501900.0,,,,61643500.0,,8787300.0,,28260200.0,,37066000.0,,,,,,2.0,,,,51588500.0,,11439900.0,518892.0,4762700.0,,4246300.0,,,,87552800.0,,8333700.0,,137078900.0,,44553.0,,,,94051400.0,,19692980.0,,,,,,160100.0,,,6559900.0,,7753000.0,,163355000.0,,108688000.0,,16992000.0,,3448500.0,,12910000.0,,1317710.0,,27472100.0,,781400.0,,6497600.0,,4730720.0,,19332100.0,,6689600.0,105317,9426300.0,0.0,14057500.0,,20604900.0,,,,8489200.0,,56744800.0,,,,,,3081200.0,0.0
2025-06-21,,,,,,,,,,,,,,,,,,,,,,,,,,,,,,,,,,,,,,,,,,,,,,,,,,,,,,,,,,,,,,,,,,0.0,,,,,,,,,,,12705.0,,161534,,,,,,,,,,,,,,,,,,,,,,,,,,,,441202,,,,,,0.0,,,,,,,,,,,,,,,,,,,,,,,,,,,,,,,,,,,,,,,,,,,,,,,,,,,,,,,,,,,,,171626,,,,,,,,,,,,,,,,,,,,,,,,4740,,,,,,,,,,,,,,,389689.0,,,,,,,,,,,,,,,,,,,,,,,,,,,,,,468442.0,,,,,,,,,,,,,,,,,,,,,,,,,,,,,,,,,,,,,,,,,,,,,,,,,,,,,,,75376,,388.0,,,,,,,,,,,,,,,,215.0
2025-06-22,,,,,,,,,,,,,,,,,,,,,,,,,,,,,,,,,,,,,,,,,,,,,,,,,,,,,,,,,,,,,,,,,,0.0,,,,,,,,,,,1816.0,,141507,,,,,,,,,,,,,,,,,,,,,,,,,,,,581549,,,,,,0.0,,,,,,,,,,,,,,,,,,,,,,,,,,,,,,,,,,,,,,,,,,,,,,,,,,,,,,,,,,,,,442071,,,,,,,,,,,,,,,,,,,,,,,,2895,,,,,,,,,,,,,,,376708.0,,,,,,,,,,,,,,,,,,,,,,,,,,,,,,386989.0,,,,,,,,,,,,,,,,,,,,,,,,,,,,,,,,,,,,,,,,,,,,,,,,,,,,,,,56522,,108.0,,,,,,,,,,,,,,,,167.0
2025-06-23,3398736.0,935001.0,16551694.0,283319.0,5050411.0,1265794.0,1370349.0,12359660.0,14252887.0,22337520.0,138863960.0,53502446.0,58256443.0,,27511659.0,6023600.0,,55814300.0,,3841800.0,,7162000.0,,6838800.0,,65152900.0,,37311700.0,,5498900.0,,4742300.0,,1302800.0,,21470900.0,,19747000.0,,173200.0,,12536500.0,,,,3685300.0,,9184300.0,,67500.0,,11400.0,,,,4141000.0,,,,,2927300.0,,,100475.0,2927400.0,0.0,,,2061600.0,,,728868.0,2853600.0,,17553700.0,,3333.0,2082900.0,147392,99128700.0,,7332500.0,,9283800.0,,17726800.0,,26820700.0,,34030000.0,,,,5987400.0,,8348000.0,,8010000.0,,,,5935100.0,,4849400.0,,3174300.0,416990,5724600.0,,20151700.0,,2758400.0,0.0,5245700.0,,12400.0,,30.0,3098000.0,,,4234400.0,,12120500.0,,57671000.0,,2020800.0,,,3862400.0,,819.0,176087900.0,,,,35289900.0,,25782800.0,,,3786200.0,,81461000.0,,2555200.0,,27106000.0,,35516400.0,,8094600.0,,14277000.0,,21822800.0,,,7832000.0,,4100.0,,,,1537500.0,,3951500.0,,12551300.0,,,11080100.0,258056,,26862100.0,,24864000.0,,10614700.0,,23399200.0,,6366000.0,,1554300.0,,,,12396000.0,,26673000.0,,102698.0,19214500.0,,5499500.0,2147,154308900.0,,15397900.0,,21290600.0,,13418400.0,,4.0,4478800.0,,,,685000.0,389385.0,50.0,70501100.0,,,11447900.0,,6860700.0,,,,50666100.0,,7057600.0,,22204000.0,,44056800.0,,,,,,7.0,,,,69270800.0,,10420100.0,364814.0,1791600.0,,3146800.0,,,,60990900.0,,8944600.0,,125143700.0,,48451.0,,,,87426000.0,,25653380.0,,,,,,243000.0,,,3744100.0,,10149900.0,,167572800.0,,190716800.0,,7535500.0,,1719000.0,,4565400.0,,2069640.0,,18407500.0,,523700.0,,1738800.0,,8112940.0,,7553300.0,,9121400.0,52761,4627000.0,440.0,11827100.0,,20432400.0,,,,11661300.0,,105688200.0,,,,,,1685700.0,0.0
2025-06-24,5436312.0,718116.0,23737899.0,546143.0,4326501.0,1183356.0,1168788.0,13522360.0,17768858.0,35634270.0,222470141.0,45000554.0,67005171.0,,18451317.0,5190800.0,,54064000.0,,4797100.0,,7533800.0,,7254500.0,,78572000.0,,38378800.0,,5303000.0,,5587300.0,,2039600.0,,20033600.0,,32764900.0,,588300.0,,17125100.0,,,,4609700.0,,5871200.0,,45900.0,,12700.0,,,,5111700.0,,,,,3950900.0,,,62358.0,3841800.0,0.0,,,2945300.0,,,541475.0,2656100.0,,29670900.0,,,2385100.0,146427,68222600.0,,6384900.0,,9713900.0,,14534000.0,,18343600.0,,23162700.0,,,,5034500.0,,8350200.0,,10165700.0,,,,9152500.0,,4095800.0,,3706500.0,369038,7190600.0,,26080300.0,,3862800.0,0.0,3548300.0,,7900.0,,538.0,2692600.0,,,4998100.0,,11660200.0,,40524300.0,,2307800.0,,,4089600.0,,506.0,63586500.0,,,,42266600.0,,12645900.0,,,4219100.0,,130368700.0,,3810400.0,,31954800.0,,31772500.0,,9267900.0,,11451000.0,,15216100.0,,,8494000.0,,1100.0,,,,2091000.0,,2788500.0,,12838800.0,,,13823200.0,399366,,26999800.0,,22305600.0,,10174900.0,,26420600.0,,9300000.0,,817800.0,,,,18080900.0,,26633000.0,,70983.0,17141500.0,,7570000.0,2158,187566100.0,,7386300.0,,14711400.0,,19030600.0,,0.0,4951800.0,,,,715100.0,456469.0,0.0,58574200.0,,,9500900.0,,7692700.0,,,,45442000.0,,6547800.0,,17736500.0,,28392600.0,,,,,,10.0,,,,58068400.0,,9035500.0,267682.0,1740600.0,,7206500.0,,,,64207300.0,,6395700.0,,137608000.0,,60106.0,,,,67735300.0,,16451180.0,,,,,,391500.0,,,5908400.0,,10461100.0,,113191600.0,,114736200.0,,14814700.0,,1943300.0,,7597800.0,,1614070.0,,38925100.0,,607200.0,,955400.0,,3685960.0,,10172000.0,,7544700.0,56647,6021000.0,409.0,8187600.0,,22403700.0,,,,9675700.0,,65358800.0,,,,,,3634100.0,0.0
2025-06-25,5466598.0,1789517.0,23933612.0,415635.0,2862461.0,2227465.0,514310.0,14993820.0,17592461.0,29555672.0,146460085.0,49245712.0,51771073.0,,14449694.0,8489900.0,,39525700.0,,3718800.0,,5739700.0,,5431800.0,,74607200.0,,31755700.0,,4109500.0,,4751000.0,,1400100.0,,23977600.0,,18894200.0,,400800.0,,12835500.0,,,,4071900.0,,4358100.0,,12200.0,,12200.0,,,,4260600.0,,,,,1911800.0,,,23618.0,1737700.0,,,,1821700.0,,,278504.0,5400200.0,,30154300.0,,,1827700.0,142008,49283200.0,,4578900.0,,6074300.0,,11830400.0,,17830200.0,,19395700.0,,,,3977600.0,,6976300.0,,8073800.0,,,,4787800.0,,3226100.0,,2320600.0,388513,5222000.0,,25971700.0,,4233100.0,0.0,4142500.0,,11500.0,,373.0,2476000.0,,,4268100.0,,9840700.0,,35479000.0,,1566400.0,,,4159600.0,,708.0,62880200.0,,,,38974900.0,,12015900.0,,,3862300.0,,64975100.0,,2587200.0,,26053200.0,,27725600.0,,6826900.0,,7720000.0,,12540400.0,,,6740000.0,,32300.0,,,,1381300.0,,3023100.0,,8690500.0,,,9320400.0,614167,,19426700.0,,17495100.0,,10606600.0,,39407000.0,,18990000.0,,912600.0,,,,14092800.0,,21465000.0,,74500.0,15345600.0,,5968500.0,18645,269146500.0,,13688100.0,,39187100.0,,11804600.0,,,3242300.0,,,,907100.0,387812.0,0.0,61435300.0,,,7851900.0,,5280100.0,,,,44804200.0,,9090200.0,,14584900.0,,22969800.0,,,,,,2.0,,,,86439500.0,,8480000.0,243365.0,2357900.0,,3550200.0,,,,68438900.0,,3554900.0,,107621600.0,,40017.0,,,,62114800.0,,13692440.0,,,,,,153600.0,,,3646000.0,,8376500.0,,101438200.0,,119845100.0,,9168400.0,,1526800.0,,4748300.0,,1352470.0,,17400800.0,,567000.0,,1242800.0,,1764160.0,,6836300.0,,5324500.0,58120,4530300.0,0.0,7049100.0,,11154700.0,,,,7246400.0,,43723000.0,,,,,,2826800.0,0.0
2025-06-26,5894020.0,814616.0,19402300.0,573696.0,4314779.0,4807495.0,393009.0,13922730.0,15000643.0,51535273.0,126954433.0,59978741.0,36118238.0,,10210470.0,5632800.0,,50799100.0,,3139700.0,,7538300.0,,5199700.0,,58180100.0,,50480800.0,,5305900.0,,4519600.0,,1705800.0,,14220000.0,,23569600.0,,500500.0,,8388000.0,,,,4175300.0,,5441400.0,,26900.0,,7600.0,,,,4212900.0,,,,,4384700.0,,,13057.0,2575100.0,,,,3138900.0,,,233771.0,5234800.0,,27371400.0,,66684.0,2262800.0,138389,45550300.0,,5153200.0,,6708000.0,,12068000.0,,17009600.0,,23154000.0,,,,9434800.0,,10439600.0,,8362800.0,,,,6989300.0,,4326300.0,,2709100.0,324979,4206100.0,,27289200.0,,5116100.0,0.0,6866500.0,,8900.0,,2058.0,2205700.0,,,2828600.0,,8778000.0,,31796700.0,,2849500.0,,,3187900.0,,17008.0,64363800.0,,,,25222500.0,,15446600.0,,,3621100.0,,63229300.0,,1515200.0,,34235700.0,,26261200.0,,8942100.0,,8647000.0,,14454100.0,,,5370000.0,,3100.0,,,,1708900.0,,3118200.0,,9477500.0,,,13964800.0,225654,,37440600.0,,21578900.0,,10202300.0,,62678100.0,,27750000.0,,1670700.0,,,,11533100.0,,26059000.0,,230496.0,24893700.0,,6022000.0,9722,198145700.0,,8142000.0,,31484600.0,,10531100.0,,82.0,5264900.0,,,,718500.0,465706.0,12298.0,69440500.0,,,10235600.0,,6278200.0,,,,43811400.0,,6587100.0,,17763100.0,,41601800.0,,,,,,43116.0,,,,72397600.0,,6789000.0,157389.0,3449600.0,,5086100.0,,,,73896800.0,,5198000.0,,92382200.0,,38299.0,,,,78548400.0,,13589540.0,,,,,,250400.0,,,2922900.0,,8292500.0,,100144200.0,,80440900.0,,7982200.0,,1667000.0,,4579200.0,,1697390.0,,23657800.0,,490900.0,,1793200.0,,1838620.0,,8829500.0,,5398100.0,56624,5930300.0,0.0,5717400.0,,19361400.0,,,,9316800.0,,33565600.0,,,,,,3431100.0,78.0
2025-06-27,5134863.0,764378.0,17340470.0,267773.0,2316733.0,1217448.0,434975.0,10455560.0,15181667.0,53669220.0,481216668.0,66277872.0,44855347.0,,8878888.0,8123800.0,,73188600.0,,5083800.0,,10062400.0,,14202800.0,,61937900.0,,119217100.0,,18537800.0,,7495500.0,,1201000.0,,31720800.0,,27477600.0,,305500.0,,12355500.0,,,,5084100.0,,5838100.0,,27000.0,,5400.0,,,,6129300.0,,,,,7633600.0,,,8218.0,4455000.0,,,,3397400.0,,,236284.0,4584200.0,,29000400.0,,51253.0,2129200.0,153292,48112100.0,,6193900.0,,21741400.0,,13865200.0,,17437600.0,,26224600.0,,,,7362000.0,,13435600.0,,13952700.0,,,,7445600.0,,10262600.0,,4126100.0,426260,6292100.0,,18680700.0,,31082300.0,0.0,5997400.0,,11500.0,,284.0,9150300.0,,,5295500.0,,11638200.0,,108140200.0,,3650500.0,,,5503700.0,,4809.0,83385600.0,,,,37005900.0,,17126500.0,,,3562500.0,,95542400.0,,3729600.0,,37868700.0,,47717300.0,,17868600.0,,11755000.0,,23470700.0,,,6320000.0,,16100.0,,,,2785300.0,,4115100.0,,10781000.0,,,18775700.0,114737,,27254000.0,,34539200.0,,18694400.0,,36888600.0,,9022000.0,,1029600.0,,,,8978100.0,,40709000.0,,153056.0,17806900.0,,7571500.0,2026,263234500.0,,5629400.0,,24201300.0,,14127500.0,,2.0,5346400.0,,,,2035400.0,381382.0,1775.0,202598600.0,,,10449500.0,,22100300.0,,,,57577100.0,,17684800.0,,27501900.0,,75749300.0,,,,,,7734.0,,,,53757300.0,,8170900.0,132289.0,3624000.0,,4924400.0,,,,92297000.0,,6148000.0,,113655600.0,,61037.0,,,,86258400.0,,18066800.0,,,,,,269100.0,,,5979700.0,,9468300.0,,146023600.0,,89067000.0,,13133000.0,,4576800.0,,8585100.0,,2041400.0,,24731200.0,,417700.0,,3351300.0,,2952920.0,,6601900.0,,9337700.0,59929,6642300.0,0.0,11948000.0,,31431900.0,,,,11032700.0,,35411800.0,,,,,,3411600.0,0.0
2025-06-28,,,,,,,,,,,,,,,,,,,,,,,,,,,,,,,,,,,,,,,,,,,,,,,,,,,,,,,,,,,,,,,,,,,,,,,,,,,,,151384.0,,143269,,,,,,,,,,,,,,,,,,,,,,,,,,,,284401,,,,,,0.0,,,,,,,,,,,,,,,,,,,,,,,,,,,,,,,,,,,,,,,,,,,,,,,,,,,,,,,,,,,,,40792,,,,,,,,,,,,,,,,,,,,,,,,4998,,,,,,,,,,,,,,,390801.0,,,,,,,,,,,,,,,,,,,,,,,,,,,,,,121835.0,,,,,,,,,,,,,,,,,,,,,,,,,,,,,,,,,,,,,,,,,,,,,,,,,,,,,,,59631,,0.0,,,,,,,,,,,,,,,,0.0
2025-06-29,,,,,,,,,,,,,,,,,,,,,,,,,,,,,,,,,,,,,,,,,,,,,,,,,,,,,,,,,,,,,,,,,,,,,,,,,,,,,88441.0,,141400,,,,,,,,,,,,,,,,,,,,,,,,,,,,317762,,,,,,0.0,,,,,,,,,,,,,,,,,,,,,,,,,,,,,,,,,,,,,,,,,,,,,,,,,,,,,,,,,,,,,130661,,,,,,,,,,,,,,,,,,,,,,,,3221,,,,,,,,,,,,,,,416683.0,,,,,,,,,,,,,,,,,,,,,,,,,,,,,,260353.0,,,,,,,,,,,,,,,,,,,,,,,,,,,,,,,,,,,,,,,,,,,,,,,,,,,,,,,59131,,33.0,,,,,,,,,,,,,,,,0.0
2025-06-30,4375298.0,492507.0,17110294.0,222339.0,2219752.0,911057.0,422420.0,9792586.0,18464531.0,38416566.0,260498936.0,75214393.0,71889200.0,,14231802.0,3408200.0,,91912800.0,,4645500.0,,3981500.0,,4070700.0,,42972500.0,,58887800.0,,8204900.0,,5531600.0,,1080400.0,,13635300.0,,24708400.0,,165100.0,,10457300.0,,,,11413300.0,,8683900.0,,110196700.0,,8400.0,,,,6384300.0,,,,,4182100.0,,,32957.0,2791400.0,,,,1822900.0,,,193289.0,3203300.0,,11227600.0,,22383.0,2127600.0,145051,34461500.0,,3988900.0,,8541900.0,,10811200.0,,13731800.0,,32561200.0,,,,5427000.0,,13456200.0,,8004600.0,,,,4932300.0,,6464200.0,,3160400.0,411343,4720400.0,,46432200.0,,4147100.0,0.0,8106100.0,,11400.0,,1242.0,2030100.0,,,5414100.0,,10439300.0,,63378900.0,,3976400.0,,,4600700.0,,1194.0,36568600.0,,,,101945000.0,,58082000.0,,,3495400.0,,77102400.0,,1819200.0,,33223300.0,,25558000.0,,12689200.0,,7867000.0,,15429000.0,,,3580000.0,,40600.0,,,,2980500.0,,3041500.0,,8218300.0,,,15402100.0,203328,,17072900.0,,28369000.0,,13752900.0,,22799700.0,,5190000.0,,530400.0,,,,13852500.0,,32829000.0,,212922.0,20788700.0,,5046500.0,3216,194580300.0,,7637400.0,,46230100.0,,31844200.0,,0.0,4350800.0,,,,848300.0,381151.0,172.0,97305600.0,,,7738000.0,,7988200.0,,,,45548700.0,,9904700.0,,18768700.0,,18438400.0,,,,,,191.0,,,,49238000.0,,6375800.0,200165.0,3034600.0,,3492400.0,,,,149080200.0,,4394800.0,,78035000.0,,44462.0,,,,92502500.0,,11948680.0,,,,,,359600.0,,,1932500.0,,11999600.0,,113721400.0,,76695100.0,,9279800.0,,3236600.0,,5319900.0,,1226690.0,,16155300.0,,786600.0,,1687300.0,,2224420.0,,7080100.0,,5349800.0,59478,6074400.0,302.0,6299200.0,,17803000.0,,,,8503400.0,,26247600.0,,,,,,3626300.0,0.0
2025-07-01,3687981.0,1059697.0,13650991.0,229190.0,1791173.0,1458462.0,655170.0,10688570.0,,,,31959141.0,,,,4575500.0,,78788900.0,,4516400.0,,4345000.0,,6572300.0,,55257200.0,,39256800.0,,5379800.0,,6369800.0,,1065800.0,,8324700.0,,28847600.0,,161100.0,,9243200.0,,,,10357400.0,,6630300.0,,47104900.0,,11100.0,,,,4776000.0,,,,,4544100.0,,,29256.0,2393600.0,,,,2042600.0,,,193162.0,2756500.0,,13132100.0,,12184.0,2200600.0,143469,31252100.0,,7379900.0,,6256800.0,,16356400.0,,10913500.0,,21939500.0,,,,4105000.0,,9815700.0,,11503700.0,,,,6177600.0,,7652500.0,,4532500.0,366470,5401700.0,,18308100.0,,5248600.0,0.0,8113700.0,,21900.0,,371.0,6527000.0,,,5817500.0,,8308000.0,,35904500.0,,3301000.0,,,5152600.0,,1003.0,35681000.0,,,,121171500.0,,26402600.0,,,3272800.0,,79094900.0,,2272800.0,,41763600.0,,43864800.0,,9338300.0,,10791000.0,,21729300.0,,,4692000.0,,2000.0,,,,2937700.0,,2734000.0,,9760300.0,,,13431200.0,951270,,16702100.0,,19945400.0,,17289600.0,,24825800.0,,6502000.0,,792300.0,,,,14286400.0,,49936000.0,,177010.0,17800300.0,,6220500.0,7608,213143600.0,,6851700.0,,15210400.0,,16962200.0,,0.0,6840600.0,,,,666200.0,364011.0,172.0,91479700.0,,,8633800.0,,8942300.0,,,,56166700.0,,8713500.0,,30282100.0,,26656500.0,,,,,,74.0,,,,42243100.0,,8931300.0,180994.0,2893400.0,,5398100.0,,,,93556500.0,,8264300.0,,107277300.0,,74729.0,,,,70030100.0,,17809940.0,,,,,,568600.0,,,3786300.0,,11618700.0,,140390000.0,,145085700.0,,9990200.0,,1932500.0,,5856200.0,,2845280.0,,17124000.0,,522600.0,,1065800.0,,3129820.0,,6653400.0,,8974300.0,58332,5360800.0,0.0,7152600.0,,15635800.0,,,,11537600.0,,40772800.0,,,,,,3051600.0,0.0
2025-07-02,4702056.0,1058819.0,15047951.0,201839.0,1870730.0,843316.0,419986.0,12092460.0,18203168.0,36123561.0,140611857.0,36577096.0,49628850.0,,10695566.0,4578600.0,,67941800.0,,6912200.0,,3756600.0,,8800600.0,,39228000.0,,30894200.0,,4127400.0,,5027700.0,,1383000.0,,8698000.0,,17582100.0,,197800.0,,13843800.0,,,,5431800.0,,11261400.0,,24770400.0,,1600.0,,,,6707200.0,,,,,3094900.0,,,50268.0,2713700.0,,,,3045200.0,,,265200.0,1937500.0,,12493100.0,,9937.0,1606100.0,9848,18546000.0,,4674500.0,,6115200.0,,8452800.0,,8458200.0,,16655200.0,,,,3937800.0,,7317100.0,,14249500.0,,,,3920700.0,,3670300.0,,4288700.0,338882,3776900.0,,19056600.0,,4663400.0,0.0,9530800.0,,30200.0,,39.0,3389500.0,,,3142000.0,,6428600.0,,29128900.0,,2906500.0,,,3011400.0,,792.0,24263300.0,,,,113204200.0,,29651200.0,,,3257500.0,,138245300.0,,7284800.0,,33730400.0,,35735200.0,,8158700.0,,10510000.0,,13050200.0,,,3628000.0,,3100.0,,,,3004500.0,,1978300.0,,11023000.0,,,9336700.0,3798068,,39388500.0,,16319600.0,,17454400.0,,29303800.0,,5254000.0,,1339800.0,,,,8151100.0,,30488000.0,,115605.0,8361800.0,,4357000.0,4901,171224100.0,,7908300.0,,12112000.0,,22326900.0,,0.0,3367200.0,,,,941700.0,394684.0,95.0,59732000.0,,,9361500.0,,8916400.0,,,,36538300.0,,11005400.0,,42320400.0,,14865600.0,,,,,,512.0,,,,27703100.0,,8713800.0,155044.0,3509400.0,,2363700.0,,,,67100700.0,,4646100.0,,107157100.0,,86958.0,,,,66510400.0,,15493180.0,,,,,,347100.0,,,4544200.0,,8890600.0,,100285000.0,,119483700.0,,12012500.0,,1640400.0,,5533400.0,,2346570.0,,13604000.0,,396300.0,,623500.0,,2796560.0,,5131400.0,,5761600.0,60807,7125000.0,0.0,6666600.0,,12502000.0,,,,10887400.0,,42468800.0,,,,,,2597000.0,0.0
2025-07-03,3642140.0,562758.0,32040639.0,742580.0,1207730.0,626770.0,704594.0,12124430.0,18956331.0,29676874.0,234219003.0,38397875.0,67794577.0,,14874475.0,6962100.0,,34955800.0,,2863700.0,,2438900.0,,3568500.0,,28646000.0,,29632400.0,,3525800.0,,2499300.0,,910700.0,,6101700.0,,10592700.0,,185500.0,,11847200.0,,,,4391000.0,,5786300.0,,37559900.0,,2600.0,,,,3443300.0,,,,,2048000.0,,,0.0,1737800.0,,,,1082500.0,,,0.0,2017600.0,,6704300.0,,8600.0,1101400.0,9144,17192000.0,,3239600.0,,5031800.0,,10616000.0,,10442400.0,,17973500.0,,,,3725600.0,,4252300.0,,6794700.0,,,,2162900.0,,1990400.0,,2192000.0,292845,3214600.0,,16386700.0,,2764400.0,0.0,6114100.0,,173500.0,,0.0,1809200.0,,,2066100.0,,5566300.0,,21689700.0,,1502000.0,,,2573600.0,,0.0,17394300.0,,,,56373800.0,,12296600.0,,,1853300.0,,61176000.0,,2548000.0,,42840900.0,,23515700.0,,6541600.0,,4894000.0,,9440500.0,,,5238000.0,,700.0,,,,1019500.0,,1450800.0,,5028900.0,,,8601700.0,4499364,,10218000.0,,13984800.0,,10013900.0,,13247900.0,,3974000.0,,796500.0,,,,5143300.0,,20062000.0,,0.0,9475100.0,,6029500.0,29517,143716100.0,,4047900.0,,11619700.0,,18441400.0,,0.0,2561700.0,,,,643400.0,408371.0,0.0,41812500.0,,,5263400.0,,4280800.0,,,,26443500.0,,4041200.0,,21513400.0,,7976000.0,,,,,,0.0,,,,18665600.0,,4443000.0,143115.0,1441600.0,,2761800.0,,,,44667700.0,,2282800.0,,62695800.0,,44874.0,,,,51065800.0,,12419720.0,,,,,,343900.0,,,2188800.0,,9240400.0,,83484600.0,,58042300.0,,7779600.0,,1008300.0,,2561100.0,,1409490.0,,8112600.0,,249000.0,,1936200.0,,3117260.0,,3702800.0,,4003600.0,58631,5162100.0,0.0,3704300.0,,7686200.0,,,,4956000.0,,22266200.0,,,,,,2889400.0,0.0
2025-07-04,3654933.0,415693.0,23748959.0,335510.0,874760.0,472748.0,922122.0,13216540.0,14658173.0,37352933.0,132200659.0,41874479.0,61959326.0,,8912959.0,,,,,,,,,,,,,,,,,,,,,,,,,,,,,,,,,,,,,,,,,,,,,,,,,0.0,,,,,,,,0.0,,,,,5066.0,,7010,,,,,,,,,,,,,,,,,,,,,,,,,,,,239902,,,,,,0.0,,,,,0.0,,,,,,,,,,,,,,,0.0,,,,,,,,,,,,,,,,,,,,,,,,,,,,,,,,,,,,,,,,,805623,,,,,,,,,,,,,,,,,,,,0.0,,,,4649,,,,,,,,,,,,,,,394364.0,0.0,,,,,,,,,,,,,,,,,,,,,,0.0,,,,,,,154699.0,,,,,,,,,,,,,,,,,,,,,,,,,,,,,,,,,,,,,,,,,,,,,,,,,,,,,,,64328,,0.0,,,,,,,,,,,,,,,,0.0
2025-07-05,,,,,,,,,,,,,,,,,,,,,,,,,,,,,,,,,,,,,,,,,,,,,,,,,,,,,,,,,,,,,,,,,,,,,,,,,,,,,2665.0,,65,,,,,,,,,,,,,,,,,,,,,,,,,,,,348284,,,,,,0.0,,,,,,,,,,,,,,,,,,,,,,,,,,,,,,,,,,,,,,,,,,,,,,,,,,,,,,,,,,,,,235218,,,,,,,,,,,,,,,,,,,,,,,,2509,,,,,,,,,,,,,,,412673.0,,,,,,,,,,,,,,,,,,,,,,,,,,,,,,161674.0,,,,,,,,,,,,,,,,,,,,,,,,,,,,,,,,,,,,,,,,,,,,,,,,,,,,,,,81879,,0.0,,,,,,,,,,,,,,,,0.0
2025-07-06,,,,,,,,,,,,,,,,,,,,,,,,,,,,,,,,,,,,,,,,,,,,,,,,,,,,,,,,,,,,,,,,,,,,,,,,,,,,,2761.0,,3652,,,,,,,,,,,,,,,,,,,,,,,,,,,,314660,,,,,,0.0,,,,,,,,,,,,,,,,,,,,,,,,,,,,,,,,,,,,,,,,,,,,,,,,,,,,,,,,,,,,,237826,,,,,,,,,,,,,,,,,,,,,,,,6990,,,,,,,,,,,,,,,391599.0,,,,,,,,,,,,,,,,,,,,,,,,,,,,,,137453.0,,,,,,,,,,,,,,,,,,,,,,,,,,,,,,,,,,,,,,,,,,,,,,,,,,,,,,,77919,,0.0,,,,,,,,,,,,,,,,
2025-07-07,2523564.0,398058.0,17164708.0,240096.0,1175356.0,330758.0,791075.0,11472290.0,11631687.0,33515444.0,81234333.0,57520424.0,83139176.0,,6918931.0,6762200.0,,50229000.0,,3545100.0,,2707900.0,,6577400.0,,37395000.0,,36604100.0,,3158400.0,,6964800.0,,1363700.0,,8221700.0,,16760600.0,,485900.0,,17446200.0,,,,6809300.0,,7635700.0,,18875600.0,,2400.0,,,,4674400.0,,,,,4112800.0,,,59456.0,3012900.0,,,,1591000.0,,,332949.0,2747100.0,,7885300.0,,4175.0,1832600.0,10742,31640800.0,,3073000.0,,6283500.0,,13077600.0,,12665700.0,,23985200.0,,,,4070200.0,,7023500.0,,8148100.0,,,,4845700.0,,11486000.0,,4089600.0,428816,7992500.0,,29163400.0,,3221200.0,0.0,6441300.0,,20100.0,,254.0,2268100.0,,,3233600.0,,12873500.0,,34175600.0,,2863700.0,,,3433100.0,,718.0,27366100.0,,,,49466000.0,,24657200.0,,,4488100.0,,80725200.0,,2412000.0,,50888900.0,,41551200.0,,8825700.0,,9012000.0,,16984700.0,,,9992000.0,,13400.0,,,,1561300.0,,2576900.0,,7239600.0,,,9457100.0,216950,,22050900.0,,13981600.0,,8848200.0,,19148400.0,,4974000.0,,752100.0,,,,9432600.0,,22737000.0,,163396.0,24297400.0,,5668000.0,1325,140139000.0,,7313500.0,,12527200.0,,16584300.0,,0.0,3483100.0,,,,1579500.0,394491.0,97.0,71959700.0,,,5918600.0,,7187400.0,,,,45349300.0,,6308100.0,,34462300.0,,35564100.0,,,,,,362.0,,,,33006700.0,,8616400.0,178633.0,2446100.0,,4090000.0,,,,80137800.0,,4072200.0,,93297600.0,,80265.0,,,,74814500.0,,17744180.0,,,,,,439200.0,,,3151800.0,,8954200.0,,139674800.0,,131177900.0,,13817500.0,,1924500.0,,5221400.0,,2162450.0,,29817200.0,,977100.0,,1388100.0,,4923540.0,,5138000.0,,4427000.0,75879,6232200.0,0.0,6419900.0,,12930900.0,,,,8494300.0,,35673000.0,,,,,,3406900.0,0.0
2025-07-08,3119395.0,499225.0,20213724.0,255103.0,903743.0,576887.0,707380.0,12388990.0,13172857.0,53842840.0,101372801.0,53224112.0,61606923.0,,11387330.0,4359500.0,,42848900.0,,3708200.0,,3590900.0,,8097100.0,,36124600.0,,45692000.0,,3023100.0,,4150300.0,,1327800.0,,8476300.0,,14869400.0,,645600.0,,11319900.0,,,,4644300.0,,6089200.0,,16378700.0,,0.0,,,,4116200.0,,,,,4037100.0,,,34109.0,2003600.0,,,,3457800.0,,,219882.0,2660200.0,,9735000.0,,5191.0,1716200.0,5796,22225500.0,,5486100.0,,6661200.0,,8573200.0,,12024600.0,,21182600.0,,,,3317300.0,,6622900.0,,10439300.0,,,,3405300.0,,4668100.0,,2034000.0,582302,4639700.0,,15645200.0,,3470900.0,0.0,6027600.0,,34500.0,,909.0,3130700.0,,,4314300.0,,7863600.0,,40442500.0,,3100700.0,,,2531700.0,,922.0,30597200.0,,,,59808300.0,,23841100.0,,,2925300.0,,119545500.0,,4339200.0,,28538800.0,,36339300.0,,15440900.0,,8625000.0,,17115500.0,,,4320000.0,,5700.0,,,,1714700.0,,3301800.0,,9570200.0,,,7770700.0,178195,,16356800.0,,11846600.0,,7022700.0,,26238200.0,,6482000.0,,857700.0,,,,8447800.0,,32925000.0,,130237.0,17965500.0,,7301000.0,6964,138133000.0,,9867100.0,,10509200.0,,20401800.0,,0.0,3411400.0,,,,2881800.0,409857.0,102.0,59834800.0,,,8758400.0,,6879100.0,,,,36153300.0,,7055500.0,,28302900.0,,27769400.0,,,,,,463.0,,,,29002600.0,,8186500.0,200957.0,2347200.0,,3412500.0,,,,111492400.0,,3702700.0,,90457500.0,,79853.0,,,,59024600.0,,14744720.0,,,,,,515200.0,,,2936200.0,,8560500.0,,115515400.0,,103246700.0,,8854400.0,,1083300.0,,6844600.0,,1926860.0,,20586800.0,,1186600.0,,863700.0,,2897380.0,,6966800.0,,6641600.0,84648,8355200.0,0.0,9514700.0,,16875000.0,,,,9617300.0,,47472400.0,,,,,,3340000.0,0.0
2025-07-09,2626484.0,524731.0,17533415.0,309504.0,952460.0,368383.0,360540.0,10021590.0,17820435.0,26510795.0,100963784.0,41509561.0,49539878.0,,4763712.0,5507000.0,,48749400.0,,4726600.0,,5640300.0,,6170800.0,,37013100.0,,38155100.0,,4234900.0,,3848500.0,,1334300.0,,10495000.0,,20133000.0,,1179600.0,,24609300.0,,,,21937400.0,,10335900.0,,22549000.0,,4300.0,,,,3367400.0,,,,,3773400.0,,,42186.0,3101000.0,,,,1330300.0,,,223945.0,2027400.0,,13238400.0,,1173.0,2922600.0,0,17934400.0,,6828300.0,,6373600.0,,7477200.0,,9572200.0,,23765900.0,,,,3966200.0,,6724900.0,,5938900.0,,,,3495200.0,,4077600.0,,2224600.0,840930,4751200.0,,36711900.0,,3943900.0,0.0,5305000.0,,31100.0,,114.0,2295700.0,,,3088100.0,,14641400.0,,43025600.0,,1763400.0,,,3384200.0,,857.0,39491900.0,,,,42206400.0,,18238600.0,,,2971300.0,,70247700.0,,2357600.0,,25177400.0,,32425200.0,,11273800.0,,6010000.0,,33704100.0,,,2562000.0,,800.0,,,,2333700.0,,2703100.0,,7323000.0,,,11418000.0,133080,,18453500.0,,18659500.0,,13065400.0,,20464000.0,,5910000.0,,697200.0,,,,10148700.0,,23845000.0,,217203.0,17410400.0,,5767000.0,3409,183656400.0,,5380000.0,,18739600.0,,10871600.0,,0.0,3090000.0,,,,4212400.0,464492.0,12.0,68494800.0,,,6755700.0,,4190100.0,,,,43045500.0,,4609600.0,,16207100.0,,16267300.0,,,,,,34.0,,,,35063600.0,,6810700.0,209984.0,1575100.0,,2658400.0,,,,64252100.0,,3866900.0,,86818700.0,,79048.0,,,,66113300.0,,16401480.0,,,,,,387200.0,,,2058800.0,,6689000.0,,117976200.0,,75586800.0,,9475300.0,,1369400.0,,5231400.0,,1953580.0,,14858900.0,,521200.0,,666800.0,,4020460.0,,7297100.0,,4936300.0,82483,8534200.0,7.0,7733300.0,,13702600.0,,,,14875400.0,,28672400.0,,,,,,2941200.0,0.0
2025-07-10,4556065.0,719453.0,14768473.0,290592.0,1754234.0,752409.0,623424.0,12995120.0,14032556.0,24605823.0,96327664.0,43540397.0,46874068.0,,5192605.0,3409800.0,,44443600.0,,4022500.0,,6412800.0,,5229100.0,,61101500.0,,30370600.0,,5618400.0,,3645400.0,,1498900.0,,8656300.0,,17891600.0,,1363700.0,,13554500.0,,,,18557300.0,,10927800.0,,14756000.0,,2600.0,,,,4573300.0,,,,,5577700.0,,,52295.0,3382800.0,,,,2332700.0,,,258654.0,2313800.0,,17241600.0,,2799.0,2897000.0,2099,12340100.0,,5417000.0,,7244600.0,,16714800.0,,16519500.0,,15005300.0,,,,5368800.0,,6888700.0,,10695100.0,,,,3905000.0,,2427700.0,,2614300.0,506456,3463900.0,,58297200.0,,4424500.0,,4013300.0,,23500.0,,209.0,2506200.0,,,4345100.0,,5991000.0,,29252400.0,,1733500.0,,,3701700.0,,756.0,21342700.0,,,,50119500.0,,34641500.0,,,3487800.0,,54599800.0,,2370400.0,,22972800.0,,33865900.0,,8410900.0,,7982000.0,,14608400.0,,,3510000.0,,17400.0,,,,2148600.0,,3130400.0,,6569800.0,,,9913600.0,393464,,11542400.0,,16492100.0,,13208600.0,,15378400.0,,3468000.0,,652500.0,,,,8476000.0,,42308000.0,,163043.0,13008500.0,,10016500.0,4776,167704100.0,,6373900.0,,23516400.0,,11486300.0,,11.0,9249000.0,,,,1438500.0,514673.0,157.0,64383900.0,,,6380200.0,,5674400.0,,,,34710900.0,,3933500.0,,20665200.0,,13663800.0,,,,,,746.0,,,,33264400.0,,5635200.0,187771.0,1734300.0,,4794700.0,,,,86494100.0,,6565300.0,,87602500.0,,72846.0,,,,57529000.0,,12744380.0,,,,,,382700.0,,,7288500.0,,6853400.0,,110317800.0,,104365300.0,,13124700.0,,2471600.0,,3971400.0,,2275750.0,,15644400.0,,643200.0,,8116300.0,,2349260.0,,6121300.0,,24686000.0,80013,3916700.0,189.0,6891200.0,,18894800.0,,,,9903200.0,,28823800.0,,,,,,3601000.0,0.0
2025-07-11,3732533.0,592335.0,19140650.0,322790.0,1249355.0,640699.0,332192.0,13469700.0,19225560.0,46731687.0,88544316.0,31098862.0,59292989.0,,14967461.0,3152100.0,,39765800.0,,3548700.0,,2883800.0,,4424400.0,,50049200.0,,50518300.0,,3584600.0,,3954200.0,,932400.0,,13402100.0,,14274700.0,,469100.0,,10774600.0,,,,7239800.0,,12749000.0,,9386300.0,,2100.0,,,,4416600.0,,,,,3977900.0,,,40262.0,2072600.0,,,,1638200.0,,,226297.0,1510400.0,,16694600.0,,1624.0,1942000.0,12544,18227400.0,,3230900.0,,7011200.0,,13537600.0,,15721900.0,,14699400.0,,,,3560200.0,,6112400.0,,7201900.0,,,,3593300.0,,3110700.0,,3596100.0,552146,2573800.0,,27773400.0,,2903500.0,,5440200.0,,15300.0,,776.0,2286500.0,,,4098100.0,,11454100.0,,34282900.0,,1681800.0,,,3068900.0,,1082.0,19001000.0,,,,60338900.0,,20877600.0,,,3790700.0,,49367900.0,,1432800.0,,23514100.0,,31579600.0,,7384700.0,,5705000.0,,12916700.0,,,2444000.0,,21800.0,,,,1403100.0,,2852500.0,,6203800.0,,,10873900.0,570662,,10136000.0,,16459500.0,,18448500.0,,15820600.0,,3038000.0,,394200.0,,,,9198200.0,,39572000.0,,130290.0,25149000.0,,10773500.0,123610,193633300.0,,6522400.0,,30779800.0,,10208200.0,,0.0,7412300.0,,,,1049000.0,605853.0,16.0,52134800.0,,,21877700.0,,5907700.0,,,,39618600.0,,3686200.0,,21163700.0,,16371500.0,,,,,,687.0,,,,24861400.0,,5677000.0,227152.0,1242000.0,,3868600.0,,,,92365600.0,,4546700.0,,71855400.0,,71109.0,,,,63670200.0,,15072060.0,,,,,,403100.0,,,3750800.0,,9022900.0,,106937600.0,,79236400.0,,8817800.0,,1429400.0,,5396300.0,,2332930.0,,12453500.0,,421100.0,,3999800.0,,3539720.0,,7580200.0,,7222200.0,81604,5339200.0,7.0,7340400.0,,14595000.0,,,,7716800.0,,30171600.0,,,,,,4074400.0,0.0
2025-07-12,,,,,,,,,,,,,,,,,,,,,,,,,,,,,,,,,,,,,,,,,,,,,,,,,,,,,,,,,,,,,,,,,,,,,,,,,,,,,1515.0,,4611,,,,,,,,,,,,,,,,,,,,,,,,,,,,504762,,,,,,,,,,,,,,,,,,,,,,,,,,,,,,,,,,,,,,,,,,,,,,,,,,,,,,,,,,,,,,,,,,,1558992,,,,,,,,,,,,,,,,,,,,,,,,36092,,,,,,,,,,,,,,,583178.0,,,,,,,,,,,,,,,,,,,,,,,,,,,,,,217057.0,,,,,,,,,,,,,,,,,,,,,,,,,,,,,,,,,,,,,,,,,,,,,,,,,,,,,,,78285,,7.0,,,,,,,,,,,,,,,,0.0
2025-07-13,,,,,,,,,,,,,,,,,,,,,,,,,,,,,,,,,,,,,,,,,,,,,,,,,,,,,,,,,,,,,,,,,,,,,,,,,,,,,379.0,,3654,,,,,,,,,,,,,,,,,,,,,,,,,,,,537377,,,,,,,,,,,,,,,,,,,,,,,,,,,,,,,,,,,,,,,,,,,,,,,,,,,,,,,,,,,,,,,,,,,444208,,,,,,,,,,,,,,,,,,,,,,,,12792,,,,,,,,,,,,,,,625238.0,,,,,,,,,,,,,,,,,,,,,,,,,,,,,,157811.0,,,,,,,,,,,,,,,,,,,,,,,,,,,,,,,,,,,,,,,,,,,,,,,,,,,,,,,82720,,7.0,,,,,,,,,,,,,,,,0.0
2025-07-14,2936976.0,1241993.0,13563846.0,197188.0,1205192.0,1118574.0,1769412.0,9855981.0,11704663.0,26875715.0,73284998.0,38853191.0,37669963.0,,8041385.0,4312400.0,,38840100.0,,2898700.0,,5518400.0,,7264000.0,,44718600.0,,35702600.0,,6338800.0,,5882800.0,,1456900.0,,12149400.0,,11934200.0,,530700.0,,13231300.0,,,,7162800.0,,14962700.0,,28576700.0,,0.0,,,,4294700.0,,,,,2521100.0,,,62179.0,2497500.0,,,,3647200.0,,,263877.0,2456000.0,,12473500.0,,2867.0,1679300.0,6882,15445200.0,,3840700.0,,6533900.0,,13362000.0,,11432900.0,,16451400.0,,,,3626900.0,,6853300.0,,8374400.0,,,,3283800.0,,2233500.0,,4458400.0,519212,3410800.0,,21671800.0,,2888400.0,,5023000.0,,42900.0,,583.0,2471700.0,,,4898900.0,,7769600.0,,32536600.0,,1909300.0,,,2481100.0,,1093.0,35149300.0,,,,47356300.0,,12232300.0,,,2857100.0,,48420500.0,,1459200.0,,42183400.0,,24632200.0,,9079900.0,,5678000.0,,13983200.0,,,3308000.0,,7800.0,,,,1840700.0,,2401400.0,,12938100.0,,,8939400.0,782669,,12029400.0,,12058800.0,,17952500.0,,32117700.0,,12514000.0,,481800.0,,,,24405100.0,,27810000.0,,149455.0,20078600.0,,9062500.0,1120,136975800.0,,6015900.0,,35769800.0,,11337000.0,,0.0,5050200.0,,,,1383500.0,652881.0,112.0,81774400.0,,,12993900.0,,7382600.0,,,,36453300.0,,4438700.0,,28208300.0,,29196200.0,,,,,,103.0,,,,25603000.0,,7455800.0,281146.0,5486900.0,,2863800.0,,,,67028200.0,,3246400.0,,99670600.0,,72565.0,,,,51898500.0,,13871540.0,,,,,,292100.0,,,3605100.0,,7201200.0,,97311400.0,,78043400.0,,10673500.0,,1340000.0,,4723600.0,,2001390.0,,14300200.0,,678800.0,,5255100.0,,2598960.0,,5598900.0,,6560400.0,80949,5100300.0,7.0,10939600.0,,13779100.0,,,,6410900.0,,33441600.0,,,,,,3580700.0,0.0
2025-07-15,4196196.0,1111748.0,18442202.0,320381.0,791762.0,511251.0,478176.0,12530720.0,27446891.0,51034913.0,125984834.0,92406424.0,89410007.0,,7126744.0,4551900.0,,42296300.0,,2551000.0,,3086000.0,,6007100.0,,93370100.0,,34907300.0,,3389500.0,,4182200.0,,2099600.0,,13927000.0,,17918400.0,,473400.0,,34785400.0,,,,7000800.0,,15607400.0,,12653300.0,,2400.0,,,,4482300.0,,,,,3994700.0,,,51233.0,2167000.0,,,,3086100.0,,,252724.0,4052200.0,,16889300.0,,698.0,1878000.0,0,14758500.0,,3763600.0,,5201500.0,,10116400.0,,17316200.0,,13944600.0,,,,4041700.0,,7943600.0,,8664600.0,,,,3587700.0,,4302500.0,,3535200.0,843258,3476000.0,,40297700.0,,3004700.0,,3986700.0,,31300.0,,210.0,2576900.0,,,3780600.0,,7321600.0,,33448300.0,,1981200.0,,,3868700.0,,1621.0,21863800.0,,,,45879400.0,,11868700.0,,,2864100.0,,66099400.0,,1760000.0,,20618700.0,,44215400.0,,12526100.0,,7462000.0,,12639800.0,,,3130000.0,,18400.0,,,,3303500.0,,4174100.0,,9190600.0,,,11529500.0,608769,,15683100.0,,14927200.0,,14315400.0,,24958900.0,,6592000.0,,534300.0,,,,18454800.0,,28017000.0,,132955.0,33502200.0,,6321500.0,5685,230627400.0,,7250800.0,,14686600.0,,10728800.0,,0.0,3963200.0,,,,1495300.0,615856.0,17.0,59126200.0,,,7333600.0,,6467300.0,,,,43277700.0,,4426500.0,,27878300.0,,29999700.0,,,,,,183.0,,,,62012800.0,,9892500.0,175613.0,2398200.0,,3249100.0,,,,61495400.0,,5238600.0,,108926200.0,,86925.0,,,,74317300.0,,17153880.0,,,,,,515600.0,,,3654200.0,,11431500.0,,123257600.0,,77556300.0,,14270100.0,,2203400.0,,4419700.0,,2641750.0,,18488400.0,,534900.0,,16060200.0,,3031700.0,,4891700.0,,7079600.0,81287,6334700.0,16.0,6607400.0,,10450800.0,,,,12109600.0,,33859000.0,,,,,,2740400.0,86.0
2025-07-16,3123297.0,492782.0,23042660.0,216989.0,785410.0,412238.0,531088.0,10089300.0,23250693.0,57188105.0,103019857.0,90585177.0,68803291.0,,32138393.0,4855300.0,,47490500.0,,3592900.0,,3654000.0,,9400000.0,,59492800.0,,39535900.0,,3703500.0,,7441300.0,,10789600.0,,10414200.0,,15031000.0,,320900.0,,14439000.0,,,,6370400.0,,14807800.0,,44187000.0,,2400.0,,,,3796900.0,,,,,5663700.0,,,55511.0,3242100.0,,,,2534000.0,,,248346.0,2291000.0,,14355800.0,,856.0,2950300.0,7475,43669500.0,,3994000.0,,5649500.0,,7921600.0,,10835400.0,,15156100.0,,,,5955900.0,,6747500.0,,6085000.0,,,,4003000.0,,7632700.0,,3729900.0,681515,4071800.0,,21936500.0,,3178400.0,,4312900.0,,63200.0,,10.0,1953400.0,,,3345100.0,,7738300.0,,33104200.0,,3323200.0,,,4259800.0,,1152.0,22062400.0,,,,54557800.0,,15635300.0,,,2804800.0,,58865900.0,,2106400.0,,20100200.0,,48199800.0,,9979800.0,,12269000.0,,13178300.0,,,3174000.0,,5400.0,,,,2048600.0,,3255400.0,,15369700.0,,,13067600.0,553298,,26477200.0,,15154400.0,,10575400.0,,30614800.0,,13922000.0,,1710000.0,,,,11086400.0,,32270000.0,,116044.0,22322800.0,,4925500.0,29714,158831500.0,,5611100.0,,21189700.0,,12597500.0,,0.0,3119600.0,,,,1299000.0,649110.0,30.0,57550300.0,,,9671100.0,,7106700.0,,,,52314700.0,,5849800.0,,41553000.0,,26692300.0,,,,,,218.0,,,,30066100.0,,10065900.0,72459.0,2338400.0,,2789100.0,,,,59992000.0,,7649000.0,,125700900.0,,78906.0,,,,88987500.0,,22175600.0,,,,,,1155000.0,,,3866300.0,,16843500.0,,166357600.0,,97284800.0,,15092800.0,,1660300.0,,6420900.0,,2955490.0,,17636000.0,,504600.0,,10804400.0,,5681660.0,,5544200.0,,6036900.0,80988,4780100.0,15.0,6925500.0,,11181600.0,,,,13045500.0,,35501600.0,,,,,,3259100.0,0.0
2025-07-17,9328322.0,611349.0,39448683.0,283955.0,1262077.0,700356.0,375098.0,10528810.0,13735794.0,30068040.0,165115655.0,60463077.0,40731440.0,,18120422.0,3816200.0,,48068100.0,,3340500.0,,5308500.0,,5704000.0,,50605100.0,,31855800.0,,4602400.0,,4891500.0,,4078500.0,,15791600.0,,17231100.0,,776800.0,,14573600.0,,,,5813200.0,,8046500.0,,28308400.0,,14500.0,,,,4040000.0,,,,,6507100.0,,,50817.0,2444700.0,,,,1760500.0,,,188802.0,3485800.0,,16840500.0,,8625.0,2280600.0,9699,29222500.0,,4873700.0,,5837400.0,,9026400.0,,12204700.0,,20400000.0,,,,3763700.0,,9933700.0,,8894000.0,,,,4393400.0,,4096300.0,,5888900.0,1179501,2862800.0,,23011200.0,,3331900.0,,4309300.0,,31800.0,,667.0,2569400.0,,,3898600.0,,7307200.0,,31992600.0,,2046100.0,,,3128900.0,,866.0,21167800.0,,,,39114400.0,,18801600.0,,,3337200.0,,49384000.0,,1417600.0,,25370500.0,,43548000.0,,8509500.0,,11353000.0,,20464700.0,,,2696000.0,,15800.0,,,,2921900.0,,4107300.0,,9745900.0,,,11803300.0,638396,,15030000.0,,17503100.0,,8901400.0,,34702400.0,,15732000.0,,717300.0,,,,10876400.0,,64699000.0,,108569.0,19096300.0,,6378000.0,36136,160841100.0,,9041800.0,,26646700.0,,17631300.0,,8.0,4300400.0,,,,988600.0,634855.0,159.0,60165500.0,,,8522700.0,,7018600.0,,,,40423800.0,,4454700.0,,52110700.0,,46760200.0,,,,,,147.0,,,,31534600.0,,6998300.0,21875.0,2290100.0,,2681800.0,,,,49837600.0,,5557700.0,,85334100.0,,63191.0,,,,68885700.0,,16407060.0,,,,,,135800.0,,,2823200.0,,6765800.0,,97330800.0,,73922900.0,,27395700.0,,2106100.0,,4920100.0,,3320070.0,,16903600.0,,534700.0,,9994400.0,,2082300.0,,4747100.0,,7989200.0,55603,6211300.0,71.0,7363400.0,,11165100.0,,,,8903900.0,,36085600.0,,,,,,5511500.0,0.0
2025-07-18,5359504.0,317353.0,23951531.0,273011.0,703602.0,329941.0,268217.0,9757191.0,13781113.0,45613544.0,96759733.0,61156221.0,40295446.0,,11274041.0,3936000.0,,48974600.0,,2459200.0,,5569300.0,,4757100.0,,48859800.0,,37833800.0,,4836500.0,,4869500.0,,2567200.0,,7966400.0,,15012400.0,,542800.0,,26787700.0,,,,4998900.0,,10283600.0,,32630200.0,,5300.0,,,,4015800.0,,,,,4128100.0,,,52366.0,2526600.0,,,,1784600.0,,,107628.0,2594800.0,,28063200.0,,856.0,2115500.0,12191,42877400.0,,7199200.0,,6381200.0,,11613600.0,,12863600.0,,16145100.0,,,,11025200.0,,9486800.0,,4734200.0,,,,6744600.0,,5679000.0,,3360000.0,696552,2764700.0,,28778400.0,,3852800.0,,5304900.0,,17600.0,,602.0,2052800.0,,,2502200.0,,6628400.0,,34014500.0,,1925200.0,,,3361600.0,,521.0,22080500.0,,,,74033300.0,,14176300.0,,,4478200.0,,60195600.0,,2668800.0,,27280400.0,,49009900.0,,12217000.0,,6820000.0,,14928000.0,,,2110000.0,,24100.0,,,,1800500.0,,3357700.0,,8115500.0,,,12779800.0,673278,,16914800.0,,21209700.0,,19105400.0,,19349900.0,,6060000.0,,1230300.0,,,,9593800.0,,106933000.0,,123961.0,21013600.0,,5778000.0,10744,146456400.0,,8051200.0,,20672500.0,,9678100.0,,5.0,2978900.0,,,,939800.0,613024.0,636.0,45771600.0,,,9011600.0,,7433900.0,,,,50484700.0,,6405900.0,,48648400.0,,32919600.0,,,,,,52.0,,,,31842400.0,,5522100.0,35161.0,1678600.0,,3384200.0,,,,59729100.0,,3080700.0,,68274300.0,,66744.0,,,,65621600.0,,16246760.0,,,,,,275400.0,,,2524400.0,,5194400.0,,98496200.0,,94255000.0,,16252000.0,,3170400.0,,4550100.0,,2701140.0,,14223500.0,,536000.0,,5526600.0,,2700740.0,,4927600.0,,5781900.0,70617,4275300.0,18.0,4512700.0,,14636300.0,,,,14199700.0,,60975600.0,,,,,,6504100.0,0.0
2025-07-19,,,,,,,,,,,,,,,,,,,,,,,,,,,,,,,,,,,,,,,,,,,,,,,,,,,,,,,,,,,,,,,,,,,,,,,,,,,,,540.0,,5249,,,,,,,,,,,,,,,,,,,,,,,,,,,,552076,,,,,,,,,,,,,,,,,,,,,,,,,,,,,,,,,,,,,,,,,,,,,,,,,,,,,,,,,,,,,,,,,,,317694,,,,,,,,,,,,,,,,,,,,,,,,33755,,,,,,,,,,,,,,,572972.0,,,,,,,,,,,,,,,,,,,,,,,,,,,,,,32122.0,,,,,,,,,,,,,,,,,,,,,,,,,,,,,,,,,,,,,,,,,,,,,,,,,,,,,,,76678,,18.0,,,,,,,,,,,,,,,,42.0
2025-07-20,,,,,,,,,,,,,,,,,,,,,,,,,,,,,,,,,,,,,,,,,,,,,,,,,,,,,,,,,,,,,,,,,,,,,,,,,,,,,657.0,,10745,,,,,,,,,,,,,,,,,,,,,,,,,,,,528236,,,,,,,,,,,,,,,,,,,,,,,,,,,,,,,,,,,,,,,,,,,,,,,,,,,,,,,,,,,,,,,,,,,454867,,,,,,,,,,,,,,,,,,,,,,,,4774,,,,,,,,,,,,,,,642527.0,,,,,,,,,,,,,,,,,,,,,,,,,,,,,,51730.0,,,,,,,,,,,,,,,,,,,,,,,,,,,,,,,,,,,,,,,,,,,,,,,,,,,,,,,68779,,0.0,,,,,,,,,,,,,,,,0.0
2025-07-21,2424891.0,460835.0,17723148.0,256275.0,674282.0,232481.0,277303.0,8552783.0,13273287.0,36007261.0,124108750.0,59683509.0,83230227.0,,8951674.0,3092400.0,,51377400.0,,2770400.0,,14105700.0,,5061500.0,,39021100.0,,40297600.0,,4582400.0,,5462800.0,,2650300.0,,12415700.0,,17726800.0,,394100.0,,17937600.0,,,,6665600.0,,8383300.0,,34070300.0,,2900.0,,,,3791300.0,,,,,3103000.0,,,41204.0,1833300.0,,,,1162800.0,,,81194.0,1881900.0,,17018100.0,,465.0,1742400.0,0,19033100.0,,4510600.0,,6714700.0,,13664800.0,,11231200.0,,14674200.0,,,,5560200.0,,6392500.0,,7851500.0,,,,3425000.0,,4380000.0,,2087000.0,696517,4534700.0,,29230300.0,,4429600.0,,6127000.0,,9600.0,,53.0,2146800.0,,,2993800.0,,17718400.0,,45803100.0,,2006500.0,,,3503900.0,,583.0,26123400.0,,,,46430600.0,,15437700.0,,,3051800.0,,61658000.0,,1732000.0,,70400200.0,,28191400.0,,7898100.0,,6737000.0,,17811700.0,,,3970000.0,,7800.0,,,,3612100.0,,3058000.0,,7026700.0,,,9404400.0,553912,,15595300.0,,14066800.0,,9984500.0,,22189800.0,,7552000.0,,859200.0,,,,19795700.0,,56276000.0,,176972.0,14541100.0,,5564000.0,5711,123126100.0,,8280700.0,,40600600.0,,7348400.0,,0.0,7642500.0,,,,883900.0,670664.0,3.0,45072800.0,,,8200400.0,,7662300.0,,,,39595200.0,,5134900.0,,35627000.0,,29305900.0,,,,,,73.0,,,,38140200.0,,5910900.0,47735.0,2174200.0,,2922500.0,,,,48699000.0,,2751900.0,,79860300.0,,67765.0,,,,63375000.0,,15911720.0,,,,,,424500.0,,,2802100.0,,8038900.0,,87720400.0,,75768800.0,,11971800.0,,1355800.0,,8269800.0,,2384970.0,,12150600.0,,1480800.0,,3944100.0,,2688960.0,,5216300.0,,4821200.0,87241,4128000.0,0.0,4295500.0,,13450400.0,,,,9134900.0,,30434400.0,,,,,,3671600.0,0.0
2025-07-22,3139858.0,441603.0,20829006.0,319850.0,930384.0,375455.0,893819.0,12362870.0,17600260.0,38402289.0,69281026.0,59291285.0,56136421.0,,7992145.0,5039400.0,,46404100.0,,2449000.0,,7687400.0,,7074500.0,,49028000.0,,37483700.0,,4775200.0,,5167900.0,,3425100.0,,13718500.0,,16564800.0,,242400.0,,11551500.0,,,,5071000.0,,8055400.0,,27210900.0,,4600.0,,,,4521500.0,,,,,3359900.0,,,50140.0,2185000.0,,,,1680300.0,,,269991.0,2939500.0,,14554900.0,,733.0,1799900.0,4540,18485900.0,,4899600.0,,5001400.0,,7902400.0,,9407300.0,,14527200.0,,,,6278000.0,,5614500.0,,8777400.0,,,,4214600.0,,9150700.0,,2345800.0,620651,5417200.0,,17744200.0,,4624600.0,,6377400.0,,34400.0,,39.0,3938500.0,,,3865500.0,,12006300.0,,44660200.0,,1978900.0,,,3095400.0,,729.0,24104200.0,,,,44667400.0,,13488100.0,,,4824200.0,,53969800.0,,1296800.0,,39521600.0,,30873300.0,,6717500.0,,16198000.0,,22339900.0,,,3240000.0,,12300.0,,,,3131100.0,,2496600.0,,14170100.0,,,8921100.0,2345943,,12192300.0,,13868600.0,,10524200.0,,27917600.0,,9006000.0,,452400.0,,,,9913900.0,,50630000.0,,124612.0,85926600.0,,5878500.0,7204,193114300.0,,8970300.0,,20187600.0,,11380900.0,,0.0,3658300.0,,,,1043900.0,1046562.0,3.0,49880800.0,,,9094400.0,,6951600.0,,,,43270600.0,,5183100.0,,45193500.0,,24381700.0,,,,,,67.0,,,,31829300.0,,11537500.0,67277.0,1846700.0,,2537000.0,,,,63655900.0,,2899500.0,,118871600.0,,98655.0,,,,60046300.0,,18302120.0,,,,,,440500.0,,,2641100.0,,6147100.0,,108345200.0,,77370400.0,,11919500.0,,1777000.0,,11730800.0,,2572810.0,,11561800.0,,534400.0,,4433300.0,,3067620.0,,4614200.0,,6335800.0,73834,5096700.0,0.0,7262600.0,,9049100.0,,,,8446500.0,,32444000.0,,,,,,5433100.0,91.0
2025-07-23,3116279.0,2832242.0,15687058.0,256124.0,719824.0,323488.0,1017097.0,10985820.0,46744850.0,79279566.0,109878070.0,40578373.0,72661334.0,,14634885.0,3038700.0,,46989300.0,,1994600.0,,6306000.0,,5419800.0,,41510900.0,,28294900.0,,3626100.0,,3398600.0,,3379400.0,,9828300.0,,20556200.0,,325100.0,,12874200.0,,,,6069100.0,,6632200.0,,22067200.0,,2000.0,,,,4385600.0,,,,,3448200.0,,,37734.0,3254900.0,,,,1503200.0,,,251825.0,2524200.0,,12433200.0,,261.0,2401600.0,6843,10319800.0,,4447100.0,,5620700.0,,12096000.0,,6691200.0,,13042300.0,,,,4175700.0,,8258900.0,,6270500.0,,,,5339300.0,,19572500.0,,2258600.0,1658959,4610100.0,,26780300.0,,5876600.0,,5821300.0,,16600.0,,63.0,7081300.0,,,8080900.0,,8305100.0,,58681900.0,,2395700.0,,,3238000.0,,607.0,81802300.0,,,,33805200.0,,16135000.0,,,8105900.0,,68711700.0,,1603200.0,,34218600.0,,37478100.0,,7083500.0,,12075000.0,,21030000.0,,,2650000.0,,10000.0,,,,2827200.0,,2683600.0,,12013900.0,,,8771600.0,3599131,,11239000.0,,16396600.0,,12990000.0,,17810000.0,,5012000.0,,404700.0,,,,7288500.0,,45043000.0,,158442.0,41256000.0,,9920000.0,12657,154082200.0,,11980400.0,,10621700.0,,7255800.0,,0.0,3050500.0,,,,1287900.0,497825.0,27.0,48062000.0,,,9283200.0,,7296200.0,,,,40215300.0,,5664400.0,,38372200.0,,18179900.0,,,,,,51.0,,,,25249600.0,,8194600.0,28881.0,2220800.0,,1692500.0,,,,49653700.0,,5848200.0,,105639200.0,,66745.0,,,,70511000.0,,17298860.0,,,,,,200500.0,,,2736100.0,,6205400.0,,118025200.0,,92553800.0,,9885400.0,,1331200.0,,30755700.0,,3150300.0,,18617900.0,,442300.0,,3309600.0,,4412440.0,,4385600.0,,6072900.0,77239,7210600.0,0.0,19345000.0,,9729700.0,,,1431169.0,12211700.0,,28046000.0,,,,,,2525200.0,0.0
2025-07-24,3667144.0,1417925.0,12660193.0,171950.0,1177878.0,600205.0,628366.0,13290710.0,24180342.0,65945996.0,83030716.0,44208006.0,56625778.0,,13222221.0,3064200.0,,46022600.0,,2692100.0,,3316800.0,,4819900.0,,48440100.0,,42902300.0,,2673300.0,,2228400.0,,2037100.0,,9373500.0,,16413800.0,,232400.0,,11378400.0,,,,39241200.0,,7774700.0,,50727700.0,,6500.0,,,,5044800.0,,,,,7589100.0,,,39597.0,2511400.0,,,,1708700.0,,,281209.0,1989900.0,,7904600.0,,622.0,2057100.0,8842,9085900.0,,4193300.0,,5877100.0,,9944400.0,,7629900.0,,13534000.0,,,,3785000.0,,6702200.0,,6228400.0,,,,5202700.0,,7504500.0,,3744000.0,835164,3892600.0,,18412900.0,,8669600.0,,4440700.0,,10700.0,,1175.0,3918600.0,,,5254500.0,,6338100.0,,74881700.0,,1974700.0,,,3088000.0,,686.0,26514800.0,,,,26698100.0,,12227700.0,,,22647700.0,,131963300.0,,5415200.0,,40214700.0,,29446700.0,,7001200.0,,5497000.0,,12511400.0,,,2408000.0,,10600.0,,,,1186600.0,,2786400.0,,9076600.0,,,10920800.0,1288033,,10641400.0,,16107000.0,,7407300.0,,20293100.0,,6972000.0,,594300.0,,,,7220700.0,,38456000.0,,75361.0,28654500.0,,20350500.0,6410,128984600.0,,10161000.0,,11637100.0,,8237900.0,,0.0,2887800.0,,,,806000.0,405749.0,0.0,38925700.0,,,10504300.0,,5014800.0,,,,42275500.0,,5460500.0,,39294600.0,,12600600.0,,,,,,59.0,,,,37679300.0,,5902600.0,41440.0,1347100.0,,2226100.0,,,,46110300.0,,5830300.0,,77503300.0,,55486.0,,,,71307100.0,,15184840.0,,,,,,555200.0,,,3521600.0,,5982400.0,,90378200.0,,156966000.0,,9081900.0,,1608100.0,,9049500.0,,2278600.0,,23446200.0,,357200.0,,3090800.0,,2855280.0,,5887200.0,,4504500.0,67930,8054300.0,0.0,7878500.0,,14991500.0,,,294820.0,10815700.0,,24022200.0,,,,,,4180800.0,160.0
2025-07-25,2171063.0,665815.0,8080910.0,102962.0,1202489.0,377273.0,431257.0,9565750.0,19886923.0,67591246.0,115972199.0,28787743.0,50780870.0,,6232228.0,4194200.0,,40268800.0,,2053200.0,,2648300.0,,6608700.0,,53432300.0,,28712100.0,,2883700.0,,3151900.0,,2312100.0,,25294500.0,,12476200.0,,193000.0,,7060600.0,,,,16435600.0,,12566600.0,,29196800.0,,6200.0,,,,4220500.0,,,,,3597000.0,,,27384.0,2218400.0,,,,1116000.0,,,234283.0,1596200.0,,8643300.0,,1941.0,1827700.0,8391,6988500.0,,2304800.0,,4015400.0,,7178800.0,,10297500.0,,11590000.0,,,,4301000.0,,5656600.0,,4773600.0,,,,6918800.0,,9017800.0,,1862400.0,567403,2295600.0,,22740500.0,,3987700.0,,3634400.0,,9300.0,,67.0,3604500.0,,,4718100.0,,7090600.0,,39785900.0,,1851400.0,,,2221000.0,,911.0,46347000.0,,,,35637800.0,,8927400.0,,,7758700.0,,245077700.0,,21577600.0,,20278500.0,,24555500.0,,5918500.0,,8080000.0,,12574800.0,,,1208000.0,,39900.0,,,,914400.0,,2976900.0,,8914400.0,,,8271700.0,443390,,9830300.0,,19125700.0,,8380200.0,,16372300.0,,6028000.0,,629700.0,,,,6237600.0,,26293000.0,,39115.0,23396100.0,,9998000.0,3805,122316800.0,,7350200.0,,8347800.0,,7149600.0,,0.0,3459200.0,,,,690900.0,392168.0,20.0,57972300.0,,,6888100.0,,4808200.0,,,,30630800.0,,4505600.0,,51134500.0,,14517900.0,,,,,,7.0,,,,34308400.0,,4014900.0,40199.0,869200.0,,3259100.0,,,,40134900.0,,3727000.0,,68037900.0,,37240.0,,,,56865400.0,,13551100.0,,,,,,218200.0,,,3100400.0,,5181700.0,,79003200.0,,148227000.0,,11593400.0,,1895500.0,,7031800.0,,1917800.0,,13864100.0,,441900.0,,2748100.0,,3222720.0,,3915400.0,,8556100.0,72334,7880400.0,0.0,5571100.0,,12868500.0,,,71917.0,9111500.0,,20143200.0,,,,,,1935200.0,0.0
2025-07-26,,,,,,,,,,,,,,,,,,,,,,,,,,,,,,,,,,,,,,,,,,,,,,,,,,,,,,,,,,,,,,,,,,,,,,,,,,,,,9156.0,,3254,,,,,,,,,,,,,,,,,,,,,,,,,,,,610064,,,,,,,,,,,,,,,,,,,,,,,,,,,,,,,,,,,,,,,,,,,,,,,,,,,,,,,,,,,,,,,,,,,161877,,,,,,,,,,,,,,,,,,,,,,,,6043,,,,,,,,,,,,,,,359311.0,,,,,,,,,,,,,,,,,,,,,,,,,,,,,,7055.0,,,,,,,,,,,,,,,,,,,,,,,,,,,,,,,,,,,,,,,,,,,,,,,,,,,,,,,83222,,1.0,,,,,,38538.0,,,,,,,,,,0.0
2025-07-27,,,,,,,,,,,,,,,,,,,,,,,,,,,,,,,,,,,,,,,,,,,,,,,,,,,,,,,,,,,,,,,,,,,,,,,,,,,,,3773.0,,4786,,,,,,,,,,,,,,,,,,,,,,,,,,,,606044,,,,,,,,,,,,,,,,,,,,,,,,,,,,,,,,,,,,,,,,,,,,,,,,,,,,,,,,,,,,,,,,,,,190315,,,,,,,,,,,,,,,,,,,,,,,,1967,,,,,,,,,,,,,,,540158.0,,,,,,,,,,,,,,,,,,,,,,,,,,,,,,40327.0,,,,,,,,,,,,,,,,,,,,,,,,,,,,,,,,,,,,,,,,,,,,,,,,,,,,,,,45764,,1.0,,,,,,28877.0,,,,,,,,,,0.0
2025-07-28,2877357.0,692799.0,35332500.0,272477.0,600063.0,352416.0,374976.0,7342844.0,14661199.0,40443486.0,111282561.0,43894765.0,35482986.0,,5073783.0,5495000.0,,37858000.0,,2984200.0,,4654800.0,,4913000.0,,68267800.0,,26300100.0,,2823000.0,,4027900.0,,2253900.0,,8080300.0,,13683400.0,,287000.0,,11207400.0,,,,12965200.0,,8615300.0,,48779500.0,,14360500.0,,,,3626100.0,,,,,2679100.0,,,31485.0,2550300.0,,,,1136500.0,,,262038.0,2468100.0,,11270400.0,,1653.0,2006300.0,6565,9524200.0,,4507600.0,,4533700.0,,7303200.0,,9628100.0,,20558400.0,,,,4846600.0,,6042200.0,,6573200.0,,,,9521900.0,,6767800.0,,2199300.0,586093,2591600.0,,22597200.0,,3292800.0,,3569800.0,,34700.0,,533.0,2920600.0,,,5979200.0,,11481900.0,,38139500.0,,1464800.0,,,4062800.0,,782.0,22878400.0,,,,30578400.0,,21449000.0,,,5192500.0,,86105600.0,,9095200.0,,24461500.0,,24934900.0,,5840400.0,,8399000.0,,13668800.0,,,2822000.0,,17800.0,,,,1264800.0,,2587700.0,,8156100.0,,,8715700.0,371106,,13267400.0,,14308000.0,,6996500.0,,12932300.0,,4674000.0,,698100.0,,,,8599500.0,,34470000.0,,69852.0,15941500.0,,7373000.0,3725,140023500.0,,7156200.0,,11429700.0,,6756800.0,,0.0,2134700.0,,,,1223800.0,560235.0,0.0,63886900.0,,,15978400.0,,9627300.0,,,,31498700.0,,4008700.0,,22639700.0,,20928700.0,,,,,,154.0,,,,72578800.0,,5671900.0,48452.0,851300.0,,3441500.0,,,,59105900.0,,2298300.0,,88108400.0,,46433.0,,,,54917100.0,,12938160.0,,,,,,201800.0,,,3688400.0,,5831700.0,,95592000.0,,112673800.0,,11892200.0,,1421600.0,,8586800.0,,2083340.0,,11606100.0,,580300.0,,2964100.0,,4024940.0,,3921000.0,,10607100.0,83775,4508800.0,1.0,6845400.0,,12293100.0,,,17092.0,12818500.0,,23705200.0,,,,,,1998700.0,188.0
2025-07-29,2944177.0,646415.0,28190940.0,231470.0,928345.0,372546.0,357009.0,6718539.0,16847424.0,45509867.0,244366193.0,58440368.0,42962406.0,,13157417.0,4077100.0,,51411700.0,,4234200.0,,6874400.0,,4605400.0,,108154800.0,,33716200.0,,3270300.0,,3546500.0,,2292900.0,,8490900.0,,19210800.0,,192100.0,,13599700.0,,,,9682500.0,,9140100.0,,49105000.0,,1347500.0,,,,4193200.0,,,,,2753800.0,,,24345.0,2383700.0,,,,2215500.0,,,329112.0,3946600.0,,9334700.0,,1871.0,2065900.0,3040,9534800.0,,4566100.0,,5137100.0,,10999600.0,,10513300.0,,15261800.0,,,,4013200.0,,6283700.0,,7805600.0,,,,4531100.0,,6473700.0,,3911500.0,655719,3397200.0,,20673100.0,,6358900.0,,3234100.0,,21000.0,,113144.0,2749900.0,,,17713500.0,,6078800.0,,41389200.0,,2136000.0,,,2931600.0,,1039.0,35638800.0,,,,30568000.0,,18352500.0,,,4627300.0,,100831500.0,,5623200.0,,24144200.0,,28685900.0,,7635700.0,,10272000.0,,16223400.0,,,3080000.0,,40300.0,,,,2399200.0,,7100700.0,,7283700.0,,,13267000.0,338650,,14717200.0,,16469200.0,,10580000.0,,16653300.0,,23194000.0,,1028700.0,,,,10638300.0,,27525000.0,,117204.0,33716400.0,,6038500.0,3725,154077500.0,,110735600.0,,18967500.0,,8415300.0,,17.0,13615200.0,,,,1711900.0,1204165.0,438.0,42427200.0,,,42890700.0,,9460900.0,,,,45463300.0,,6464100.0,,38882200.0,,14706500.0,,,,,,1109.0,,,,57488300.0,,6968700.0,59511.0,1202600.0,,2487900.0,,,,236127400.0,,3297000.0,,101714500.0,,69219.0,,,,60556300.0,,18188820.0,,,,,,269200.0,,,6754500.0,,9336100.0,,116251200.0,,87358900.0,,9411500.0,,1857400.0,,7144700.0,,2006940.0,,24966200.0,,344200.0,,2752200.0,,4785400.0,,7402300.0,,15169700.0,82708,8861400.0,1.0,7478400.0,,14034300.0,,,5398.0,11511500.0,,24552000.0,,,,,,1901500.0,0.0
2025-07-30,2482807.0,1239327.0,34761444.0,3094286.0,768748.0,723168.0,779571.0,9812193.0,19362555.0,40098176.0,134783729.0,39050574.0,46172472.0,,7576922.0,5051000.0,,45512500.0,,3295200.0,,7972700.0,,4018500.0,,64820300.0,,32993300.0,,2247100.0,,4885300.0,,1407000.0,,7964500.0,,16738900.0,,331600.0,,12794100.0,,,,16357500.0,,9956200.0,,39294600.0,,493800.0,,,,3803000.0,,,,,3475600.0,,,15242.0,3172600.0,,,,1426200.0,,,345336.0,2307400.0,,11100000.0,,2154.0,1699600.0,5433,9317700.0,,4712800.0,,3928200.0,,8470000.0,,11052000.0,,15518200.0,,,,3765800.0,,5281500.0,,18798300.0,,,,8042900.0,,7624800.0,,3936700.0,493166,4322700.0,,62920800.0,,4413500.0,,3334000.0,,11300.0,,19252.0,2699600.0,,,7928000.0,,7956600.0,,32445400.0,,1816200.0,,,3110700.0,,2823.0,55250600.0,,,,39913500.0,,14022900.0,,,3718300.0,,67420300.0,,3162400.0,,15319600.0,,48924400.0,,8061700.0,,10582000.0,,10448200.0,,,3242000.0,,12700.0,,,,1927900.0,,4338700.0,,12529400.0,,,27077300.0,3379054,,45527600.0,,26380400.0,,7543800.0,,16378800.0,,13258000.0,,2924700.0,,,,8009400.0,,29227000.0,,126252.0,16816100.0,,5471000.0,57868,174312200.0,,65866200.0,,27107700.0,,8441400.0,,24.0,42277200.0,,,,835100.0,847707.0,352.0,40261700.0,,,20790400.0,,14382500.0,,,,43433800.0,,5280700.0,,37652100.0,,16853400.0,,,,,,352.0,,,,53032900.0,,7930300.0,27136.0,1334800.0,,3175300.0,,,,183424700.0,,2794200.0,,96772200.0,,65305.0,,,,80418900.0,,20937520.0,,3074400.0,,,,179700.0,,,19844300.0,,7103100.0,,145527600.0,,83931900.0,,6823800.0,,1512000.0,,6985100.0,,2953910.0,,16862800.0,,326200.0,,1716500.0,,5874580.0,,12129700.0,,18502400.0,70544,13984000.0,5.0,4957700.0,,13864100.0,,,1891.0,11644000.0,,26552400.0,,,,,,2259700.0,953.0
2025-07-31,3472644.0,2956498.0,26568072.0,628014.0,521064.0,2082871.0,735716.0,13790810.0,20453269.0,88972514.0,192541289.0,64406594.0,96061772.0,,12509175.0,5361500.0,,80698400.0,,4513100.0,,8339800.0,,11375400.0,,71765300.0,,104357300.0,,7940700.0,,22624900.0,,2892200.0,,6626200.0,,25488500.0,,314200.0,,13650400.0,,,,18527500.0,,10744600.0,,25853200.0,,326500.0,,,,6315300.0,,,,,3445200.0,,,56020.0,4116400.0,,,,1980300.0,,,247031.0,3412300.0,,12371200.0,,547.0,2564400.0,3638,5770600.0,,5513400.0,,7340300.0,,11331200.0,,24987800.0,,18529200.0,,,,3876200.0,,7235000.0,,11812500.0,,,,20280200.0,,8368000.0,,3346700.0,404476,4396600.0,,26591800.0,,5059800.0,,2737300.0,,45900.0,,3704.0,3343000.0,,,7360100.0,,13749900.0,,51329200.0,,2358100.0,,,3091600.0,,1537.0,38205000.0,,,,58057600.0,,11267300.0,,,6739100.0,,90665200.0,,5866400.0,,22905900.0,,42913900.0,,14749700.0,,22841000.0,,17193400.0,,,3716000.0,,23800.0,,,,2170300.0,,5810300.0,,27661800.0,,,38831100.0,32945511,,26433200.0,,51617300.0,,10467500.0,,29224300.0,,21444000.0,,1277100.0,,,,22905500.0,,37129000.0,,168396.0,17135300.0,,10659500.0,6391,221685400.0,,50372500.0,,22804600.0,,15548700.0,,0.0,29824700.0,,,,961500.0,307680.0,2.0,45342600.0,,,16657600.0,,24440100.0,,,,64613600.0,,19988900.0,,37911500.0,,13041500.0,,,,,,89.0,,,,46751800.0,,9928100.0,44808.0,1849200.0,,6227700.0,,,,120095300.0,,3787300.0,,133413800.0,,67273.0,,,,103385200.0,,25819980.0,,1964100.0,,,,218600.0,,,9399900.0,,7758800.0,,178874600.0,,85270900.0,,13490700.0,,1644000.0,,10144000.0,,2446080.0,,16922400.0,,774900.0,,6655500.0,,5998220.0,,8641700.0,,10875600.0,79072,24012700.0,5.0,5936400.0,,15651300.0,,,,11802100.0,,24960800.0,,,,,,2836000.0,0.0
2025-08-01,3227394.0,1083280.0,24038534.0,581414.0,827729.0,671230.0,600252.0,17550630.0,21203861.0,53555156.0,125345524.0,47594674.0,55437231.0,,9956824.0,5885900.0,,104434500.0,,4307900.0,,6940300.0,,8393200.0,,75396100.0,,122258800.0,,6336300.0,,7673400.0,,1627100.0,,9130700.0,,21428100.0,,564300.0,,12424300.0,,,,17502400.0,,14081400.0,,31156200.0,,477300.0,,,,5287500.0,,,,,3663500.0,,,68855.0,4027300.0,,,,2151900.0,,,355819.0,3434300.0,,31342200.0,,,2934500.0,6123,12924900.0,,5722700.0,,7646900.0,,12057600.0,,13055000.0,,21650000.0,,,,5521000.0,,8637800.0,,6812500.0,,,,11878000.0,,7790800.0,,4497600.0,383255,11792100.0,,30103500.0,,3800800.0,,3989100.0,,4800.0,,3420.0,3077400.0,,,5845600.0,,7878400.0,,34832200.0,,2999100.0,,,3008200.0,,1301.0,26736400.0,,,,76745100.0,,14724600.0,,,9683400.0,,86496100.0,,6995200.0,,23781300.0,,63854100.0,,12007100.0,,14746000.0,,16107500.0,,,6044000.0,,12600.0,,,,2431700.0,,4859500.0,,16601000.0,,,19028700.0,3686931,,28877000.0,,28977600.0,,21808900.0,,24003300.0,,8790000.0,,1359600.0,,,,11719100.0,,38910000.0,,102378.0,23529100.0,,9055500.0,2683,204529000.0,,34787400.0,,23356200.0,,12718200.0,,0.0,16242900.0,,,,852000.0,308555.0,7.0,61287000.0,,,15181100.0,,12706700.0,,,,69400800.0,,27258300.0,,42548400.0,,16566300.0,,,,,,95.0,,,,40840300.0,,14032200.0,103367.0,1661800.0,,8578000.0,,,,89388500.0,,4951300.0,,132665200.0,,92499.0,,,,140103600.0,,36714800.0,,2693000.0,,,,882700.0,,,4812200.0,,15434500.0,,219781200.0,,89121400.0,,13549800.0,,1396300.0,,6625100.0,,3103310.0,,15732500.0,,904600.0,,10790800.0,,13146760.0,,8658700.0,,11015000.0,78814,8789800.0,5.0,6933900.0,,16750400.0,,,,9334100.0,,42329400.0,,,,,,3360000.0,0.0
2025-08-02,,,,,,,,,,,,,,,,,,,,,,,,,,,,,,,,,,,,,,,,,,,,,,,,,,,,,,,,,,,,,,,,,,,,,,,,,,,,,,,0,,,,,,,,,,,,,,,,,,,,,,,,,,,,366829,,,,,,,,,,,,,,,,,,,,,,,,,,,,,,,,,,,,,,,,,,,,,,,,,,,,,,,,,,,,,,,,,,,998921,,,,,,,,,,,,,,,,,,,,,,,,4872,,,,,,,,,,,,,,,292588.0,,,,,,,,,,,,,,,,,,,,,,,,,,,,,,98053.0,,,,,,,,,,,,,,,,,,,,,,,,,,,,,,,,,,,,,,,,,,,,,,,,,,,,,,,77470,,5.0,,,,,,,,,,,,,,,,0.0
2025-08-03,,,,,,,,,,,,,,,,,,,,,,,,,,,,,,,,,,,,,,,,,,,,,,,,,,,,,,,,,,,,,,,,,,,,,,,,,,,,,336.0,,1912,,,,,,,,,,,,,,,,,,,,,,,,,,,,399964,,,,,,,,,,,,,,,,,,,,,,,,,,,,,,,,,,,,,,,,,,,,,,,,,,,,,,,,,,,,,,,,,,,305463,,,,,,,,,,,,,,,,,,,,,,,,1940,,,,,,,,,,,,,,,286365.0,,,,,,,,,,,,,,,,,,,,,,,,,,,,,,32971.0,,,,,,,,,,,,,,,,,,,,,,,,,,,,,,,,,,,,,,,,,,,,,,,,,,,,,,,58212,,5.0,,,,,,1801.0,,,,,,,,,,0.0
2025-08-04,2281558.0,651682.0,14780072.0,850292.0,1276649.0,312269.0,245078.0,11482490.0,17340007.0,43768700.0,98427945.0,33083739.0,34769687.0,,8183731.0,3617400.0,,75109300.0,,6449300.0,,5934100.0,,4189300.0,,52951000.0,,77890100.0,,4986200.0,,4866900.0,,1025600.0,,9022100.0,,17164600.0,,303800.0,,7272100.0,,,,7913800.0,,7796800.0,,35928300.0,,681300.0,,,,10874300.0,,,,,3975300.0,,,41788.0,4059500.0,,,,1434300.0,,,277375.0,2453500.0,,12106400.0,,,2389900.0,9687,11701300.0,,3192300.0,,4403500.0,,7531200.0,,9034900.0,,17052200.0,,,,2765300.0,,8845000.0,,7101700.0,,,,6767900.0,,5963400.0,,1983000.0,529048,3415600.0,,16455800.0,,3357600.0,,2874800.0,,51800.0,,351.0,2155900.0,,,5088400.0,,5059400.0,,31547400.0,,1753700.0,,,2844300.0,,1042.0,37443400.0,,,,46466000.0,,14705200.0,,,5280600.0,,69249400.0,,7103200.0,,11044400.0,,34989600.0,,6649500.0,,10645000.0,,10701500.0,,,2348000.0,,8600.0,,,,1427800.0,,3353400.0,,11876700.0,,,15801700.0,274448,,11882900.0,,25349000.0,,12362400.0,,14780600.0,,5636000.0,,470400.0,,,,7096100.0,,22447000.0,,167435.0,19000800.0,,6427500.0,2830,148174600.0,,20691900.0,,41381200.0,,8614800.0,,0.0,11191600.0,,,,621000.0,296072.0,80.0,82993600.0,,,11756800.0,,8150200.0,,,,47669800.0,,15113300.0,,45497100.0,,11625100.0,,,,,,488.0,,,,32743600.0,,5323200.0,38876.0,1540000.0,,3422700.0,,,,59741200.0,,2362200.0,,85963800.0,,44479.0,,,,73218000.0,,23359080.0,,1445300.0,,,,311300.0,,,3635900.0,,10666700.0,,108586000.0,,78683900.0,,6450700.0,,1875300.0,,4682700.0,,2498880.0,,15138900.0,,403500.0,,10467200.0,,4184900.0,,7335300.0,,6744800.0,22776,5097400.0,0.0,6824800.0,,19050200.0,,,3193.0,7662100.0,,26509600.0,,,,,,1995100.0,0.0
2025-08-05,2118171.0,480510.0,14392903.0,965006.0,683813.0,407655.0,355246.0,11202260.0,17347823.0,51599683.0,93018842.0,41413757.0,30068857.0,,5873565.0,4020400.0,,44155100.0,,3909000.0,,6941100.0,,5292000.0,,88808500.0,,51505100.0,,6389800.0,,4384600.0,,1261200.0,,6287600.0,,18477500.0,,223900.0,,5885600.0,,,,12722200.0,,8389100.0,,25646900.0,,370200.0,,,,6780700.0,,,,,4761700.0,,,47388.0,4329900.0,,,,1470700.0,,,279030.0,2126200.0,,16863900.0,,,2462300.0,9464,7802400.0,,3485100.0,,6761000.0,,12418400.0,,11902800.0,,15434500.0,,,,4754800.0,,15365700.0,,9050600.0,,,,6218900.0,,4310000.0,,3557400.0,374411,3881800.0,,15511100.0,,2679400.0,,3111700.0,,44300.0,,915.0,2180200.0,,,5389600.0,,4981400.0,,31602300.0,,1977300.0,,,2931400.0,,831.0,105853300.0,,,,33460900.0,,12199300.0,,,5823000.0,,97338200.0,,6959200.0,,8329300.0,,31337100.0,,7182300.0,,11783000.0,,11993400.0,,,2510000.0,,10900.0,,,,1648100.0,,3615200.0,,12100100.0,,,11640300.0,318043,,11920800.0,,19171600.0,,8467100.0,,17836000.0,,5100000.0,,529800.0,,,,8585100.0,,26607000.0,,134125.0,15783200.0,,7242500.0,29713,156407600.0,,21508400.0,,56284000.0,,11197300.0,,0.0,8645700.0,,,,1241400.0,314620.0,4.0,130917500.0,,,10714700.0,,7794500.0,,,,48666600.0,,10585100.0,,67997400.0,,10920400.0,,,,,,3.0,,,,49970600.0,,6918300.0,35390.0,1422900.0,,4003900.0,,,,48936500.0,,3702600.0,,99733400.0,,66484.0,,,,68051400.0,,22758980.0,,1410000.0,,,,457900.0,,,7233600.0,,5937300.0,,152088400.0,,57961300.0,,11868900.0,,1398000.0,,5761900.0,,2418380.0,,25856000.0,,718400.0,,8535200.0,,3963960.0,,7295600.0,,5091100.0,25572,5898200.0,0.0,5925900.0,,17977000.0,,,12799.0,8943700.0,,31413600.0,,,,,,1880900.0,0.0
2025-08-06,1374559.0,385330.0,12542415.0,453969.0,1076418.0,383634.0,254054.0,7972658.0,20737133.0,35948430.0,60265442.0,25530156.0,45089472.0,,19541080.0,5727600.0,,108483100.0,,3347200.0,,17234700.0,,5857800.0,,133641800.0,,54823000.0,,12843900.0,,3241000.0,,1218700.0,,6366500.0,,17392100.0,,189000.0,,12079600.0,,,,9392500.0,,8235500.0,,46866100.0,,804600.0,,,,4557100.0,,,,,2470500.0,,,62159.0,2630800.0,,,,1363500.0,,,353827.0,2456800.0,,15982700.0,,,2753000.0,1518,8357900.0,,4519100.0,,5834700.0,,8142800.0,,7794300.0,,23107800.0,,,,6250900.0,,22153700.0,,14980300.0,,,,4729200.0,,5501600.0,,4043800.0,373091,2540800.0,,27541100.0,,3809600.0,,1749600.0,,45800.0,,1492.0,1894900.0,,,5825200.0,,4825000.0,,21562900.0,,1477100.0,,,2812800.0,,924.0,46133300.0,,,,33023500.0,,18907400.0,,,3692100.0,,67074200.0,,5919200.0,,26736000.0,,23142100.0,,6330200.0,,9350000.0,,10783000.0,,,1604000.0,,5000.0,,,,2283400.0,,4752100.0,,10631900.0,,,9733900.0,314041,,14469700.0,,21355700.0,,7242600.0,,13021900.0,,5280000.0,,429600.0,,,,9731100.0,,33622000.0,,133710.0,15149200.0,,5343000.0,66,137192300.0,,37438100.0,,36704600.0,,9930200.0,,0.0,9890900.0,,,,1002100.0,328535.0,47.0,82924800.0,,,11913000.0,,8475700.0,,,,41823700.0,,8279400.0,,67072700.0,,8051600.0,,,,,,6.0,,,,115217900.0,,6124300.0,9139.0,1553800.0,,3236600.0,,,,36720500.0,,5571800.0,,103447500.0,,55950.0,,,,64357500.0,,23645200.0,,1348800.0,,,,460200.0,,,3358100.0,,9319300.0,,128995200.0,,78523600.0,,9457200.0,,1544400.0,,7089000.0,,2095760.0,,40169800.0,,470600.0,,4943700.0,,3575640.0,,5944100.0,,4079300.0,63492,7647000.0,0.0,5574300.0,,23738400.0,,,12944.0,11585000.0,,38249400.0,,,,,,2671500.0,0.0
2025-08-07,2724438.0,421547.0,15008213.0,645193.0,1019496.0,346646.0,250257.0,9515224.0,16940382.0,32644385.0,314366077.0,45307651.0,29091754.0,,17068563.0,6412000.0,,90224800.0,,4661800.0,,8765700.0,,6616600.0,,95448300.0,,40603500.0,,20738700.0,,4269200.0,,1723800.0,,11892600.0,,16319400.0,,120200.0,,9480600.0,,,,9586800.0,,10221200.0,,65922100.0,,227300.0,,,,5755700.0,,,,,3082300.0,,,44063.0,4261100.0,,,,1216400.0,,,300518.0,4458300.0,,13857200.0,,,1893300.0,11883,10166300.0,,3133100.0,,10010200.0,,22840400.0,,17715900.0,,22579600.0,,,,5691200.0,,15484400.0,,23654300.0,,,,4940400.0,,5575600.0,,4145800.0,388663,2208500.0,,27981200.0,,5029700.0,,2766000.0,,17500.0,,5464.0,2239900.0,,,9632800.0,,4456300.0,,26321800.0,,1400400.0,,,2433000.0,,986.0,32134500.0,,,,44736000.0,,16213100.0,,,6251300.0,,131382800.0,,17935200.0,,21241000.0,,37088000.0,,8057100.0,,7172000.0,,15790800.0,,,1650000.0,,1400.0,,,,1339200.0,,26101600.0,,9572300.0,,,9019700.0,285276,,14628000.0,,16079100.0,,13051200.0,,18986500.0,,7278000.0,,477300.0,,,,44065000.0,,26283000.0,,171662.0,17414200.0,,13993500.0,7600,151878400.0,,40780500.0,,34876200.0,,11954200.0,,0.0,14553500.0,,,,489200.0,289111.0,0.0,77829200.0,,,10129300.0,,6753500.0,,,,44463000.0,,6074500.0,,33230100.0,,21522100.0,,,,,,130.0,,,,43942200.0,,8069400.0,23465.0,2207200.0,,4619400.0,,,,53034200.0,,6712800.0,,117228400.0,,66353.0,,,,74205800.0,,24443500.0,,1291000.0,,,,349200.0,,,2966300.0,,6331800.0,,169239200.0,,66658700.0,,17691000.0,,2267100.0,,6563900.0,,2391220.0,,28522200.0,,2483100.0,,9455000.0,,3658080.0,,8797100.0,,5302500.0,33770,6938300.0,764.0,11562600.0,,12509500.0,,,4073.0,9802700.0,,35042000.0,,,,,,2438900.0,98.0
2025-08-08,2676174.0,440664.0,22241128.0,670902.0,1638049.0,432032.0,271831.0,11031420.0,13305719.0,25022120.0,137470985.0,32731508.0,21911956.0,,5395904.0,12222900.0,,113854000.0,,3507800.0,,7065300.0,,4338400.0,,68866700.0,,32970500.0,,9487800.0,,3483700.0,,1042900.0,,7173200.0,,12458700.0,,162600.0,,9763600.0,,,,4753500.0,,8846200.0,,92117400.0,,348100.0,,,,3330600.0,,,,,2279600.0,,,52157.0,2965200.0,,,,2021400.0,,,322939.0,3484900.0,,9253800.0,,,2189700.0,16112,8921000.0,,2921700.0,,8812000.0,,14528400.0,,17159700.0,,31662400.0,,,,5458600.0,,9491000.0,,16820700.0,,,,5326400.0,,7747000.0,,2088000.0,387504,3098300.0,,31947400.0,,3401000.0,,2410000.0,,46300.0,,7657.0,1888700.0,,,4374700.0,,4833100.0,,39161800.0,,1275400.0,,,2326700.0,,645.0,23206200.0,,,,41905700.0,,15199300.0,,,6828400.0,,75415000.0,,8039200.0,,12842900.0,,28318100.0,,6634100.0,,7195000.0,,9232700.0,,,1194000.0,,24500.0,,,,2694600.0,,14125100.0,,8765100.0,,,7320800.0,343282,,9971300.0,,15531000.0,,11200100.0,,28962200.0,,14720000.0,,330300.0,,,,18451900.0,,38167000.0,,164260.0,15554000.0,,9514000.0,78569,123396700.0,,23367500.0,,41406300.0,,8313300.0,,0.0,9842200.0,,,,482300.0,200820.0,2.0,62657900.0,,,9683400.0,,5028700.0,,,,35255500.0,,4727000.0,,31601200.0,,39170200.0,,,,,,54.0,,,,43796800.0,,5121600.0,9204.0,3516500.0,,8616100.0,,,,49146100.0,,4946700.0,,71389900.0,,45195.0,,,,64051600.0,,20717020.0,,826000.0,,,,232400.0,,,3185700.0,,5667100.0,,104522600.0,,91200300.0,,10552500.0,,5619200.0,,5946200.0,,2522140.0,,26212500.0,,418100.0,,11312500.0,,3976820.0,,6073900.0,,3734000.0,12518,4983600.0,0.0,13788200.0,,12394700.0,,,7309.0,6667100.0,,40736200.0,,,,,,2388600.0,0.0
2025-08-09,,,,,,,,,,,,,,,,,,,,,,,,,,,,,,,,,,,,,,,,,,,,,,,,,,,,,,,,,,,,,,,,,,,,,,,,,,,,,,,2366,,,,,,,,,,,,,,,,,,,,,,,,,,,,378032,,,,,,,,,,,,,,,,,,,,,,,,,,,,,,,,,,,,,,,,,,,,,,,,,,,,,,,,,,,,,,,,,,,266051,,,,,,,,,,,,,,,,,,,,,,,,134951,,,,,,,,,,,,,,,231659.0,,,,,,,,,,,,,,,,,,,,,,,,,,,,,,1629.0,,,,,,,,,,,,,,,,,,,,,,,,,,,,,,,,,,,,,,,,,,,,,,,,,,,,,,,15199,,0.0,,,,,,,,,,,,,,,,150.0
2025-08-10,,,,,,,,,,,,,,,,,,,,,,,,,,,,,,,,,,,,,,,,,,,,,,,,,,,,,,,,,,,,,,,,,,,,,,,,,,,,,,,25638,,,,,,,,,,,,,,,,,,,,,,,,,,,,285090,,,,,,,,,,,,,,,,,,,,,,,,,,,,,,,,,,,,,,,,,,,,,,,,,,,,,,,,,,,,,,,,,,,325579,,,,,,,,,,,,,,,,,,,,,,,,465,,,,,,,,,,,,,,,250054.0,,,,,,,,,,,,,,,,,,,,,,,,,,,,,,344.0,,,,,,,,,,,,,,,,,,,,,,,,,,,,,,,,,,,,,,,,,,,,,,,,,,,,,,,11261,,0.0,,,,,,279.0,,,,,,,,,,0.0
2025-08-11,2415473.0,298656.0,11354253.0,359552.0,1264837.0,922276.0,348955.0,7679003.0,11790350.0,25609832.0,126045702.0,35076252.0,39684143.0,,6414420.0,5699700.0,,61806100.0,,4366200.0,,4769100.0,,7816000.0,,70651000.0,,31646200.0,,5976600.0,,5673400.0,,1179700.0,,9531500.0,,12396400.0,,135700.0,,12072000.0,,,,5760400.0,,9815600.0,,147160700.0,,1357200.0,,,,3712100.0,,,,,2609200.0,,,31132.0,3416000.0,,,,1409300.0,,,234807.0,4006200.0,,14664400.0,,135.0,2290100.0,46748,11888900.0,,2358200.0,,10740100.0,,10101600.0,,19430300.0,,28911400.0,,,,4402800.0,,8532600.0,,8910900.0,,,,6543500.0,,3296300.0,,1398400.0,342349,1917200.0,,16383800.0,,2862000.0,,5401000.0,,61500.0,,1488.0,1687600.0,,,5694900.0,,5212500.0,,25832400.0,,1273500.0,,,2605800.0,,794.0,27019900.0,,,,36942300.0,,15792900.0,,,9382000.0,,175545600.0,,21562400.0,,18186500.0,,25212800.0,,5510100.0,,8140000.0,,10909400.0,,,1148000.0,,2300.0,,,,4315100.0,,11294200.0,,8637000.0,,,7612000.0,293079,,11843600.0,,20194400.0,,10394400.0,,35065800.0,,19600000.0,,471900.0,,,,21552700.0,,24556000.0,,156872.0,11063200.0,,11849000.0,8274,138323200.0,,16177600.0,,26386900.0,,9012100.0,,0.0,10219700.0,,,,814700.0,205316.0,7.0,56125600.0,,,10118600.0,,6215900.0,,,,33112900.0,,5563400.0,,40349800.0,,24893500.0,,,,,,35.0,,,,31865900.0,,5799700.0,471.0,3095000.0,,5214000.0,,,,58462600.0,,3651400.0,,75943500.0,,49829.0,,,,58742300.0,,16418600.0,,1357500.0,,,,172400.0,,,3042600.0,,3916300.0,,94617000.0,,105320200.0,,8272900.0,,3191100.0,,6457800.0,,2567760.0,,16668900.0,,575000.0,,10987000.0,,2560100.0,,5715800.0,,4109500.0,12754,7304300.0,0.0,10527700.0,,12856700.0,,,9611.0,6216000.0,,28828800.0,,,,,,2187800.0,0.0
2025-08-12,3008648.0,347183.0,15797656.0,272659.0,743541.0,482070.0,314487.0,9060486.0,13827897.0,113868221.0,143542082.0,43082931.0,32006831.0,,6702230.0,5557400.0,,55626200.0,,3569400.0,,7065400.0,,5915400.0,,52243500.0,,37185800.0,,4536800.0,,3996500.0,,1461800.0,,21541100.0,,17609600.0,,204800.0,,11939800.0,,,,13302200.0,,9154500.0,,128927000.0,,406300.0,,,,3767300.0,,,,,4180700.0,,,33110.0,2765100.0,,,,1488500.0,,,304441.0,4019300.0,,9947800.0,,,1588500.0,2623,33232700.0,,3229500.0,,13178000.0,,9244000.0,,28270300.0,,21912100.0,,,,4856200.0,,7274000.0,,7110000.0,,,,5690100.0,,8737600.0,,2152600.0,373587,2456400.0,,31062800.0,,2196800.0,,10157000.0,,41500.0,,1611.0,1803400.0,,,5192500.0,,4854200.0,,30397900.0,,2418100.0,,,2911300.0,,803.0,30022400.0,,,,31461900.0,,17056900.0,,,8792800.0,,134153600.0,,14208000.0,,13768300.0,,43815500.0,,8570900.0,,10279000.0,,11061100.0,,,2002000.0,,20800.0,,,,5861200.0,,6897400.0,,11885800.0,,,14563100.0,242440,,15547900.0,,18667000.0,,8333600.0,,25961200.0,,18522000.0,,719400.0,,,,16106400.0,,22788000.0,,219061.0,12397600.0,,14329000.0,3507,145485700.0,,10921900.0,,71915200.0,,9998400.0,,0.0,11514300.0,,,,630600.0,188057.0,0.0,54819000.0,,,9747500.0,,9304100.0,,,,42143300.0,,4742400.0,,33584100.0,,20848000.0,,,,,,19.0,,,,30326100.0,,7592800.0,683.0,3204500.0,,3942400.0,,,,56583300.0,,4992100.0,,125315900.0,,70056.0,,,,64730800.0,,22596520.0,,818400.0,,,,293400.0,,,4247300.0,,9197900.0,,119469600.0,,80522100.0,,7295800.0,,2440000.0,,9961500.0,,5216120.0,,12509000.0,,247500.0,,18028600.0,,5289520.0,,5682800.0,,6185600.0,20785,7694700.0,0.0,8225800.0,,17915300.0,,,6660.0,9684500.0,,34522600.0,,,,,,3089600.0,0.0
2025-08-13,3472694.0,377571.0,12305742.0,569109.0,1017399.0,825195.0,838607.0,10331610.0,37596415.0,52707265.0,153181037.0,55126547.0,54998562.0,,7875648.0,4930700.0,,69878500.0,,4375100.0,,4835000.0,,5923400.0,,108305100.0,,36508300.0,,6334100.0,,3335800.0,,2011900.0,,9534600.0,,17371200.0,,127600.0,,19362500.0,,,,17088500.0,,13270900.0,,107425100.0,,673500.0,,,,4629400.0,,,,,5598700.0,,,40497.0,4403000.0,,,,1547900.0,,,298939.0,10793700.0,,15399800.0,,60.0,2352600.0,5667,17877900.0,,4676900.0,,10209200.0,,9844400.0,,37157600.0,,38096400.0,,,,6025200.0,,9025700.0,,8364400.0,,,,7374100.0,,5795300.0,,2105600.0,681305,3856000.0,,29390400.0,,3618600.0,,6225500.0,,82100.0,,1011.0,3936400.0,,,4295300.0,,5349300.0,,28342900.0,,1862600.0,,,5187500.0,,879.0,19269100.0,,,,54719700.0,,16222700.0,,,5663600.0,,86024400.0,,9270400.0,,17062100.0,,41705800.0,,8420400.0,,9007000.0,,10356500.0,,,2234000.0,,10000.0,,,,9253200.0,,6310000.0,,12118600.0,,,8811800.0,399513,,11740200.0,,19619200.0,,10884900.0,,18438200.0,,11046000.0,,556800.0,,,,18701900.0,,27624000.0,,179251.0,17927200.0,,12268000.0,14512,179871700.0,,19443200.0,,94894900.0,,14182100.0,,0.0,11947500.0,,,,733000.0,193841.0,0.0,53610000.0,,,12344700.0,,7103300.0,,,,41209300.0,,7467000.0,,25094800.0,,14523600.0,,,,,,8.0,,,,26004400.0,,8959700.0,1064.0,2348500.0,,4429400.0,,,,68665800.0,,3798100.0,,89497100.0,,54347.0,,,,60092800.0,,18463340.0,,759100.0,,,,601800.0,,,5223800.0,,5584300.0,,96058600.0,,67838900.0,,7971900.0,,2105700.0,,4966300.0,,4226670.0,,16867300.0,,795200.0,,11165700.0,,3221220.0,,5693400.0,,9976000.0,12192,5298600.0,0.0,7168300.0,,19398500.0,,,1158.0,14986100.0,,25601200.0,,,,,,2274100.0,0.0
2025-08-14,2101050.0,546695.0,11946122.0,259530.0,1165222.0,450162.0,367302.0,8615857.0,36339315.0,31970460.0,108675681.0,40760133.0,44651247.0,,4976742.0,4933300.0,,51916300.0,,3745600.0,,4518900.0,,10992400.0,,66308800.0,,61545800.0,,5005100.0,,4927800.0,,1577400.0,,11624400.0,,15717600.0,,162400.0,,15045600.0,,,,9761100.0,,19825900.0,,70142500.0,,432700.0,,,,4187100.0,,,,,2834800.0,,,34810.0,3676000.0,,,,2612600.0,,,251652.0,28971800.0,,9403600.0,,,1808700.0,21226,17905900.0,,4400800.0,,7544800.0,,11646400.0,,51195200.0,,39317300.0,,,,3813800.0,,6800900.0,,6984800.0,,,,6048700.0,,4498900.0,,1801700.0,305928,1983700.0,,36668900.0,,3099700.0,,4173900.0,,33600.0,,592.0,2534400.0,,,3608900.0,,4780000.0,,25230400.0,,1371200.0,,,3600200.0,,2053.0,24049200.0,,,,34395300.0,,7800500.0,,,4556700.0,,188052500.0,,27070400.0,,36247900.0,,55945500.0,,6322400.0,,10053000.0,,10722400.0,,,1284000.0,,4600.0,,,,5324000.0,,8395900.0,,11163800.0,,,8116200.0,1761327,,10127800.0,,20269100.0,,16461700.0,,12235900.0,,15094000.0,,348600.0,,,,13114000.0,,39047000.0,,138654.0,13570600.0,,8939500.0,16776,129554000.0,,12620600.0,,53138400.0,,10285600.0,,0.0,8784600.0,,,,406900.0,213249.0,0.0,53472900.0,,,10695400.0,,6294800.0,,,,45425000.0,,7579700.0,,38053200.0,,18472900.0,,,,,,5.0,,,,22948700.0,,5827000.0,191.0,3549300.0,,2791000.0,,,,52370500.0,,2317000.0,,84286800.0,,56693.0,,,,59327500.0,,23794240.0,,822000.0,,,,670400.0,,,2431000.0,,7343200.0,,106385800.0,,75000700.0,,11040500.0,,1688700.0,,3917300.0,,3479060.0,,14525100.0,,457700.0,,7029500.0,,4127800.0,,6224000.0,,8129200.0,8186,6621400.0,0.0,5723400.0,,10858400.0,,,357.0,11579800.0,,24944600.0,,,,,,1932500.0,0.0
2025-08-15,,,,,,,,,22176876.0,30543394.0,109819085.0,35054080.0,62448840.0,,4363886.0,4211100.0,,56038700.0,,3718700.0,,4143400.0,,31803300.0,,51543100.0,,39649200.0,,3404000.0,,3434500.0,,1635100.0,,4503100.0,,22806900.0,,149800.0,,11141800.0,,,,12431900.0,,10200000.0,,59864200.0,,234300.0,,,,5229800.0,,,,,3684000.0,,,35864.0,3107400.0,,,,1478800.0,,,197390.0,8990800.0,,7881200.0,,106.0,1638300.0,21985,23286200.0,,2936900.0,,12942800.0,,9057600.0,,52661100.0,,40877300.0,,,,3448200.0,,6768600.0,,9604100.0,,,,6130700.0,,5582000.0,,1674600.0,328363,3400000.0,,25575700.0,,4663500.0,,6269400.0,,55300.0,,1185.0,2488200.0,,,3054900.0,,4965600.0,,34931400.0,,1645900.0,,,3841400.0,,797.0,18163400.0,,,,32215900.0,,14998500.0,,,4344300.0,,310161100.0,,30782400.0,,25690200.0,,33571400.0,,7340500.0,,20645000.0,,12381100.0,,,1080000.0,,4200.0,,,,3165300.0,,8224600.0,,23155700.0,,,13375400.0,564317,,13212900.0,,25213300.0,,13125300.0,,18986700.0,,6348000.0,,448200.0,,,,9237600.0,,27678000.0,,132775.0,12638800.0,,8794000.0,13758,156602200.0,,17622500.0,,48996000.0,,11554000.0,,0.0,9548600.0,,,,577200.0,190428.0,0.0,60288700.0,,,8128000.0,,7583700.0,,,,49480200.0,,6434000.0,,51961800.0,,14183100.0,,,,,,2.0,,,,27407500.0,,9026300.0,408.0,7519200.0,,3344900.0,,,,44765000.0,,5183700.0,,93664700.0,,54317.0,,,,68592500.0,,21603460.0,,650800.0,,,,351300.0,,,3238400.0,,7123200.0,,96167400.0,,74319800.0,,8155500.0,,1376600.0,,5872900.0,,3239850.0,,15841800.0,,576400.0,,4771900.0,,4817820.0,,4946600.0,,6207700.0,6736,4258400.0,0.0,7255900.0,,13604900.0,,,,10672400.0,,27297800.0,,,,,,2337800.0,0.0
2025-08-16,,,,,,,,,,,,,,,,,,,,,,,,,,,,,,,,,,,,,,,,,,,,,,,,,,,,,,,,,,,,,,,,,,,,,,,,,,,,,160.0,,0,,,,,,,,,,,,,,,,,,,,,,,,,,,,351801,,,,,,,,,,,,,,,,,,,,,,,,,,,,,,,,,,,,,,,,,,,,,,,,,,,,,,,,,,,,,,,,,,,625197,,,,,,,,,,,,,,,,,,,,,,,,3312,,,,,,,,,,,,,,,191415.0,,,,,,,,,,,,,,,,,,,,,,,,,,,,,,43.0,,,,,,,,,,,,,,,,,,,,,,,,,,,,,,,,,,,,,,,,,,,,,,,,,,,,,,,15547,,0.0,,,,,,,,,,,,,,,,0.0
2025-08-17,,,,,,,,,,,,,,,,,,,,,,,,,,,,,,,,,,,,,,,,,,,,,,,,,,,,,,,,,,,,,,,,,,,,,,,,,,,,,,,3020,,,,,,,,,,,,,,,,,,,,,,,,,,,,295080,,,,,,,,,,,,,,,,,,,,,,,,,,,,,,,,,,,,,,,,,,,,,,,,,,,,,,,,,,,,,,,,,,,586172,,,,,,,,,,,,,,,,,,,,,,,,7779,,,,,,,,,,,,,,,222349.0,,,,,,,,,,,,,,,,,,,,,,,,,,,,,,188.0,,,,,,,,,,,,,,,,,,,,,,,,,,,,,,,,,,,,,,,,,,,,,,,,,,,,,,,12748,,0.0,,,,,,171.0,,,,,,,,,,0.0
2025-08-18,1993220.0,405813.0,13595591.0,300453.0,479724.0,595561.0,287958.0,7647067.0,17590658.0,35017528.0,116003641.0,46984979.0,39442216.0,,10732290.0,8720300.0,,37476200.0,,2923000.0,,4705100.0,,10125800.0,,35937500.0,,25248900.0,,2713000.0,,2892900.0,,1086400.0,,9732800.0,,14724700.0,,144700.0,,8550400.0,,,,9804600.0,,11319800.0,,47985500.0,,553400.0,,,,3911300.0,,,,,3974600.0,,,35004.0,3185200.0,,,,1077600.0,,,95113.0,4692800.0,,8798800.0,,,2078500.0,0,8683100.0,,2974400.0,,8809200.0,,9010800.0,,33761100.0,,20903400.0,,,,3202500.0,,5798400.0,,11730500.0,,,,5531200.0,,3725700.0,,741600.0,419090,2995200.0,,21766900.0,,3075000.0,,4508000.0,,65500.0,,646.0,1860400.0,,,3084800.0,,5107100.0,,18526600.0,,1157800.0,,,4407100.0,,1008.0,21557700.0,,,,35579200.0,,12214900.0,,,3569600.0,,212515600.0,,20096800.0,,25197700.0,,20144100.0,,5386900.0,,8538000.0,,14094900.0,,,1062000.0,,24300.0,,,,2973800.0,,4997300.0,,15119300.0,,,16513700.0,530084,,10192500.0,,23760600.0,,9002000.0,,12208800.0,,5180000.0,,348900.0,,,,10007000.0,,21111000.0,,143784.0,27320100.0,,12887000.0,6376,132008000.0,,32445100.0,,33261900.0,,6759900.0,,0.0,17895500.0,,,,1422300.0,224059.0,0.0,62656600.0,,,8410200.0,,4774400.0,,,,29831000.0,,6933800.0,,38394400.0,,21268900.0,,,,,,3.0,,,,22586500.0,,5577500.0,6.0,2541700.0,,2378900.0,,,,45472900.0,,3244300.0,,50310400.0,,38014.0,,,,43804900.0,,15083120.0,,715300.0,,,,334000.0,,,1980200.0,,5786600.0,,73371400.0,,56956600.0,,6919800.0,,1428600.0,,2763600.0,,2840830.0,,16471300.0,,330800.0,,6437100.0,,4755360.0,,3999600.0,,3251400.0,20260,5191900.0,0.0,6100800.0,,11656100.0,,,,6353200.0,,26428400.0,,,,,,3065100.0,0.0
2025-08-19,1709646.0,442222.0,10533082.0,209985.0,419214.0,760515.0,307306.0,8157192.0,16359474.0,29924348.0,113367681.0,40978934.0,31105236.0,,8375886.0,6877900.0,,39402600.0,,2808000.0,,5361200.0,,8921500.0,,64455000.0,,29891000.0,,5456700.0,,4751600.0,,1121300.0,,8960000.0,,20149600.0,,232500.0,,8106100.0,,,,12378500.0,,15678200.0,,50724600.0,,169900.0,,,,4726400.0,,,,,5367600.0,,,32562.0,3543600.0,,,,1593800.0,,,99484.0,4490000.0,,10327700.0,,189.0,1673400.0,1618,9688100.0,,5390900.0,,8642200.0,,11147200.0,,32158900.0,,18746600.0,,,,3570100.0,,5914000.0,,10695500.0,,,,3714900.0,,5465000.0,,2600700.0,443228,5414800.0,,40429700.0,,5321100.0,,3473400.0,,47300.0,,1655.0,3096700.0,,,5814700.0,,5532800.0,,24240200.0,,1856400.0,,,7629300.0,,957.0,22071400.0,,,,49635700.0,,11587600.0,,,3328300.0,,297659200.0,,36192000.0,,26783300.0,,25000700.0,,6031500.0,,9867000.0,,13862200.0,,,2588000.0,,14800.0,,,,3167500.0,,5941000.0,,11622900.0,,,12286700.0,197411,,16963400.0,,21481000.0,,18254600.0,,11491200.0,,6372000.0,,745200.0,,,,12276300.0,,37077000.0,,171271.0,21057400.0,,10921000.0,13438,185229200.0,,25993700.0,,49180100.0,,16819300.0,,0.0,27834500.0,,,,1066200.0,247317.0,91.0,137922700.0,,,9052800.0,,6396500.0,,,,53752600.0,,8655700.0,,48702000.0,,24104800.0,,,,,,10.0,,,,30319200.0,,8191900.0,113.0,2372900.0,,3582700.0,,,,82575000.0,,2849700.0,,75595100.0,,53547.0,,,,69750700.0,,23100220.0,,1311600.0,,,,212200.0,,,3171000.0,,5211800.0,,111118600.0,,75956000.0,,14594700.0,,1366200.0,,5491100.0,,3271330.0,,21177300.0,,682800.0,,6667500.0,,5270260.0,,4457200.0,,7307700.0,17348,3770800.0,0.0,5529200.0,,16999000.0,,,2730.0,8271800.0,,25693800.0,,,,,,2845200.0,0.0
2025-08-20,3571545.0,784564.0,17445516.0,352079.0,507825.0,500004.0,373742.0,12481030.0,15952765.0,62430963.0,158096364.0,40819732.0,25371797.0,,38320773.0,4400300.0,,42263900.0,,3727900.0,,5902600.0,,9323300.0,,60233200.0,,36604300.0,,6374400.0,,5838700.0,,1368400.0,,7116700.0,,23600500.0,,4445300.0,,7095800.0,,,,14718500.0,,10443400.0,,53584500.0,,289100.0,,,,4779800.0,,,,,4877700.0,,,39505.0,4060200.0,,,,1889700.0,,,280663.0,4682600.0,,8570300.0,,,2229600.0,2648,9944100.0,,5526800.0,,8195100.0,,8850400.0,,32919800.0,,14946400.0,,,,7222700.0,,7046700.0,,6763700.0,,,,6345600.0,,5201900.0,,3654900.0,421158,2444800.0,,27693000.0,,3319900.0,,3668800.0,,80500.0,,1213.0,3575800.0,,,5299600.0,,4388700.0,,28955500.0,,1872700.0,,,4195300.0,,1188.0,24709600.0,,,,56515300.0,,16999500.0,,,3240100.0,,161149400.0,,17504000.0,,24060100.0,,29229700.0,,7374200.0,,9785000.0,,17530800.0,,,1794000.0,,16600.0,,,,3361600.0,,4139400.0,,14287700.0,,,11898200.0,146880,,19895200.0,,27723000.0,,13807200.0,,25795000.0,,16672000.0,,656100.0,,,,14162800.0,,24344000.0,,121113.0,12740500.0,,9859500.0,7598,215142700.0,,14100700.0,,43915400.0,,11256400.0,,0.0,13637500.0,,,,1104400.0,222495.0,0.0,220336400.0,,,9992300.0,,7151700.0,,,,76781100.0,,13073400.0,,45077400.0,,20325000.0,,,,,,2.0,,,,31496600.0,,10091000.0,156.0,1526800.0,,4945600.0,,,,87818300.0,,2823700.0,,117636500.0,,73630.0,,,,88890300.0,,31209940.0,,821900.0,,,,451500.0,,,3571400.0,,5444800.0,,164404200.0,,77481800.0,,17165200.0,,1327300.0,,8107300.0,,3526640.0,,15194800.0,,628800.0,,4251100.0,,6548540.0,,5834400.0,,8282300.0,18382,5478100.0,0.0,7437600.0,,18655000.0,,,24594.0,7956400.0,,27967200.0,,,,,,4555800.0,0.0
2025-08-21,6301130.0,601284.0,18843833.0,277095.0,463923.0,324318.0,359488.0,6174316.0,14290178.0,30745796.0,146082650.0,39443593.0,70414468.0,,12059192.0,4430600.0,,30621200.0,,2363200.0,,4750700.0,,8294900.0,,37880500.0,,32140500.0,,5061500.0,,4107200.0,,952700.0,,3531100.0,,14946300.0,,682900.0,,8231200.0,,,,9620700.0,,8481500.0,,37030700.0,,257200.0,,,,3082200.0,,,,,3656700.0,,,29950.0,2504300.0,,,,1496000.0,,,250166.0,3057700.0,,5743400.0,,,2145600.0,10004,4986600.0,,3461800.0,,5646800.0,,7201600.0,,27261800.0,,12456600.0,,,,4057800.0,,6337100.0,,6845700.0,,,,4321600.0,,6606200.0,,2138500.0,343811,2338600.0,,18525400.0,,2652600.0,,5128800.0,,25000.0,,142.0,2566600.0,,,3574000.0,,4090600.0,,19774600.0,,1162000.0,,,2942600.0,,821.0,27665700.0,,,,34679000.0,,20562600.0,,,2991900.0,,97718300.0,,9043200.0,,16685800.0,,24539400.0,,6624000.0,,7305000.0,,8840400.0,,,1000000.0,,9600.0,,,,1867300.0,,3617300.0,,10706500.0,,,8876300.0,109725,,9854100.0,,18443300.0,,8398500.0,,13174900.0,,3654000.0,,386400.0,,,,8019200.0,,20472000.0,,115270.0,14912300.0,,5635000.0,4218,140040900.0,,12883200.0,,29854500.0,,7403100.0,,,8181300.0,,,,501400.0,211309.0,0.0,94678600.0,,,7039500.0,,4997300.0,,,,46436900.0,,4002400.0,,42737000.0,,14951500.0,,,,,,28.0,,,,16552100.0,,6067700.0,84.0,1802300.0,,2848400.0,,,,53440700.0,,2930200.0,,67871100.0,,49302.0,,,,54805800.0,,21477000.0,,419900.0,,,,258100.0,,,2138400.0,,7153600.0,,119920000.0,,55744400.0,,7449100.0,,950500.0,,5291100.0,,2840710.0,,12864100.0,,187800.0,,7214900.0,,3965500.0,,6073600.0,,3744300.0,58577,5490400.0,,3725700.0,,51825100.0,,,7497.0,8439100.0,,22088000.0,,,,,,7257200.0,0.0
2025-08-22,3064062.0,401067.0,9277432.0,144547.0,543978.0,342632.0,378845.0,9010296.0,19378950.0,80053212.0,136883366.0,38258165.0,55624919.0,,8977424.0,5150300.0,,42477800.0,,3058600.0,,4006500.0,,7448100.0,,43998600.0,,37315300.0,,6208200.0,,4041500.0,,1456000.0,,6555600.0,,16301300.0,,1501800.0,,13855300.0,,,,13924000.0,,13583400.0,,83415600.0,,345700.0,,,,4205100.0,,,,,5188800.0,,,27481.0,3785100.0,,,,1971300.0,,,223169.0,3902000.0,,13029200.0,,,3136000.0,20869,13309100.0,,4815200.0,,6694300.0,,8809200.0,,34000400.0,,16830600.0,,,,3786000.0,,7161700.0,,6727500.0,,,,6651900.0,,5437300.0,,2442100.0,469158,6844500.0,,45862200.0,,3241900.0,,5573000.0,,86100.0,,1240.0,2727700.0,,,3436500.0,,5551400.0,,42827000.0,,1948600.0,,,5284700.0,,939.0,28003400.0,,,,39922200.0,,18245300.0,,,3134900.0,,200266800.0,,23857600.0,,28734900.0,,58205500.0,,8552800.0,,9463000.0,,12999600.0,,,2634000.0,,112700.0,,,,2679800.0,,3222700.0,,9689700.0,,,10612700.0,275952,,14435900.0,,24324200.0,,17386900.0,,17038300.0,,9636000.0,,670800.0,,,,11017200.0,,31281000.0,,79364.0,14609900.0,,5421500.0,7269,172789400.0,,17913400.0,,65687100.0,,9343600.0,,0.0,6861700.0,,,,574800.0,244872.0,0.0,102099200.0,,,9394100.0,,7711500.0,,,,51502100.0,,7640600.0,,64603100.0,,18818200.0,,,,,,2.0,,,,24089100.0,,5810400.0,26.0,2208300.0,,3107900.0,,,,101606500.0,,4489700.0,,117140900.0,,76374.0,,,,84083200.0,,27113640.0,,722500.0,,,,744700.0,,,4133900.0,,11096200.0,,132726400.0,,94016300.0,,10299500.0,,1089300.0,,6177700.0,,6977770.0,,15584900.0,,595400.0,,6932000.0,,7376800.0,,4973200.0,,5622100.0,81625,6521300.0,,4603500.0,,32695200.0,,,,9891300.0,,30936400.0,,,,,,16000000.0,131.0
2025-08-23,,,,,,,,,,,,,,,,,,,,,,,,,,,,,,,,,,,,,,,,,,,,,,,,,,,,,,,,,,,,,,,,,,,,,,,,,,,,,,,21174,,,,,,,,,,,,,,,,,,,,,,,,,,,,422184,,,,,,,,,,,,,,,,,,,,,,,,,,,,,,,,,,,,,,,,,,,,,,,,,,,,,,,,,,,,,,,,,,,156600,,,,,,,,,,,,,,,,,,,,,,,,10524,,,,,,,,,,,,,,,213344.0,,,,,,,,,,,,,,,,,,,,,,,,,,,,,,234.0,,,,,,,,,,,,,,,,,,,,,,,,,,,,,,,,,,,,,,,,,,,,,,,,,,,,,,,21868,,,,,,,,,,,,,12.0,,,,,0.0
2025-08-24,,,,,,,,,,,,,,,,,,,,,,,,,,,,,,,,,,,,,,,,,,,,,,,,,,,,,,,,,,,,,,,,,,,,,,,,,,,,,,,23610,,,,,,,,,,,,,,,,,,,,,,,,,,,,362488,,,,,,,,,,,,,,,,,,,,,,,,,,,,,,,,,,,,,,,,,,,,,,,,,,,,,,,,,,,,,,,,,,,150390,,,,,,,,,,,,,,,,,,,,,,,,24606,,,,,,,,,,,,,,,233092.0,,,,,,,,,,,,,,,,,,,,,,,,,,,,,,852.0,,,,,,,,,,,,,,,,,,,,,,,,,,,,,,,,,,,,,,,,,,,,,,,,,,,,,,,20881,,,,,,,,574.0,,,,,0.0,,,,,0.0
2025-08-25,3183709.0,419600.0,10345178.0,176204.0,564999.0,384990.0,174807.0,7659332.0,25694519.0,57713452.0,177494474.0,49806131.0,82491028.0,,11436384.0,5866400.0,,30983100.0,,2259500.0,,3580600.0,,4186800.0,,36134700.0,,22633700.0,,4018600.0,,1870900.0,,731100.0,,10504500.0,,15124700.0,,658400.0,,12888400.0,,,,10668100.0,,14773500.0,,54505100.0,,242000.0,,,,3935100.0,,,,,2801100.0,,,19094.0,1857900.0,,,,1663800.0,,,185270.0,2842900.0,,8473900.0,,,2284300.0,28976,10419800.0,,2160400.0,,4957700.0,,9653200.0,,14803400.0,,11724500.0,,,,3202700.0,,5424900.0,,5457800.0,,,,3610000.0,,5422100.0,,2705200.0,222461,3106000.0,,25325400.0,,4024600.0,,3673400.0,,50200.0,,1044.0,2130000.0,,,5824100.0,,3801000.0,,29928900.0,,1381200.0,,,3579500.0,,945.0,17811100.0,,,,29478100.0,,17378800.0,,,3513300.0,,156825600.0,,20248800.0,,30481900.0,,28453700.0,,5856300.0,,4693000.0,,13634600.0,,,2310000.0,,97200.0,,,,2887600.0,,2898100.0,,5438500.0,,,6861200.0,231348,,10057700.0,,21638600.0,,10983400.0,,8674800.0,,3090000.0,,247500.0,,,,7898700.0,,28120000.0,,60316.0,9732300.0,,4306000.0,7750,163012800.0,,16185000.0,,46896700.0,,6308600.0,,0.0,5801200.0,,,,536500.0,213086.0,24.0,86879800.0,,,6460300.0,,4653000.0,,,,34044700.0,,4580600.0,,46841300.0,,30133200.0,,,,,,344.0,,,,18782000.0,,4965000.0,35.0,1318100.0,,3770600.0,,,,90233000.0,,3237500.0,,55018700.0,,29123.0,,,,51274300.0,,13476780.0,,566000.0,,,,446900.0,,,3570200.0,,5626500.0,,80452600.0,,86670000.0,,7655000.0,,1187900.0,,3442600.0,,2353310.0,,10938100.0,,391100.0,,5870800.0,,2525840.0,,8019800.0,,4610800.0,14907,5401400.0,,5007500.0,,18956100.0,,,,8513200.0,,23412800.0,,0.0,,,,6320300.0,0.0
2025-08-26,2050625.0,806670.0,14712519.0,485021.0,685341.0,406043.0,416636.0,9098615.0,20656474.0,39264739.0,99660025.0,36191921.0,46013154.0,,11675616.0,5071900.0,,54575100.0,,4067400.0,,2859200.0,,6770200.0,,52138600.0,,26105400.0,,5593700.0,,2515400.0,,860100.0,,8474700.0,,25689100.0,,498500.0,,8706100.0,,,,9307900.0,,13203100.0,,45703700.0,,133600.0,,,,8217500.0,,,,,3563600.0,,,21046.0,2792200.0,,,,1187200.0,,,199101.0,3114000.0,,7745400.0,,,4341300.0,3996,6923300.0,,3567800.0,,8862300.0,,12586800.0,,16042700.0,,28307900.0,,,,3735700.0,,5787400.0,,5818400.0,,,,10007200.0,,2945600.0,,2797200.0,285930,3674100.0,,23547000.0,,4163700.0,,3014400.0,,62400.0,,905.0,2689400.0,,,5421000.0,,7867600.0,,28464100.0,,1511600.0,,,3180900.0,,528.0,29415900.0,,,,27361000.0,,17056400.0,,,5386600.0,,78558200.0,,7174400.0,,20461900.0,,25121500.0,,6714700.0,,8123000.0,,17964200.0,,,960000.0,,88700.0,,,,3018600.0,,7695600.0,,11781100.0,,,7601800.0,129919,,12302300.0,,30835700.0,,9144200.0,,12584300.0,,3330000.0,,484500.0,,,,7516500.0,,19857000.0,,70243.0,19077100.0,,13418500.0,7788,168688200.0,,12869500.0,,45928200.0,,11805200.0,,0.0,8319100.0,,,,440700.0,206197.0,0.0,86573700.0,,,9471500.0,,9173000.0,,,,34103000.0,,5316200.0,,53099500.0,,47698000.0,,,,,,78.0,,,,18168200.0,,4967100.0,247.0,2577800.0,,4665900.0,,,,125930100.0,,2821200.0,,57544300.0,,30977.0,,,,51581600.0,,12747240.0,,355500.0,,,,284500.0,,,3563900.0,,8288200.0,,84374600.0,,76651600.0,,9793100.0,,2165300.0,,4549700.0,,2418030.0,,17163400.0,,1123700.0,,5164700.0,,2075900.0,,5876200.0,,5947500.0,15189,8724600.0,,5763500.0,,22270400.0,,,,6180600.0,,22855600.0,,,,,,4917600.0,0.0
2025-08-27,2801594.0,337163.0,10523405.0,315995.0,691579.0,250996.0,263165.0,8221425.0,21263402.0,51237365.0,142623874.0,61074635.0,80540435.0,,10514392.0,4676200.0,,31259500.0,,2353800.0,,2543400.0,,4633500.0,,37031000.0,,21254500.0,,2968600.0,,2499500.0,,1140700.0,,6266800.0,,13830300.0,,434100.0,,13833100.0,,,,6844400.0,,8997300.0,,65636500.0,,120500.0,,,,4385900.0,,,,,2052800.0,,,16597.0,1970900.0,,,,1657600.0,,,193476.0,4306400.0,,5746300.0,,,1893600.0,4721,5567700.0,,3447900.0,,6506900.0,,32478400.0,,32747400.0,,13876700.0,,,,3799300.0,,4378000.0,,7069200.0,,,,5617900.0,,3481600.0,,1966300.0,299805,1870000.0,,23966600.0,,3995100.0,,2944300.0,,52300.0,,3222.0,1862900.0,,,4234100.0,,6892000.0,,23022900.0,,1534800.0,,,2487800.0,,20198.0,19903400.0,,,,35942700.0,,23389900.0,,,3698400.0,,90934400.0,,9296800.0,,15923400.0,,25395400.0,,6056500.0,,5285000.0,,11562700.0,,,1022000.0,,57300.0,,,,2972200.0,,4326200.0,,7214700.0,,,8315400.0,129833,,11373500.0,,17277900.0,,8454300.0,,15349300.0,,5028000.0,,546300.0,,,,6471400.0,,16645000.0,,162239.0,22272500.0,,6011000.0,13721,235518900.0,,11697700.0,,47846400.0,,5637600.0,,4021.0,5990600.0,,,,422700.0,208015.0,129.0,76380600.0,,,8648200.0,,4549900.0,,,,36927100.0,,4906100.0,,38969800.0,,16784700.0,,,,,,38378.0,,,,18925100.0,,5646200.0,395.0,2145100.0,,17841900.0,,,,54456400.0,,3643100.0,,61375200.0,,36089.0,,,,48341100.0,,13012560.0,,506800.0,,,,353100.0,,,3291300.0,,10083500.0,,90055200.0,,65519000.0,,9516400.0,,1030000.0,,4189700.0,,2893660.0,,11364300.0,,256000.0,,3022000.0,,2708420.0,,5531100.0,,6412800.0,0,5536600.0,,4653300.0,,12925700.0,,,,5737100.0,,26877400.0,,,,,,3572400.0,0.0
2025-08-28,3836024.0,734689.0,11578024.0,330401.0,663919.0,281825.0,280205.0,7090464.0,21712370.0,32913036.0,122487011.0,58391643.0,309557433.0,,8162701.0,5717300.0,,38074700.0,,3803100.0,,4732500.0,,7899500.0,,36285200.0,,33679600.0,,5898500.0,,2882900.0,,985400.0,,4547100.0,,18907100.0,,335500.0,,14501100.0,,,,13062600.0,,11326500.0,,37734100.0,,91300.0,,,,4530400.0,,,,,2667600.0,,,8829.0,1651700.0,,,,2790400.0,,,208931.0,5218200.0,,6292500.0,,,2067900.0,8495,5588700.0,,4880700.0,,8461200.0,,39927200.0,,45313200.0,,15256000.0,,,,11144100.0,,5687700.0,,6169200.0,,,,6203700.0,,5493400.0,,2018300.0,327573,3087900.0,,44091200.0,,3353200.0,,2523500.0,,33800.0,,1035.0,2256400.0,,,7266900.0,,6482300.0,,32339300.0,,1411200.0,,,4051600.0,,7819.0,17802000.0,,,,26059100.0,,24964900.0,,,2820800.0,,60035100.0,,5610400.0,,32177000.0,,25011200.0,,6410500.0,,9642000.0,,16209900.0,,,1596000.0,,163800.0,,,,6643900.0,,3117000.0,,7375200.0,,,7468000.0,239202,,36895300.0,,18015600.0,,8116100.0,,17295500.0,,18098000.0,,5822100.0,,,,8909400.0,,19503000.0,,186265.0,15541200.0,,15218000.0,2255,281787800.0,,9542500.0,,60658900.0,,8691500.0,,880.0,6031800.0,,,,450100.0,208684.0,17.0,57885200.0,,,5882000.0,,8156300.0,,,,46787900.0,,5147000.0,,31625800.0,,16940200.0,,,,,,5603.0,,,,22120100.0,,7194000.0,117.0,2919400.0,,42167400.0,,,,68314800.0,,4573800.0,,74466400.0,,45348.0,,,,61519500.0,,16521680.0,,579900.0,,,,403500.0,,,2760700.0,,7191600.0,,90658000.0,,67903200.0,,8466200.0,,1127100.0,,6166400.0,,2425850.0,,12024300.0,,391700.0,,5161300.0,,3023260.0,,4987100.0,,6817500.0,0,4557500.0,,6107600.0,,19241600.0,,,,4462900.0,,24086200.0,,,,,,2962300.0,0.0
2025-08-29,1892127.0,606655.0,11682267.0,268324.0,750586.0,445502.0,546283.0,10134290.0,18234935.0,43210862.0,124328553.0,49033310.0,113304631.0,,7126996.0,3700300.0,,39418400.0,,2639300.0,,3750400.0,,7202100.0,,37516800.0,,26199200.0,,5148100.0,,3616000.0,,1317800.0,,5184300.0,,21610700.0,,322000.0,,82165100.0,,,,10197400.0,,17422200.0,,34396900.0,,310400.0,,,,4663600.0,,,,,1943600.0,,,0.0,3673800.0,,,,2230600.0,,,0.0,3739900.0,,6611400.0,,,1609000.0,5149,8140600.0,,4965900.0,,7363200.0,,21940400.0,,24208300.0,,14953000.0,,,,24363200.0,,5212600.0,,4848400.0,,,,7270400.0,,6054000.0,,4159600.0,335459,3359000.0,,19563400.0,,3153900.0,,2530800.0,,53100.0,,0.0,2266400.0,,,6191100.0,,5371500.0,,39728400.0,,1467000.0,,,2210300.0,,0.0,16151100.0,,,,22269200.0,,19962600.0,,,2967600.0,,63734400.0,,5681600.0,,76548800.0,,29254800.0,,6796400.0,,9543000.0,,14601100.0,,,1618000.0,,130000.0,,,,2842600.0,,2551200.0,,12178800.0,,,9070500.0,466354,,96830800.0,,20961600.0,,10162300.0,,16774000.0,,9434000.0,,36696300.0,,,,7594300.0,,32098000.0,,0.0,14765300.0,,9409000.0,5783,243257900.0,,9116500.0,,55680200.0,,16618600.0,,0.0,5195200.0,,,,460000.0,203418.0,0.0,45270500.0,,,5636300.0,,9949100.0,,,,56030400.0,,3922300.0,,39634100.0,,15897800.0,,,,,,0.0,,,,36835900.0,,13420900.0,137.0,4228000.0,,11742100.0,,,,54432500.0,,3037900.0,,108411300.0,,50445.0,,,,74522200.0,,19268640.0,,3887600.0,,,,360000.0,,,4107600.0,,8469900.0,,121887000.0,,81145700.0,,15526000.0,,989000.0,,5372700.0,,2461290.0,,19310000.0,,1072100.0,,5339500.0,,4997660.0,,3671900.0,,6367600.0,13,5004400.0,,6084400.0,,15600300.0,,,,5049800.0,,23745000.0,,,,,,3181000.0,0.0
2025-08-30,,,,,,,,,,,,,,,,,,,,,,,,,,,,,,,,,,,,,,,,,,,,,,,,,,,,,,,,,,,,,,,,,,,,,,,,,,,,,93.0,,3234,,,,,,,,,,,,,,,,,,,,,,,,,,,,291059,,,,,,,,,,,,,,,,,,,,,,,,,,,,,,,,,,,,,,,,,,,,,,,,,,,,,,,,,,,,,,,,,,,127340,,,,,,,,,,,,,,,,,,,,,,,,2671,,,,,,,,,,,,,,,213759.0,,,,,,,,,,,,,,,,,,,,,,,,,,,,,,18.0,,,,,,,,,,,,,,,,,,,,,,,,,,,,,,,,,,,,,,,,,,,,,,,,,,,,,,,0,,,,,,,,,,,,,,,,,,0.0
2025-08-31,,,,,,,,,,,,,,,,,,,,,,,,,,,,,,,,,,,,,,,,,,,,,,,,,,,,,,,,,,,,,,,,,,,,,,,,,,,,,114.0,,12156,,,,,,,,,,,,,,,,,,,,,,,,,,,,252839,,,,,,,,,,,,,,,,,,,,,,,,,,,,,,,,,,,,,,,,,,,,,,,,,,,,,,,,,,,,,,,,,,,164839,,,,,,,,,,,,,,,,,,,,,,,,4757,,,,,,,,,,,,,,,199493.0,,,,,,,,,,,,,,,,,,,,,,,,,,,,,,36.0,,,,,,,,,,,,,,,,,,,,,,,,,,,,,,,,,,,,,,,,,,,,,,,,,,,,,,,0,,,,,,,,62.0,,,,,,,,,,
2025-09-01,1837054.0,504672.0,12002343.0,443088.0,634984.0,789335.0,348361.0,6651031.0,15958837.0,54979215.0,150727171.0,59865089.0,132661260.0,,14402420.0,,,,,,,,,,,,,,,,,,,,,,,,,,,,,,,,,,,,,,,,,,,,,,,,,,,,,,,,,,,,,,,,231,,,,,,,,,,,,,,,,,,,,,,,,,,,,283866,,,,,,,,,,,,,,,,,,,,,,,,,,,,,,,,,,,,,,,,,,,,,,,,,,,,,,,,,,,,,,,,,,,359172,,,,,,,,,,,,,,,,,,,,,,,,3743,,,,,,,,,,,,,,,212111.0,,,,,,,,,,,,,,,,,,,,,,,,,,,,,,164.0,,,,,,,,,,,,,,,,,,,,,,,,,,,,,,,,,,,,,,,,,,,,,,,,,,,,,,,0,,,,,,,,,,,,,,,,,,0.0
2025-09-02,1584710.0,365383.0,10604028.0,862789.0,1790972.0,212946.0,401821.0,8514530.0,14808157.0,45311666.0,258956888.0,78412730.0,73829916.0,,6037837.0,4528700.0,,44075600.0,,4229400.0,,5872300.0,,7683400.0,,38656100.0,,38843900.0,,5279100.0,,5833700.0,,1867400.0,,6716200.0,,19693000.0,,1352800.0,,41625400.0,,,,10226500.0,,18202600.0,,36127300.0,,175300.0,,,,4977800.0,,,,,3512300.0,,,55307.0,2329500.0,,,,2702400.0,,,320218.0,4122500.0,,6814900.0,,888.0,1793900.0,2296,10272400.0,,6412900.0,,9312500.0,,15051200.0,,33402500.0,,18928800.0,,,,8969900.0,,6015900.0,,6202100.0,,,,7019500.0,,5760900.0,,2499200.0,445315,2553200.0,,28451400.0,,3131000.0,,3355700.0,,89600.0,,658.0,5267300.0,,,9109100.0,,9567000.0,,47523000.0,,2296400.0,,,3328600.0,,1397.0,14391200.0,,,,40899100.0,,27797200.0,,,3469500.0,,57661800.0,,6115200.0,,50917800.0,,33108600.0,,7221900.0,,12416000.0,,24770100.0,,,1010000.0,,99300.0,,,,2671600.0,,3222500.0,,14695200.0,,,9350900.0,154948,,36275600.0,,18128000.0,,11123000.0,,13771900.0,,4252000.0,,11228400.0,,,,9333000.0,,23033000.0,,226571.0,16231500.0,,6239000.0,4085,231164900.0,,11642700.0,,38115400.0,,10461900.0,,11.0,7066900.0,,,,649200.0,195005.0,55.0,65435000.0,,,12882500.0,,7520300.0,,,,65876800.0,,4640000.0,,51257800.0,,20305200.0,,,,,,820.0,,,,29924300.0,,11543700.0,320.0,2023400.0,,7218000.0,,,,76177300.0,,4919100.0,,101906700.0,,57762.0,,,,81983500.0,,23109080.0,,688400.0,,,,467900.0,,,3626800.0,,10175700.0,,166668000.0,,58392000.0,,13974900.0,,1860300.0,,6238400.0,,2796540.0,,12883300.0,,527600.0,,5695900.0,,7868340.0,,4940300.0,,8130500.0,0,5777800.0,,5402000.0,,15351300.0,,,,14515200.0,,25964400.0,,,,,,2875200.0,
2025-09-03,2437896.0,459718.0,10283009.0,793926.0,711207.0,260080.0,309645.0,7579492.0,15523985.0,28728171.0,135032978.0,71235178.0,64088481.0,,5531606.0,4953400.0,,66427800.0,,3035300.0,,3227700.0,,7335000.0,,30752800.0,,29223100.0,,5052300.0,,3202100.0,,1330300.0,,6279300.0,,18529400.0,,739900.0,,16470500.0,,,,7663300.0,,9913000.0,,40496300.0,,373100.0,,,,3206200.0,,,,,2450700.0,,,45108.0,1496700.0,,,,5741200.0,,,298737.0,3760300.0,,5220800.0,,178.0,1670500.0,6084,9473300.0,,9170300.0,,17417900.0,,12146000.0,,18944000.0,,14320100.0,,,,5966800.0,,6288700.0,,5705600.0,,,,4889700.0,,5068300.0,,2120400.0,349824,2250300.0,,16810300.0,,3550800.0,,4057200.0,,61500.0,,72.0,3657500.0,,,13308900.0,,9771400.0,,103336100.0,,1485600.0,,,3025100.0,,1166.0,30523600.0,,,,24194800.0,,34179900.0,,,3163200.0,,47822900.0,,3538400.0,,32961700.0,,33252400.0,,6316900.0,,9336000.0,,33581500.0,,,1318000.0,,63500.0,,,,5219000.0,,2222500.0,,11023300.0,,,7699300.0,128262,,34297300.0,,16345100.0,,9180200.0,,14101300.0,,2352000.0,,6520200.0,,,,6506200.0,,24715000.0,,187561.0,27241800.0,,6690500.0,59157,164424900.0,,9105600.0,,32311400.0,,8900800.0,,28.0,5482600.0,,,,709100.0,192120.0,10.0,66052300.0,,,11808200.0,,6336400.0,,,,54230200.0,,8426800.0,,77654700.0,,33322300.0,,,,,,409.0,,,,20472800.0,,7249600.0,1152.0,1689700.0,,6749000.0,,,,48252800.0,,3295900.0,,79482200.0,,43183.0,,,,70820900.0,,20334840.0,,606000.0,,,,486700.0,,,3212700.0,,9657500.0,,119929800.0,,88733300.0,,7198500.0,,1208700.0,,7039600.0,,2923520.0,,12052200.0,,458400.0,,2563500.0,,4378600.0,,4176400.0,,4081900.0,0,12194800.0,,7968600.0,,18995900.0,,,,9128600.0,,36018200.0,,,,,,3195400.0,
2025-09-04,2189959.0,249504.0,12284414.0,696996.0,971838.0,467618.0,531146.0,7637405.0,18003934.0,49102188.0,105461452.0,93905671.0,63068026.0,,8106710.0,4102200.0,,47549400.0,,4918300.0,,7121100.0,,6245100.0,,32103500.0,,59391800.0,,6215200.0,,3274900.0,,1532700.0,,14376200.0,,31220800.0,,442200.0,,24730900.0,,,,9831900.0,,9932700.0,,42147700.0,,378100.0,,,,2976700.0,,,,,2548200.0,,,42152.0,1634600.0,,,,11296500.0,,,251689.0,5600300.0,,6211800.0,,,1471900.0,18981,6393600.0,,14059100.0,,30967500.0,,11053600.0,,17805100.0,,14388500.0,,,,7053800.0,,6949300.0,,11376100.0,,,,4797400.0,,3655300.0,,901000.0,266024,1886100.0,,20744500.0,,3643400.0,,4404400.0,,44100.0,,237.0,3195400.0,,,7104900.0,,5531800.0,,51684200.0,,1778200.0,,,3873100.0,,881.0,44797900.0,,,,30626300.0,,62528800.0,,,4765100.0,,59056500.0,,4635200.0,,30079100.0,,30323800.0,,6605800.0,,8134000.0,,16736000.0,,,876000.0,,100900.0,,,,8464800.0,,2423400.0,,8822400.0,,,11439100.0,566218,,27726400.0,,15509500.0,,10530000.0,,18589100.0,,9214000.0,,6783000.0,,,,5473300.0,,30235000.0,,165913.0,47252100.0,,8519500.0,8970,141670100.0,,8778100.0,,32980800.0,,10303100.0,,0.0,5996100.0,,,,599100.0,199243.0,125.0,53292300.0,,,14063500.0,,7781200.0,,,,47526300.0,,4270000.0,,82734000.0,,17273100.0,,,,,,249.0,,,,22479400.0,,8079300.0,229.0,10189000.0,,13280000.0,,,,51599700.0,,3226200.0,,81641200.0,,44247.0,,,,65219200.0,,16979720.0,,631000.0,,,,1049000.0,,,3136900.0,,7546300.0,,101759600.0,,60711000.0,,6241900.0,,915400.0,,11335900.0,,2791010.0,,15960100.0,,282800.0,,2377200.0,,3567000.0,,4324000.0,,4607300.0,0,13542500.0,,5520900.0,,15640900.0,,,,7801200.0,,25895400.0,,,,,,4811300.0,
2025-09-05,3103427.0,245652.0,11526724.0,400194.0,941824.0,262184.0,226879.0,8861335.0,19047729.0,66576369.0,106533001.0,79255067.0,101979886.0,,20089407.0,3867500.0,,54870400.0,,4662600.0,,6502900.0,,7046800.0,,78256000.0,,36721800.0,,8290500.0,,2822400.0,,1887300.0,,7066800.0,,78401600.0,,512200.0,,19202500.0,,,,9229200.0,,12266200.0,,42793500.0,,388000.0,,,,4222900.0,,,,,3110400.0,,,38287.0,1843200.0,,,,4410300.0,,,294540.0,7214700.0,,11367000.0,,,1928500.0,0,11544500.0,,7243000.0,,13029400.0,,8677200.0,,18448500.0,,21050800.0,,,,6413100.0,,6669100.0,,8425600.0,,,,5657400.0,,5648000.0,,2731400.0,268145,3308700.0,,29163100.0,,3408800.0,,6326000.0,,179700.0,,925.0,3477700.0,,,9078100.0,,11183300.0,,46588900.0,,1822800.0,,,5855600.0,,859.0,24064500.0,,,,62538400.0,,24237500.0,,,3147500.0,,55975300.0,,5344000.0,,23577500.0,,47542500.0,,9837700.0,,11556000.0,,23978000.0,,,1506000.0,,75600.0,,,,6409700.0,,3958200.0,,8142000.0,,,9663400.0,275370,,25793100.0,,31994800.0,,14047600.0,,28416000.0,,15772000.0,,3414900.0,,,,5811700.0,,23797000.0,,130911.0,37414200.0,,6419500.0,3611,224441400.0,,15505100.0,,34703500.0,,15386100.0,,4.0,5670400.0,,,,524500.0,198136.0,0.0,81855900.0,,,7794300.0,,7954200.0,,,,68342500.0,,5567600.0,,87135100.0,,17362000.0,,,,,,835.0,,,,21771700.0,,9809600.0,709.0,9050000.0,,5889400.0,,,,71312300.0,,2620600.0,,110749400.0,,63442.0,,,,85178900.0,,25967920.0,,410100.0,,,,1025300.0,,,3531600.0,,14302100.0,,172625800.0,,108989800.0,,14056600.0,,979400.0,,9491200.0,,4473990.0,,20384500.0,,491600.0,,2853500.0,,6486940.0,,5448300.0,,7719600.0,0,20310400.0,,7551500.0,,13748500.0,,,828.0,13163100.0,,48182200.0,,,,,,2864900.0,0.0
2025-09-06,,,,,,,,,,,,,,,,,,,,,,,,,,,,,,,,,,,,,,,,,,,,,,,,,,,,,,,,,,,,,,,,,,,,,,,,,,,,,,,22399,,,,,,,,,,,,,,,,,,,,,,,,,,,,263304,,,,,,,,,,,,,,,,,,,,,,,,,,,,,,,,,,,,,,,,,,,,,,,,,,,,,,,,,,,,,,,,,,,103260,,,,,,,,,,,,,,,,,,,,,,,,2970,,,,,,,,,,,,,,,187062.0,,,,,,,,,,,,,,,,,,,,,,,,,,,,,,422.0,,,,,,,,,,,,,,,,,,,,,,,,,,,,,,,,,,,,,,,,,,,,,,,,,,,,,,,0,,,,,,,,,,,,,,,,,,24.0
2025-09-07,,,,,,,,,,,,,,,,,,,,,,,,,,,,,,,,,,,,,,,,,,,,,,,,,,,,,,,,,,,,,,,,,,,,,,,,,,,,,,,9697,,,,,,,,,,,,,,,,,,,,,,,,,,,,266593,,,,,,,,,,,,,,,,,,,,,,,,,,,,,,,,,,,,,,,,,,,,,,,,,,,,,,,,,,,,,,,,,,,86084,,,,,,,,,,,,,,,,,,,,,,,,3399,,,,,,,,,,,,,,,211469.0,,,,,,,,,,,,,,,,,,,,,,,,,,,,,,169.0,,,,,,,,,,,,,,,,,,,,,,,,,,,,,,,,,,,,,,,,,,,,,,,,,,,,,,,0,,,,,,,,,,,,,,,,,,0.0
2025-09-08,2018299.0,382254.0,9263135.0,334713.0,716688.0,175900.0,183302.0,7216048.0,21815489.0,60079579.0,104793576.0,74111648.0,96814388.0,,31882093.0,3254700.0,,48999500.0,,5043300.0,,9797800.0,,7933600.0,,41849000.0,,33947100.0,,16516900.0,,2573100.0,,1284500.0,,20364000.0,,43535600.0,,1225700.0,,20095300.0,,,,8561100.0,,9367600.0,,37762000.0,,293400.0,,,,5146300.0,,,,,3085200.0,,,29078.0,1876700.0,,,,2593300.0,,,237288.0,2941200.0,,8824100.0,,,1737000.0,1111,8410400.0,,7085100.0,,12602200.0,,10183200.0,,24705200.0,,14038000.0,,,,5187100.0,,6450700.0,,7800800.0,,,,6846800.0,,6346400.0,,2802200.0,413655,2178800.0,,17186300.0,,3031400.0,,2780500.0,,2790200.0,,97.0,2513700.0,,,13643500.0,,10151200.0,,32474700.0,,1400100.0,,,3742600.0,,888.0,34988000.0,,,,102382400.0,,19157100.0,,,6940300.0,,51122100.0,,4857600.0,,23531500.0,,31487700.0,,8188500.0,,8865000.0,,21671700.0,,,1524000.0,,70800.0,,,,3453200.0,,4534600.0,,7972700.0,,,13087800.0,151213,,24466600.0,,16771000.0,,9954500.0,,19492600.0,,10186000.0,,3762300.0,,,,23050000.0,,19151000.0,,200532.0,30494200.0,,8180500.0,5409,163769100.0,,12988100.0,,54462600.0,,18803000.0,,2.0,5503800.0,,,,658100.0,199442.0,0.0,47643000.0,,,7954900.0,,7019700.0,,,,46371400.0,,5949200.0,,54560700.0,,18846400.0,,,,,,531.0,,,,19033300.0,,7223200.0,800.0,5869100.0,,4519500.0,,,,55972700.0,,4596100.0,,72341700.0,,41266.0,,,,63133100.0,,15905560.0,,375000.0,,,,768900.0,,,3738100.0,,11374900.0,,101696800.0,,75208300.0,,12986600.0,,2214500.0,,9701200.0,,2147170.0,,18906600.0,,629800.0,,2770700.0,,3558640.0,,4711600.0,,10222700.0,7,8499400.0,,6840800.0,,13685700.0,,,,10459300.0,,34931800.0,,,,,,3985500.0,0.0
2025-09-09,4158342.0,407652.0,14870245.0,336513.0,929473.0,454764.0,268395.0,11791440.0,19871460.0,43155014.0,173784267.0,48063109.0,148686738.0,,10317851.0,2923500.0,,66313900.0,,4324900.0,,4669700.0,,5315400.0,,42802500.0,,27033800.0,,8503500.0,,2083400.0,,1324100.0,,22533600.0,,26972300.0,,425900.0,,32792300.0,,,,10151300.0,,10914000.0,,27443600.0,,134700.0,,,,3748700.0,,,,,2958100.0,,,38860.0,1710700.0,,,,2131800.0,,,268529.0,2790100.0,,10361300.0,,,1496800.0,1887,9098700.0,,4277000.0,,10901900.0,,8507200.0,,40286700.0,,11649400.0,,,,10704400.0,,5444300.0,,5757500.0,,,,4756000.0,,6070300.0,,2770400.0,306728,3469200.0,,14692000.0,,3106200.0,,4249400.0,,686700.0,,535.0,1863900.0,,,10646800.0,,18374400.0,,38061000.0,,2611300.0,,,3516000.0,,1354.0,22266900.0,,,,51536300.0,,16873500.0,,,4931100.0,,42146200.0,,4363200.0,,50274600.0,,35395800.0,,7848200.0,,6778000.0,,14120600.0,,,1778000.0,,65100.0,,,,2154100.0,,2986900.0,,7264300.0,,,10999000.0,257026,,17226000.0,,14410500.0,,6587800.0,,20705000.0,,12354000.0,,2901600.0,,,,88378300.0,,22197000.0,,181519.0,22202200.0,,5988000.0,13965,157548400.0,,20606400.0,,91793000.0,,41178700.0,,0.0,4074000.0,,,,817300.0,209212.0,0.0,61359500.0,,,8776500.0,,6126000.0,,,,44007600.0,,3655900.0,,30599700.0,,13243700.0,,,,,,359.0,,,,37459000.0,,6797000.0,110.0,3364300.0,,3949400.0,,,,49113000.0,,3214300.0,,55882300.0,,36214.0,,,,66133900.0,,15150780.0,,318300.0,,,,586800.0,,,4724500.0,,7658600.0,,94620800.0,,53816000.0,,13443400.0,,997500.0,,6135000.0,,2780390.0,,11850200.0,,513000.0,,3494700.0,,3518040.0,,4646200.0,,7608500.0,4,7195000.0,,6040300.0,,11819700.0,,,,6725100.0,,41193400.0,,,,,,3014500.0,0.0
2025-09-10,5265553.0,427432.0,21928565.0,359528.0,915806.0,922065.0,332791.0,14970760.0,19193376.0,36515242.0,141897510.0,62010239.0,94064361.0,,29367397.0,10593000.0,,83440800.0,,4552500.0,,6204600.0,,5690200.0,,52465300.0,,60907700.0,,6730300.0,,11219700.0,,1634300.0,,9110300.0,,51086800.0,,1826600.0,,21079900.0,,,,21924000.0,,9389500.0,,41452800.0,,200600.0,,,,5561600.0,,,,,4345800.0,,,38789.0,2221000.0,,,,3431800.0,,,260684.0,5020100.0,,8664800.0,,64.0,2277500.0,12313,9925500.0,,7452600.0,,11363600.0,,9115200.0,,70127000.0,,14689500.0,,,,8447200.0,,7484900.0,,5771700.0,,,,2989400.0,,6028100.0,,3242100.0,314864,4426900.0,,23811200.0,,4458000.0,,5593400.0,,404300.0,,136.0,3878700.0,,,16600800.0,,46254000.0,,35141100.0,,1996200.0,,,2897800.0,,1052.0,29097500.0,,,,46671200.0,,21361400.0,,,5185400.0,,61600700.0,,7244800.0,,43774900.0,,33910200.0,,7787300.0,,7128000.0,,16041900.0,,,2586000.0,,69500.0,,,,5794000.0,,2477400.0,,12279400.0,,,12478300.0,158904,,23751400.0,,21611800.0,,9741400.0,,25791300.0,,12738000.0,,2724000.0,,,,44690600.0,,27010000.0,,171976.0,27348400.0,,8243000.0,3237,226852000.0,,16488300.0,,55210800.0,,131618100.0,,18.0,6342400.0,,,,2475800.0,199675.0,90.0,62211400.0,,,14352500.0,,8256900.0,,,,49308000.0,,7445800.0,,32445400.0,,11638500.0,,,,,,350.0,,,,40876000.0,,10221400.0,88.0,4053000.0,,5142100.0,,,,63942200.0,,3934200.0,,86721600.0,,54161.0,,,,78034500.0,,19231860.0,,313500.0,,,,719000.0,,,4412000.0,,6965900.0,,120818800.0,,72121700.0,,18822400.0,,1116400.0,,5957500.0,,3175770.0,,15944200.0,,399300.0,,3229500.0,,4996320.0,,6557900.0,,12971100.0,0,8398400.0,,7085800.0,,17934900.0,,,,10477300.0,,29932800.0,,,,,,3423300.0,0.0
2025-09-11,5148088.0,569436.0,20793501.0,931358.0,808213.0,928193.0,473494.0,10367430.0,18191860.0,30229650.0,120401766.0,65680163.0,138996794.0,,15200633.0,5414200.0,,50208600.0,,11804200.0,,4051900.0,,8999900.0,,48817700.0,,37485600.0,,6133500.0,,6342200.0,,1297800.0,,7983500.0,,29430900.0,,1146700.0,,50089200.0,,,,12241400.0,,8198500.0,,39137900.0,,241300.0,,,,3669000.0,,,,,6395800.0,,,34565.0,2737900.0,,,,3381100.0,,,222661.0,3944100.0,,7702700.0,,,1532000.0,2181,23638300.0,,6295600.0,,6944900.0,,9647600.0,,25179300.0,,17560800.0,,,,6159400.0,,8399100.0,,7508500.0,,,,4427600.0,,4782000.0,,4489400.0,278563,6894400.0,,24840700.0,,4082700.0,,4164800.0,,1083500.0,,307.0,4099900.0,,,13968300.0,,12512600.0,,30599300.0,,2075700.0,,,5316400.0,,1044.0,34586700.0,,,,35760900.0,,20845500.0,,,3576000.0,,55536900.0,,5815200.0,,38169100.0,,43629800.0,,7942500.0,,10221000.0,,15128700.0,,,2336000.0,,133000.0,,,,3672400.0,,2197500.0,,20296100.0,,,7923300.0,157903,,13912400.0,,18881600.0,,7506900.0,,52446400.0,,19688000.0,,1952100.0,,,,37580600.0,,56823000.0,,199072.0,29463900.0,,5865000.0,16900,151159300.0,,11793100.0,,62323000.0,,69986000.0,,28.0,4327500.0,,,,1368800.0,202670.0,0.0,42025500.0,,,11154400.0,,8360200.0,,,,44745800.0,,3726900.0,,40471700.0,,22816300.0,,,,,,538.0,,,,24437700.0,,7312400.0,91.0,10167400.0,,4152500.0,,,,54719200.0,,4384100.0,,69919800.0,,47765.0,,,,69934400.0,,18179020.0,,308600.0,,,,561000.0,,,4023900.0,,9265000.0,,91247200.0,,103756000.0,,10005000.0,,976800.0,,6596000.0,,4762480.0,,16190100.0,,276500.0,,3742200.0,,3662620.0,,5157600.0,,6779700.0,0,6985100.0,,5295800.0,,15900800.0,,,720.0,7953900.0,,25176800.0,,,,,,2873000.0,0.0
2025-09-12,4242516.0,666184.0,28219678.0,675115.0,1191699.0,1779302.0,476178.0,11640430.0,20780375.0,34433732.0,137019643.0,47250565.0,108406343.0,,18161109.0,3793100.0,,55824200.0,,14146600.0,,3699000.0,,5170600.0,,42232800.0,,38496200.0,,6730300.0,,3605200.0,,1019700.0,,7606600.0,,31949800.0,,1317400.0,,20903300.0,,,,13499600.0,,11914800.0,,67520000.0,,195800.0,,,,2951700.0,,,,,3356200.0,,,50762.0,2341800.0,,,,2778000.0,,,313265.0,3475300.0,,6929400.0,,,1461600.0,28423,15291500.0,,3549200.0,,8386400.0,,11058800.0,,32550400.0,,18529200.0,,,,4365700.0,,7640900.0,,14186500.0,,,,4717400.0,,5509400.0,,1733000.0,396266,2951100.0,,21274700.0,,2259700.0,,7052800.0,,1509000.0,,1300.0,2640400.0,,,14826100.0,,9320100.0,,26771600.0,,1099400.0,,,5004200.0,,883.0,35502300.0,,,,37245800.0,,20692400.0,,,3433300.0,,52672800.0,,5756800.0,,21067800.0,,46097600.0,,6846700.0,,5839000.0,,18712400.0,,,1696000.0,,62500.0,,,,2954300.0,,2198300.0,,11060500.0,,,8248600.0,162286,,14868600.0,,23624900.0,,10809900.0,,32288300.0,,17348000.0,,1956300.0,,,,22844700.0,,37849000.0,,160049.0,20458800.0,,3555500.0,4032,124911000.0,,10318000.0,,47214300.0,,51781900.0,,49.0,4431600.0,,,,625300.0,227420.0,0.0,54498500.0,,,7505600.0,,5430600.0,,,,50745900.0,,3683700.0,,67199600.0,,27889800.0,,,,,,18.0,,,,38138300.0,,5231900.0,569.0,5641700.0,,2634700.0,,,,61305200.0,,4680600.0,,52502600.0,,31756.0,,,,72780100.0,,15036720.0,,472300.0,,,,435100.0,,,5904200.0,,5419100.0,,92235200.0,,168156400.0,,8496600.0,,1001700.0,,6284200.0,,2725450.0,,13659200.0,,377500.0,,2972800.0,,2724240.0,,3518300.0,,4065400.0,0,6753100.0,,7417600.0,,11641900.0,,,,9366000.0,,22297800.0,,,,,,1880100.0,0.0
2025-09-13,,,,,,,,,,,,,,,,,,,,,,,,,,,,,,,,,,,,,,,,,,,,,,,,,,,,,,,,,,,,,,,,,,,,,,,,,,,,,,,5660,,,,,,,,,,,,,,,,,,,,,,,,,,,,472789,,,,,,,,,,,,,,,,,,,,,,,,,,,,,,,,,,,,,,,,,,,,,,,,,,,,,,,,,,,,,,,,,,,278323,,,,,,,,,,,,,,,,,,,,,,,,3414,,,,,,,,,,,,,,,212438.0,,,,,,,,,,,,,,,,,,,,,,,,,,,,,,64.0,,,,,,,,,,,,,,,,,,,,,,,,,,,,,,,,,,,,,,,,,,,,,,,,,,,,,,,0,,,,,,,,34577.0,,,,,,,,,,0.0
2025-09-14,,,,,,,,,,,,,,,,,,,,,,,,,,,,,,,,,,,,,,,,,,,,,,,,,,,,,,,,,,,,,,,,,,,,,,,,,,,,,,,0,,,,,,,,,,,,,,,,,,,,,,,,,,,,242826,,,,,,,,,,,,,,,,,,,,,,,,,,,,,,,,,,,,,,,,,,,,,,,,,,,,,,,,,,,,,,,,,,,330169,,,,,,,,,,,,,,,,,,,,,,,,2511,,,,,,,,,,,,,,,223468.0,,,,,,,,,,,,,,,,,,,,,,,,,,,,,,103.0,,,,,,,,,,,,,,,,,,,,,,,,,,,,,,,,,,,,,,,,,,,,,,,,,,,,,,,0,,,,,,,,,,,,,,,,,,0.0
2025-09-15,4221256.0,1712249.0,19908805.0,504841.0,710904.0,622588.0,375754.0,11063350.0,16371242.0,37851428.0,127441311.0,35752541.0,62754919.0,,34543874.0,8128900.0,,42699500.0,,6768600.0,,3254200.0,,5597600.0,,36808700.0,,33243300.0,,6246600.0,,2570400.0,,2702300.0,,10141300.0,,21792200.0,,1808800.0,,23567200.0,,,,11143600.0,,10294400.0,,50940000.0,,170400.0,,,,3629800.0,,,,,2818400.0,,,26320.0,2255800.0,,,,3375500.0,,,205560.0,4235200.0,,6896900.0,,,2199400.0,4611,12573800.0,,4301000.0,,7244600.0,,11517600.0,,37532700.0,,16203100.0,,,,5734400.0,,7150900.0,,10876500.0,,,,4002600.0,,4639300.0,,2739900.0,503746,3823700.0,,27909400.0,,2214000.0,,3856900.0,,614200.0,,210.0,1851900.0,,,8835100.0,,9604000.0,,58383800.0,,1292000.0,,,4884700.0,,491.0,28041700.0,,,,36787500.0,,18368000.0,,,4028400.0,,83951600.0,,14980000.0,,38205300.0,,33014000.0,,7122000.0,,8456000.0,,15986100.0,,,1378000.0,,144100.0,,,,3859200.0,,2790900.0,,9785700.0,,,10533800.0,345369,,17340800.0,,17143800.0,,9527700.0,,20101400.0,,9714000.0,,1537200.0,,,,19391500.0,,29093000.0,,152709.0,26415900.0,,7730500.0,9676,147061600.0,,13764300.0,,37226300.0,,40004000.0,,1.0,6076900.0,,,,978300.0,477586.0,0.0,45396100.0,,,9597900.0,,5604800.0,,,,44360300.0,,4584300.0,,30818500.0,,23957100.0,,,,,,48.0,,,,22441800.0,,5390200.0,147.0,8981300.0,,3722300.0,,,,66929400.0,,2900600.0,,61268000.0,,38633.0,,,,63772400.0,,17396780.0,,333500.0,,,,393800.0,,,3241300.0,,4115600.0,,78114400.0,,163823700.0,,8147700.0,,1333400.0,,11658400.0,,2866490.0,,18652400.0,,1016600.0,,5155600.0,,4425660.0,,4367500.0,,7643900.0,0,12523300.0,,5275100.0,,10756900.0,,,,9160400.0,,23287800.0,,,,,,2280600.0,0.0
2025-09-16,5841135.0,492855.0,28218265.0,556664.0,923864.0,1045730.0,375476.0,9849943.0,13339685.0,24577089.0,107755148.0,44253263.0,95908509.0,,12746448.0,6601900.0,,63421100.0,,6697000.0,,4370700.0,,6447500.0,,27946500.0,,38203900.0,,8588900.0,,2385300.0,,1832400.0,,8576100.0,,21306500.0,,1635100.0,,26017700.0,,,,14054600.0,,9397400.0,,53107800.0,,428500.0,,,,4070000.0,,,,,2924300.0,,,34128.0,2366300.0,,,,2907000.0,,,234250.0,3712600.0,,7434900.0,,,2012600.0,0,12723000.0,,4137400.0,,8779800.0,,11632000.0,,29506800.0,,18019300.0,,,,4461300.0,,6844900.0,,7609100.0,,,,7728300.0,,4636800.0,,2524800.0,260514,5797800.0,,26429500.0,,3103000.0,,5825400.0,,720000.0,,373.0,3104100.0,,,12936700.0,,9830000.0,,34109700.0,,1529500.0,,,3726700.0,,651.0,49261600.0,,,,36628500.0,,21439300.0,,,2719900.0,,60336600.0,,7549600.0,,36440500.0,,37059300.0,,10525600.0,,7761000.0,,18555900.0,,,1858000.0,,25600.0,,,,2925000.0,,3881300.0,,9897200.0,,,11782500.0,140898,,15931000.0,,19711900.0,,8651300.0,,16911600.0,,6042000.0,,2043900.0,,,,11737300.0,,24047000.0,,166585.0,30626900.0,,6501500.0,1500,140737800.0,,17115600.0,,36544700.0,,51923300.0,,0.0,5365500.0,,,,986500.0,246992.0,0.0,34598700.0,,,9353900.0,,7997500.0,,,,36942100.0,,3671300.0,,62422900.0,,42608100.0,,,,,,894.0,,,,18139200.0,,4227600.0,72.0,6292100.0,,7212200.0,,,,67268500.0,,2808700.0,,54148200.0,,40195.0,,,,61169000.0,,13062160.0,,281500.0,,,,546600.0,,,2871200.0,,6608300.0,,77137200.0,,104285700.0,,10381900.0,,1764100.0,,7920300.0,,3378990.0,,17257900.0,,795900.0,,9225900.0,,4717160.0,,5527700.0,,5449900.0,0,8734900.0,,5305400.0,,14481900.0,,,,6439800.0,,41593000.0,,,,,,2280500.0,0.0
2025-09-17,4498866.0,412548.0,20856317.0,462395.0,2083776.0,495932.0,703739.0,11708390.0,22349048.0,59420789.0,172994425.0,32431621.0,139083488.0,,12682996.0,5373200.0,,46508000.0,,6449900.0,,5925300.0,,9588300.0,,41823800.0,,42815200.0,,8915200.0,,2500000.0,,1553300.0,,8383500.0,,45197100.0,,741700.0,,29344300.0,,,,16355500.0,,11035600.0,,63418400.0,,783700.0,,,,5060700.0,,,,,4719200.0,,,30515.0,4512200.0,,,,3196700.0,,,165427.0,3901100.0,,8921200.0,,,1556800.0,12359,19405300.0,,3599600.0,,10124000.0,,15491200.0,,24420700.0,,18652100.0,,,,8237000.0,,7333900.0,,8495800.0,,,,4784200.0,,5829100.0,,4827800.0,237110,6110200.0,,39751100.0,,3436600.0,,3937400.0,,771100.0,,183.0,2058400.0,,,10590700.0,,7897100.0,,34108000.0,,1945300.0,,,4771700.0,,950.0,26977800.0,,,,34516600.0,,25280500.0,,,3974800.0,,63093700.0,,7576800.0,,34636100.0,,79955600.0,,8657800.0,,7239000.0,,17372300.0,,,2220000.0,,204400.0,,,,4947600.0,,3471200.0,,10996100.0,,,9400900.0,102070,,29593100.0,,15816600.0,,9691000.0,,18843600.0,,13154000.0,,4039500.0,,,,24500300.0,,34598000.0,,132465.0,35742600.0,,6423000.0,5188,211843800.0,,16809000.0,,42246200.0,,27707900.0,,9.0,4916100.0,,,,1269500.0,208119.0,0.0,69255500.0,,,18607800.0,,6057800.0,,,,69384800.0,,10028700.0,,47865900.0,,20731000.0,,,,,,311.0,,,,22589200.0,,9647700.0,158.0,7031000.0,,4366300.0,,,,73319900.0,,3240400.0,,80483900.0,,64984.0,,,,101952200.0,,31903840.0,,249800.0,,,,1151500.0,,,2569300.0,,9805000.0,,147697200.0,,106133500.0,,10422000.0,,1690900.0,,7209700.0,,6606850.0,,44094000.0,,1344200.0,,5705900.0,,8029340.0,,5763500.0,,5123300.0,0,8787600.0,,4906700.0,,25382000.0,,,,15125300.0,,26044800.0,,,,,,4074100.0,0.0
2025-09-18,4526286.0,652885.0,25619035.0,359269.0,1004507.0,1130724.0,3742513.0,11716730.0,29989898.0,49139140.0,182477097.0,56160786.0,124934835.0,,23055534.0,4777100.0,,44249600.0,,4752400.0,,6183800.0,,15473700.0,,84549500.0,,37931700.0,,9258500.0,,12215000.0,,3176100.0,,9240200.0,,24663900.0,,714500.0,,19529600.0,,,,15379800.0,,8400600.0,,64933700.0,,1944100.0,,,,4058900.0,,,,,4395700.0,,,29610.0,4331900.0,,,,2048100.0,,,82321.0,3659700.0,,17324500.0,,,1860900.0,1202,15939000.0,,5338300.0,,9344400.0,,40482000.0,,21873400.0,,20279000.0,,,,5528900.0,,9460500.0,,10252600.0,,,,4653500.0,,5465400.0,,4069500.0,379899,3802100.0,,18201000.0,,3164900.0,,5627500.0,,593700.0,,80.0,2245600.0,,,10372500.0,,7806200.0,,31239500.0,,1501600.0,,,3677200.0,,837.0,37206000.0,,,,35865100.0,,22034800.0,,,4988400.0,,523908000.0,,79455200.0,,25890800.0,,49167700.0,,8050700.0,,18247000.0,,17722900.0,,,1582000.0,,84600.0,,,,3518000.0,,3464000.0,,13763900.0,,,10955000.0,164980,,28894800.0,,18913700.0,,19697300.0,,28212800.0,,17850000.0,,3006900.0,,,,18068500.0,,31691000.0,,180476.0,31035000.0,,7455500.0,4146,191763300.0,,24602000.0,,36806700.0,,24673100.0,,14.0,5446400.0,,,,1785800.0,211517.0,1.0,70768600.0,,,14330500.0,,10421200.0,,,,61069300.0,,6843900.0,,48669500.0,,19434100.0,,,,,,156.0,,,,26315800.0,,16335600.0,300.0,9441900.0,,3752600.0,,,,71508300.0,,4258200.0,,104513300.0,,81202.0,,,,90459200.0,,25518220.0,,328300.0,,,,1054500.0,,,4876800.0,,9878200.0,,123401600.0,,90454500.0,,16917300.0,,2167000.0,,7937100.0,,5500670.0,,23075200.0,,1046100.0,,7026000.0,,4424480.0,,7526600.0,,5295000.0,84,10389100.0,,7581300.0,,14869400.0,,,1185.0,9284900.0,,28713000.0,,,,,,3431700.0,0.0
2025-09-19,,,,,,,,10653730.0,20805608.0,50348893.0,174859789.0,46653593.0,64899879.0,,19029504.0,4323400.0,,163741300.0,,7693000.0,,22438600.0,,18903500.0,,55448100.0,,97943200.0,,73131600.0,,8770200.0,,2410200.0,,20745000.0,,41240100.0,,2036600.0,,18183200.0,,,,16593600.0,,8272600.0,,70773100.0,,1667000.0,,,,7356300.0,,,,,7404000.0,,,24400.0,5069300.0,,,,3153500.0,,,87165.0,3427000.0,,13272100.0,,,4606000.0,0,16115600.0,,12625100.0,,11813900.0,,28371200.0,,47567700.0,,47822500.0,,,,9052000.0,,23398400.0,,9093900.0,,,,11041000.0,,5099500.0,,2517400.0,249923,3940200.0,,22505000.0,,7986900.0,,8252800.0,,473800.0,,211.0,4107300.0,,,10765000.0,,9567600.0,,55571400.0,,3789800.0,,,6718400.0,,653.0,36251600.0,,,,202388400.0,,32895700.0,,,9858100.0,,225702900.0,,21724800.0,,36698900.0,,56092000.0,,23568600.0,,15869000.0,,31192900.0,,,1680000.0,,174000.0,,,,4448300.0,,7349500.0,,24271900.0,,,23696800.0,149949,,31788100.0,,52474100.0,,17699700.0,,37309900.0,,16584000.0,,1541400.0,,,,18649300.0,,49476000.0,,142217.0,36366300.0,,14036000.0,2817,237182100.0,,12902900.0,,45026800.0,,40776200.0,,0.0,8925300.0,,,,2771500.0,213746.0,0.0,109129900.0,,,19774200.0,,19444400.0,,,,58196100.0,,11586100.0,,68671900.0,,26870000.0,,,,,,625.0,,,,28688400.0,,8381600.0,61.0,6459900.0,,7774900.0,,,,74760900.0,,4238600.0,,66106100.0,,39757.0,,,,97945600.0,,20087740.0,,283300.0,,,,479900.0,,,9576500.0,,7441600.0,,84365400.0,,93131000.0,,17640200.0,,3620100.0,,16206700.0,,3553130.0,,38735000.0,,1613000.0,,10718800.0,,3849980.0,,13674300.0,,6682800.0,18,11030700.0,,32414900.0,,34791600.0,,,,7144100.0,,29979200.0,,,,,,5931600.0,93.0
2025-09-20,,,,,,,,,,,,,,,,,,,,,,,,,,,,,,,,,,,,,,,,,,,,,,,,,,,,,,,,,,,,,,,,,,,,,,,,,,,,,,,0,,,,,,,,,,,,,,,,,,,,,,,,,,,,193760,,,,,,,,,,,,,,,,,,,,,,,,,,,,,,,,,,,,,,,,,,,,,,,,,,,,,,,,,,,,,,,,,,,152568,,,,,,,,,,,,,,,,,,,,,,,,8533,,,,,,,,,,,,,,,198156.0,,,,,,,,,,,,,,,,,,,,,,,,,,,,,,445.0,,,,,,,,,,,,,,,,,,,,,,,,,,,,,,,,,,,,,,,,,,,,,,,,,,,,,,,50,,,,,,,,,,,,,,,,,,0.0
2025-09-21,,,,,,,,,,,,,,,,,,,,,,,,,,,,,,,,,,,,,,,,,,,,,,,,,,,,,,,,,,,,,,,,,,,,,,,,,,,,,129.0,,0,,,,,,,,,,,,,,,,,,,,,,,,,,,,239289,,,,,,,,,,,,,,,,,,,,,,,,,,,,,,,,,,,,,,,,,,,,,,,,,,,,,,,,,,,,,,,,,,,196104,,,,,,,,,,,,,,,,,,,,,,,,10942,,,,,,,,,,,,,,,201130.0,,,,,,,,,,,,,,,,,,,,,,,,,,,,,,364.0,,,,,,,,,,,,,,,,,,,,,,,,,,,,,,,,,,,,,,,,,,,,,,,,,,,,,,,0,,,,,,,,,,,,,,,,,,0.0
2025-09-22,4377563.0,499195.0,27529656.0,719169.0,1004689.0,590874.0,641705.0,12238680.0,12899662.0,63106513.0,108494957.0,41268476.0,70033614.0,,15260070.0,4741800.0,,105517400.0,,4709600.0,,6360500.0,,15475500.0,,46505500.0,,45914500.0,,9307100.0,,4705800.0,,1885000.0,,13639000.0,,28660000.0,,3747200.0,,18667700.0,,,,10907700.0,,12032000.0,,65585000.0,,5556300.0,,,,3582900.0,,,,,3038100.0,,,23634.0,3180000.0,,,,2613100.0,,,223779.0,4579000.0,,8720700.0,,,2794300.0,2775,9117400.0,,6067900.0,,7523800.0,,15501600.0,,40323400.0,,20396700.0,,,,10255200.0,,15479800.0,,9810900.0,,,,4719300.0,,3428800.0,,2007000.0,251868,5374700.0,,27533100.0,,3176900.0,,12216800.0,,490400.0,,410.0,2566000.0,,,7314200.0,,11263600.0,,32290500.0,,1151000.0,,,2656300.0,,830.0,18736300.0,,,,33482600.0,,28153200.0,,,5030500.0,,130314500.0,,11447200.0,,46224300.0,,53572900.0,,7520200.0,,10207000.0,,13298700.0,,,1556000.0,,58300.0,,,,4080300.0,,2527400.0,,13403700.0,,,11706900.0,579812,,20037700.0,,20009300.0,,10053500.0,,25851200.0,,28702000.0,,1557300.0,,,,24365200.0,,25468000.0,,163184.0,36366500.0,,6039500.0,2133,269637000.0,,10742700.0,,48685300.0,,44437500.0,,1.0,5468100.0,,,,908400.0,209053.0,21.0,45916700.0,,,13298200.0,,6196600.0,,,,57154800.0,,5281200.0,,74244700.0,,22995900.0,,,,,,179.0,,,,39930600.0,,11618100.0,312.0,7692200.0,,3217100.0,,,,64448300.0,,3854500.0,,62948200.0,,53901.0,,,,69452200.0,,17420300.0,,231900.0,,,,324300.0,,,7137400.0,,6591700.0,,81054600.0,,97108800.0,,15630300.0,,1609300.0,,7030300.0,,3661060.0,,29820100.0,,887200.0,,3918100.0,,3928960.0,,5621800.0,,8731700.0,0,9686300.0,,7385600.0,,12861900.0,,,,11373600.0,,22502400.0,,,,,,2763600.0,0.0
2025-09-23,3315336.0,473760.0,23610263.0,368573.0,735957.0,1060329.0,729541.0,10932890.0,15293080.0,27696281.0,84350249.0,53444036.0,58944762.0,,12897924.0,6163000.0,,60275200.0,,3831100.0,,6143600.0,,12417900.0,,39448300.0,,70956200.0,,7799900.0,,4823900.0,,1664800.0,,25744700.0,,21944100.0,,2762900.0,,18278600.0,,,,22135800.0,,10415300.0,,42224300.0,,2397000.0,,,,3933200.0,,,,,2503200.0,,,27893.0,3856600.0,,,,2846200.0,,,265948.0,3488300.0,,8245900.0,,,3258500.0,1229,8952100.0,,4831600.0,,7669800.0,,10938000.0,,29126400.0,,22240000.0,,,,4750800.0,,13145000.0,,7839900.0,,,,3442300.0,,4353300.0,,3467700.0,321598,4023000.0,,32623600.0,,4038100.0,,10005600.0,,560000.0,,627.0,2427200.0,,,8654200.0,,7064000.0,,26628000.0,,1758800.0,,,2597000.0,,1072.0,22345900.0,,,,28923500.0,,25207500.0,,,5394100.0,,126317900.0,,14453600.0,,32022700.0,,41854500.0,,8584400.0,,8295000.0,,15072800.0,,,1256000.0,,84700.0,,,,3052000.0,,2910100.0,,12051100.0,,,10872600.0,209409,,21403700.0,,19799600.0,,9468800.0,,43316500.0,,58950000.0,,1753800.0,,,,16693500.0,,24991000.0,,70892.0,40469500.0,,7035000.0,2782,192559600.0,,11510900.0,,59734600.0,,35280200.0,,0.0,7125700.0,,,,801000.0,196787.0,0.0,62354800.0,,,10449000.0,,5468400.0,,,,64635500.0,,8042200.0,,53832600.0,,38064000.0,,,,,,400.0,,,,27042500.0,,9159000.0,120.0,7835000.0,,4939300.0,,,,47417500.0,,3734200.0,,63661700.0,,52496.0,,,,81708900.0,,20372040.0,,214200.0,,,,316300.0,,,4341200.0,,4788000.0,,99930600.0,,83422700.0,,17830300.0,,1572700.0,,5900800.0,,4914980.0,,15101100.0,,759300.0,,11382100.0,,7512600.0,,10142700.0,,16541300.0,8,7375500.0,,8111700.0,,13158700.0,,,,7122400.0,,44214800.0,,,,,,2496300.0,0.0
2025-09-24,4165199.0,383310.0,18300997.0,523315.0,982181.0,779048.0,635037.0,12615780.0,18440788.0,46324874.0,118307200.0,39338586.0,60736788.0,,10970912.0,4705000.0,,42303700.0,,6140000.0,,13345500.0,,6360500.0,,38464100.0,,49509000.0,,5991500.0,,4545700.0,,1400700.0,,11419100.0,,19677300.0,,1686100.0,,52642300.0,,,,33315700.0,,9754400.0,,42314200.0,,1040000.0,,,,2811500.0,,,,,3826300.0,,,28459.0,2776700.0,,,,2367300.0,,,282721.0,3291700.0,,4869800.0,,,2149800.0,0,9155800.0,,7768900.0,,6707100.0,,8872800.0,,26409200.0,,17433100.0,,,,3921900.0,,8755200.0,,9932700.0,,,,5178400.0,,4906000.0,,2994100.0,218051,3554100.0,,22707800.0,,4550800.0,,13856600.0,,379300.0,,588.0,1617200.0,,,8648900.0,,5508800.0,,28201000.0,,1402500.0,,,3220700.0,,1961.0,23273000.0,,,,26956400.0,,25135600.0,,,3159900.0,,164458500.0,,22583200.0,,65566800.0,,36002200.0,,7310500.0,,8680000.0,,14759300.0,,,1724000.0,,67000.0,,,,5478400.0,,2243000.0,,12435900.0,,,8828200.0,206291,,50429500.0,,13533700.0,,9153100.0,,57096400.0,,32656000.0,,7518900.0,,,,25341200.0,,27731000.0,,55699.0,25382100.0,,10109500.0,2678,143564100.0,,11232100.0,,45668000.0,,33765300.0,,3.0,5160000.0,,,,849200.0,212364.0,107.0,45379700.0,,,9180600.0,,9213700.0,,,,49850300.0,,4821600.0,,50644500.0,,30681600.0,,,,,,174.0,,,,24991300.0,,8632200.0,437.0,12409300.0,,3259400.0,,,,46087500.0,,5517300.0,,58369900.0,,58445.0,,,,68082200.0,,20499600.0,,134600.0,,,,227600.0,,,3688700.0,,4710900.0,,101055600.0,,93133600.0,,10231000.0,,2075900.0,,5905100.0,,4426080.0,,12523400.0,,1324300.0,,6987800.0,,4318980.0,,5207400.0,,5978100.0,0,8412700.0,,4519200.0,,11391800.0,,,,9202600.0,,35406200.0,,,,,,1998300.0,0.0
2025-09-25,2148215.0,509882.0,19665151.0,381508.0,8314576.0,612260.0,424766.0,11171540.0,17384258.0,38028175.0,328411483.0,50559151.0,45966392.0,,7969649.0,4339300.0,,55202100.0,,3336700.0,,6227700.0,,6027600.0,,36809900.0,,52226300.0,,6418200.0,,4312200.0,,1272600.0,,11994300.0,,21678200.0,,1751500.0,,20712200.0,,,,17712800.0,,17642500.0,,50484700.0,,1020900.0,,,,4056100.0,,,,,3744100.0,,,21388.0,2979200.0,,,,2808100.0,,,258353.0,2602600.0,,8865300.0,,,2991500.0,7739,7729900.0,,6634600.0,,8145500.0,,10859200.0,,48895600.0,,22351700.0,,,,4758900.0,,6365500.0,,7073300.0,,,,6426200.0,,4855800.0,,3437500.0,268206,3374500.0,,32002800.0,,5292800.0,,14215100.0,,446900.0,,1899.0,3202500.0,,,8518700.0,,8210500.0,,31020400.0,,1413100.0,,,2554300.0,,1220.0,22269400.0,,,,32876000.0,,32909800.0,,,11506200.0,,295709300.0,,35692000.0,,61876700.0,,37209500.0,,7083200.0,,7105000.0,,14395000.0,,,1568000.0,,183400.0,,,,4751700.0,,5136400.0,,9621700.0,,,10591100.0,399634,,43286000.0,,15786500.0,,22087000.0,,32209200.0,,20352000.0,,4693200.0,,,,19658800.0,,19978000.0,,74214.0,39757500.0,,5945000.0,55562,191586700.0,,18287400.0,,62131000.0,,39274900.0,,2.0,7326400.0,,,,751500.0,201966.0,1.0,72321200.0,,,10773700.0,,8093700.0,,,,70920200.0,,4646100.0,,44793600.0,,22418500.0,,,,,,199.0,,,,24372200.0,,9592900.0,23.0,10569300.0,,3006200.0,,,,49863500.0,,4792300.0,,79969600.0,,74679.0,,,,89622100.0,,32496180.0,,533100.0,,,,375800.0,,,2655300.0,,5942700.0,,122820600.0,,96746400.0,,11863400.0,,1188900.0,,4042300.0,,4366070.0,,11255800.0,,1413500.0,,12331000.0,,7733440.0,,5398700.0,,6197600.0,0,8499400.0,,6587600.0,,13366700.0,,,880.0,9148300.0,,31887200.0,,,,,,2406700.0,0.0
2025-09-26,3685324.0,448652.0,24071193.0,850907.0,4597910.0,684177.0,548336.0,14027410.0,19504951.0,25536275.0,415512054.0,35111815.0,40317300.0,,13667020.0,2730700.0,,46076300.0,,3073000.0,,3317800.0,,7363300.0,,30316900.0,,41650100.0,,6122400.0,,3757100.0,,955200.0,,8196300.0,,15464700.0,,994800.0,,15971100.0,,,,9355500.0,,11971100.0,,40936200.0,,945300.0,,,,3707600.0,,,,,2046900.0,,,11917.0,2329000.0,,,,3795900.0,,,284990.0,2968500.0,,6714800.0,,,4812900.0,3491,5467800.0,,4861800.0,,4974600.0,,9438800.0,,29939300.0,,15077400.0,,,,3841000.0,,6145700.0,,8828000.0,,,,6902100.0,,9649800.0,,2706000.0,289308,5278900.0,,15900000.0,,2647800.0,,7294300.0,,249500.0,,19308.0,1845300.0,,,4484000.0,,8048300.0,,18503200.0,,1376200.0,,,2316600.0,,1901.0,27271500.0,,,,25714800.0,,20647700.0,,,9063900.0,,268583300.0,,37298400.0,,59655300.0,,28942800.0,,7258100.0,,5054000.0,,17821600.0,,,1804000.0,,63200.0,,,,2310000.0,,3559700.0,,8789000.0,,,9696300.0,178706,,26715100.0,,16213100.0,,11693400.0,,24045000.0,,10188000.0,,1393500.0,,,,14915100.0,,19450000.0,,168752.0,30640200.0,,4457000.0,2382,148573700.0,,17739800.0,,36510700.0,,25990700.0,,66.0,5244300.0,,,,567400.0,197860.0,14363.0,44275800.0,,,8431600.0,,4846000.0,,,,54337400.0,,3280300.0,,36800700.0,,14907100.0,,,,,,556.0,,,,22879400.0,,6886100.0,36.0,6418000.0,,3014800.0,,,,36585300.0,,5873200.0,,60944500.0,,55465.0,,,,69179200.0,,20720120.0,,306800.0,,,,257200.0,,,3276300.0,,4721200.0,,124097400.0,,101628200.0,,10451900.0,,3480600.0,,6206300.0,,4020430.0,,10356100.0,,767100.0,,7558000.0,,4924920.0,,9619200.0,,3607600.0,0,5520000.0,,4998100.0,,11859300.0,,,4143.0,12363300.0,,40161600.0,,,,,,2343100.0,69.0
2025-09-27,,,,,,,,,,,,,,,,,,,,,,,,,,,,,,,,,,,,,,,,,,,,,,,,,,,,,,,,,,,,,,,,,,,,,,,,,,,,,,,458,,,,,,,,,,,,,,,,,,,,,,,,,,,,297919,,,,,,,,,,,,,,,,,,,,,,,,,,,,,,,,,,,,,,,,,,,,,,,,,,,,,,,,,,,,,,,,,,,153759,,,,,,,,,,,,,,,,,,,,,,,,185844,,,,,,,,,,,,,,,192162.0,,,,,,,,,,,,,,,,,,,,,,,,,,,,,,459.0,,,,,,,,,,,,,,,,,,,,,,,,,,,,,,,,,,,,,,,,,,,,,,,,,,,,,,,0,,,,,,,,893.0,,,,,,,,,,0.0
2025-09-28,,,,,,,,,,,,,,,,,,,,,,,,,,,,,,,,,,,,,,,,,,,,,,,,,,,,,,,,,,,,,,,,,,,,,,,,,,,,,155.0,,91,,,,,,,,,,,,,,,,,,,,,,,,,,,,197952,,,,,,,,,,,,,,,,,,,,,,,,,,,,,,,,,,,,,,,,,,,,,,,,,,,,,,,,,,,,,,,,,,,83720,,,,,,,,,,,,,,,,,,,,,,,,16548,,,,,,,,,,,,,,,218492.0,,,,,,,,,,,,,,,,,,,,,,,,,,,,,,11.0,,,,,,,,,,,,,,,,,,,,,,,,,,,,,,,,,,,,,,,,,,,,,,,,,,,,,,,8,,,,,,,,,,,,,,,,,,0.0
2025-09-29,2275986.0,339105.0,13069094.0,337478.0,3486022.0,609556.0,318695.0,8495289.0,20489556.0,39104002.0,332142837.0,42905921.0,58610731.0,,13745485.0,3107400.0,,40127700.0,,4075900.0,,4092200.0,,9295400.0,,39828800.0,,44259200.0,,11947800.0,,2988900.0,,1213800.0,,9966800.0,,21336000.0,,2936700.0,,21576300.0,,,,10757900.0,,15017600.0,,60535800.0,,898500.0,,,,5161900.0,,,,,2630300.0,,,8229.0,2892100.0,,,,2318600.0,,,294292.0,2411700.0,,12066100.0,,,4107000.0,2284,10474600.0,,5283200.0,,6373500.0,,8791600.0,,22532200.0,,14358300.0,,,,3833400.0,,9304100.0,,10037800.0,,,,6381200.0,,5053300.0,,3292000.0,379283,3738400.0,,24349800.0,,3072300.0,,8071700.0,,559400.0,,8860.0,2188700.0,,,8204600.0,,7979000.0,,32505800.0,,1059000.0,,,3008400.0,,2748.0,26127900.0,,,,62109900.0,,19445300.0,,,6022100.0,,152605900.0,,17893600.0,,37032600.0,,26391500.0,,6462400.0,,7697000.0,,14818500.0,,,1152000.0,,188100.0,,,,2385200.0,,3309200.0,,11015500.0,,,9246800.0,266269,,20468300.0,,17617800.0,,12652000.0,,26506500.0,,12812000.0,,1452300.0,,,,12067000.0,,30332000.0,,166628.0,35748600.0,,5115000.0,522,193063500.0,,19329100.0,,68637300.0,,25778500.0,,100.0,5333700.0,,,,539200.0,208860.0,3465.0,38413800.0,,,28497000.0,,7523100.0,,,,48332900.0,,3784600.0,,46005200.0,,16145400.0,,,,,,622.0,,,,25012600.0,,5833600.0,18.0,12435400.0,,4429100.0,,,,60395300.0,,3049300.0,,56593700.0,,56000.0,,,,73499000.0,,20127720.0,,277000.0,,,,459000.0,,,2854200.0,,5131900.0,,92393200.0,,79491500.0,,8046200.0,,2670900.0,,5090700.0,,3325460.0,,16320900.0,,370000.0,,7894000.0,,4131340.0,,7217800.0,,5876700.0,0,14023900.0,,5994300.0,,15477200.0,,,,9957300.0,,37674400.0,,,,,,2374400.0,0.0
2025-09-30,2238614.0,339691.0,16319061.0,312982.0,2764865.0,1988564.0,846132.0,6890501.0,20610633.0,71891789.0,211943325.0,39289331.0,71076759.0,,11330044.0,3543000.0,,37704300.0,,5360700.0,,5498600.0,,12253800.0,,29669300.0,,48396400.0,,6759600.0,,2550700.0,,1303600.0,,7575600.0,,20109500.0,,1710500.0,,18681500.0,,,,25107900.0,,13730300.0,,32520600.0,,702600.0,,,,3873500.0,,,,,5392000.0,,,46335.0,2315300.0,,,,2088200.0,,,271649.0,2331000.0,,6674700.0,,,3096700.0,1705,7965500.0,,3625700.0,,10801100.0,,9152800.0,,71176800.0,,20498900.0,,,,9934600.0,,9303700.0,,44857300.0,,,,5986100.0,,9629300.0,,2963200.0,418100,3066200.0,,21898300.0,,2958900.0,,6113700.0,,385500.0,,1611.0,1818700.0,,,6300300.0,,5392800.0,,34724300.0,,2463900.0,,,3211600.0,,1426.0,20804800.0,,,,50851200.0,,22897400.0,,,5926900.0,,124818400.0,,11441600.0,,31035100.0,,33447700.0,,11823300.0,,8863000.0,,13815000.0,,,640000.0,,122600.0,,,,1709600.0,,6234300.0,,10328800.0,,,16226800.0,416562,,18751700.0,,19728200.0,,7798800.0,,20092500.0,,15724000.0,,1223700.0,,,,20425100.0,,38303000.0,,162025.0,58556200.0,,7077000.0,268,236981000.0,,19003500.0,,41886000.0,,23880800.0,,15.0,4396100.0,,,,436400.0,193261.0,290.0,43561700.0,,,21464800.0,,5593300.0,,,,46533800.0,,4885400.0,,48572400.0,,14856100.0,,,,,,338.0,,,,32168500.0,,7459900.0,473.0,11414800.0,,3420000.0,,,,94402900.0,,3455100.0,,60696800.0,,55707.0,,,,86288000.0,,21445240.0,,423100.0,,,,702400.0,,,3014000.0,,6383700.0,,92323800.0,,74358000.0,,8348800.0,,1986500.0,,3873100.0,,3423920.0,,16793400.0,,528100.0,,4937300.0,,3098760.0,,8164400.0,,6822300.0,118,13861700.0,,7536300.0,,13873400.0,,,3141.0,12913900.0,,47544800.0,,,,,,3020700.0,73.0
2025-10-01,2802437.0,297048.0,22039361.0,404107.0,3385774.0,940391.0,305645.0,6035418.0,,,,,,,,3735900.0,,48713900.0,,6505700.0,,4896100.0,,12699200.0,,39895200.0,,43933800.0,,6210800.0,,7886800.0,,1963800.0,,20062000.0,,21122700.0,,1720900.0,,14966900.0,,,,20299800.0,,15594100.0,,40766600.0,,1407400.0,,,,4481100.0,,,,,3630100.0,,,44601.0,2964700.0,,,,3107500.0,,,274339.0,3101700.0,,8843900.0,,,2642100.0,0,9067300.0,,4274400.0,,10016600.0,,10049600.0,,22675000.0,,15530700.0,,,,13612000.0,,9736300.0,,33047300.0,,,,7486900.0,,6794700.0,,3426400.0,362778,3909700.0,,35845400.0,,2935900.0,,11096700.0,,476600.0,,1778.0,2423600.0,,,9010000.0,,8187100.0,,31658200.0,,1788900.0,,,3787800.0,,755.0,24723500.0,,,,34759600.0,,27908400.0,,,4381300.0,,162649700.0,,27199200.0,,28111600.0,,28520000.0,,9235200.0,,11881000.0,,14877500.0,,,1624000.0,,42900.0,,,,3262200.0,,10124500.0,,15549100.0,,,20419600.0,179746,,20038400.0,,22632300.0,,13994800.0,,41674800.0,,31738000.0,,1544400.0,,,,12008100.0,,41102000.0,,240703.0,34564600.0,,9149500.0,22835,173844900.0,,24835100.0,,40181900.0,,23378300.0,,29.0,5623800.0,,,,895300.0,191991.0,91.0,45717300.0,,,17050100.0,,6153000.0,,,,46899600.0,,15774000.0,,27345900.0,,25640200.0,,,,,,125.0,,,,48357200.0,,9911800.0,61.0,12237400.0,,4678300.0,,,,81148100.0,,2947300.0,,67094700.0,,67095.0,,,,72545400.0,,22497580.0,,620600.0,,,,808300.0,,,3177100.0,,6113200.0,,93996400.0,,98122300.0,,14620100.0,,1626100.0,,7705000.0,,3831080.0,,16608500.0,,429300.0,,6663400.0,,3193600.0,,8381000.0,,12844000.0,8,18540400.0,,5316300.0,,16142800.0,,,,9736200.0,,27661200.0,,,,,,3222100.0,86.0
2025-10-02,7430763.0,1099674.0,49883028.0,664365.0,2205648.0,3472737.0,814910.0,19649690.0,17137745.0,76114124.0,101931615.0,,62226576.0,,15691747.0,3673700.0,,42630200.0,,3955400.0,,6604100.0,,11166000.0,,55475200.0,,41258600.0,,6075400.0,,3573100.0,,1689100.0,,30170800.0,,19917600.0,,1205500.0,,23687800.0,,,,15349200.0,,17131300.0,,53494900.0,,1014100.0,,,,3461400.0,,,,,3570000.0,,,52074.0,2648600.0,,,,2280200.0,,,290507.0,3007500.0,,15750400.0,,622.0,2063800.0,0,19216200.0,,6126500.0,,7679200.0,,10355200.0,,21567600.0,,15708300.0,,,,7490800.0,,8695100.0,,31316700.0,,,,6021800.0,,6801000.0,,2308800.0,424389,6535100.0,,39252600.0,,2272200.0,,8908000.0,,429000.0,,3418.0,2044600.0,,,7207100.0,,14526000.0,,25483300.0,,1553700.0,,,2964700.0,,1055.0,25918200.0,,,,34579900.0,,17599900.0,,,3814200.0,,149361700.0,,20853600.0,,29215600.0,,28687400.0,,7600000.0,,9249000.0,,14350700.0,,,2214000.0,,110500.0,,,,2194600.0,,4291800.0,,16417100.0,,,11415300.0,119549,,21698700.0,,21222900.0,,13666800.0,,25122200.0,,38944000.0,,1666800.0,,,,26887700.0,,46855000.0,,259354.0,25862400.0,,7559000.0,3989,136805800.0,,11966700.0,,103739100.0,,16215500.0,,5.0,4951600.0,,,,830100.0,197009.0,86.0,39849200.0,,,13461600.0,,5499500.0,,,,43765400.0,,7759200.0,,75952400.0,,35212900.0,,,,,,509.0,,,,32744400.0,,8092600.0,310.0,9453400.0,,6623100.0,,,,65256700.0,,6133300.0,,68834400.0,,77522.0,,,,56896000.0,,20235900.0,,989600.0,,,,474800.0,,,3307400.0,,4850100.0,,89158600.0,,137009000.0,,10198000.0,,1366000.0,,6798000.0,,3396250.0,,16046400.0,,513300.0,,24643100.0,,3901600.0,,5198000.0,,8936100.0,73,15306200.0,,4173000.0,,15605400.0,,,,8601200.0,,31793600.0,,,,,,2159000.0,0.0
2025-10-03,,,,,,,,,7125093.0,39247860.0,62150942.0,,33287609.0,,6867444.0,3937600.0,,49155600.0,,3122100.0,,5188100.0,,9269800.0,,42699100.0,,43639000.0,,4205800.0,,2533600.0,,1352300.0,,16702100.0,,14749100.0,,4033700.0,,13990900.0,,,,14071000.0,,23336400.0,,49535300.0,,3070000.0,,,,4678800.0,,,,,3218600.0,,,38970.0,2996500.0,,,,1762400.0,,,240044.0,3016800.0,,13648200.0,,191.0,2319200.0,0,19333300.0,,6153700.0,,8849800.0,,7934000.0,,23405600.0,,11113200.0,,,,6526700.0,,7148400.0,,22317200.0,,,,7650700.0,,8651400.0,,2786800.0,334334,4225100.0,,27077400.0,,4324500.0,,8837900.0,,494400.0,,392.0,2668500.0,,,7739200.0,,11615900.0,,30249600.0,,1470500.0,,,2951300.0,,995.0,35805500.0,,,,34531700.0,,20800300.0,,,4375100.0,,125359300.0,,18440000.0,,40830100.0,,34579600.0,,6029900.0,,9536000.0,,12249200.0,,,1082000.0,,94900.0,,,,3197400.0,,5088500.0,,8970300.0,,,16154300.0,208867,,15679200.0,,15112300.0,,12107900.0,,29399300.0,,20784000.0,,804300.0,,,,21351300.0,,31374000.0,,217261.0,35659100.0,,5832000.0,21366,137596900.0,,15362900.0,,72854000.0,,13688400.0,,37.0,4963000.0,,,,856700.0,209908.0,70.0,105533400.0,,,12219800.0,,5137900.0,,,,46482100.0,,8463200.0,,45879700.0,,37741900.0,,,,,,53.0,,,,32220400.0,,7770000.0,22.0,10193700.0,,4073700.0,,,,78751700.0,,4296700.0,,69252500.0,,69580.0,,,,70494400.0,,24836420.0,,763300.0,,,,207300.0,,,2798300.0,,3686000.0,,103096400.0,,133188200.0,,10572500.0,,1728200.0,,5167600.0,,5439420.0,,10556400.0,,1220100.0,,41452600.0,,3650620.0,,5199700.0,,5728500.0,121,8465900.0,,3774300.0,,11867500.0,,,,12886500.0,,24048000.0,,,,,,1800200.0,16.0
2025-10-04,,,,,,,,,,,,,,,,,,,,,,,,,,,,,,,,,,,,,,,,,,,,,,,,,,,,,,,,,,,,,,,,,,,,,,,,,,,,,546.0,,0,,,,,,,,,,,,,,,,,,,,,,,,,,,,342242,,,,,,,,,,,,,,,,,,,,,,,,,,,,,,,,,,,,,,,,,,,,,,,,,,,,,,,,,,,,,,,,,,,100243,,,,,,,,,,,,,,,,,,,,,,,,4485,,,,,,,,,,,,,,,214744.0,,,,,,,,,,,,,,,,,,,,,,,,,,,,,,172.0,,,,,,,,,,,,,,,,,,,,,,,,,,,,,,,,,,,,,,,,,,,,,,,,,,,,,,,0,,,,,,,,,,,,,,,,,,0.0
2025-10-05,,,,,,,,,,,,,,,,,,,,,,,,,,,,,,,,,,,,,,,,,,,,,,,,,,,,,,,,,,,,,,,,,,,,,,,,,,,,,77.0,,4845,,,,,,,,,,,,,,,,,,,,,,,,,,,,329863,,,,,,,,,,,,,,,,,,,,,,,,,,,,,,,,,,,,,,,,,,,,,,,,,,,,,,,,,,,,,,,,,,,99009,,,,,,,,,,,,,,,,,,,,,,,,2668,,,,,,,,,,,,,,,209817.0,,,,,,,,,,,,,,,,,,,,,,,,,,,,,,128.0,,,,,,,,,,,,,,,,,,,,,,,,,,,,,,,,,,,,,,,,,,,,,,,,,,,,,,,0,,,,,,,,2573.0,,,,,,,,,,0.0
2025-10-06,,,,,,,,,7828323.0,16223092.0,52592486.0,,30205074.0,,5023784.0,10810300.0,,44664100.0,,5340200.0,,8726000.0,,7891900.0,,248859600.0,,43690900.0,,14417700.0,,5095900.0,,1385400.0,,16423000.0,,18465700.0,,3055500.0,,10973500.0,,,,12271400.0,,19745900.0,,64816200.0,,2731600.0,,,,3519500.0,,,,,2334100.0,,,38055.0,2629200.0,,,,3005500.0,,,224682.0,3775500.0,,8693000.0,,84.0,2504000.0,0,10810000.0,,6451300.0,,13922600.0,,7797600.0,,26763600.0,,21952700.0,,,,10454700.0,,6141200.0,,17537900.0,,,,6074700.0,,8346500.0,,2060500.0,454628,3658100.0,,23565900.0,,3909700.0,,9559300.0,,494100.0,,1267.0,1950800.0,,,8678000.0,,11543400.0,,28894700.0,,1632600.0,,,3653700.0,,1007.0,27144400.0,,,,28117000.0,,15656000.0,,,2881900.0,,112086100.0,,15111200.0,,42021500.0,,31507400.0,,7214500.0,,9460000.0,,14333300.0,,,1644000.0,,129800.0,,,,3114100.0,,3651400.0,,11217100.0,,,21654700.0,64000,,20580500.0,,21388600.0,,9551000.0,,36392300.0,,18644000.0,,1713300.0,,,,16311100.0,,29686000.0,,165229.0,31326200.0,,6439000.0,20083,157678100.0,,13782400.0,,82293100.0,,14076800.0,,29.0,7286900.0,,,,2511100.0,211659.0,167.0,52504200.0,,,16769900.0,,8265800.0,,,,41962100.0,,4985100.0,,29514100.0,,31020500.0,,,,,,60.0,,,,40241600.0,,10263200.0,127.0,9963900.0,,5131200.0,,,,97325600.0,,6413700.0,,99880300.0,,93225.0,,,,54623300.0,,20712160.0,,856700.0,,,,430400.0,,,3706000.0,,6331300.0,,82476800.0,,85324900.0,,15785000.0,,1399800.0,,6019800.0,,4715400.0,,22760900.0,,607000.0,,19717700.0,,3001560.0,,4735600.0,,7203300.0,0,13060300.0,,4788900.0,,13303600.0,,,3159.0,7956100.0,,21488400.0,,,,,,3107700.0,0.0
2025-10-07,,,,,,,,,,,,,,,,7945800.0,,31955800.0,,3275500.0,,4777100.0,,10543300.0,,115748100.0,,31194700.0,,11768700.0,,5179100.0,,1667800.0,,18223700.0,,18086700.0,,2014100.0,,16942200.0,,,,10816900.0,,24339800.0,,69952200.0,,3123600.0,,,,3057400.0,,,,,2884100.0,,,36191.0,2135400.0,,,,2718500.0,,,245121.0,3932300.0,,9146300.0,,,2601800.0,443,12330800.0,,8393300.0,,8387400.0,,11430000.0,,26822500.0,,16493200.0,,,,18683200.0,,5409800.0,,29236800.0,,,,6001300.0,,6994300.0,,4918700.0,518010,5040600.0,,30018900.0,,3268800.0,,9486300.0,,489300.0,,2903.0,2161700.0,,,6733000.0,,10779900.0,,23181300.0,,1547200.0,,,2505700.0,,731.0,33007600.0,,,,24867400.0,,21949800.0,,,7190100.0,,111140200.0,,14464000.0,,76432900.0,,31766600.0,,8454200.0,,8784000.0,,13328300.0,,,2150000.0,,64800.0,,,,2523900.0,,2610800.0,,16549800.0,,,12062900.0,119765,,17609500.0,,14615200.0,,19584100.0,,27828200.0,,57232000.0,,1623900.0,,,,19574000.0,,33091000.0,,230258.0,39651200.0,,5974500.0,37673,140088000.0,,9675100.0,,56849500.0,,31723400.0,,45.0,4982800.0,,,,3875900.0,208423.0,50.0,58179300.0,,,31977500.0,,7147500.0,,,,58209500.0,,3706700.0,,31711000.0,,36545600.0,,,,,,708.0,,,,37885900.0,,9365700.0,161.0,6594600.0,,4898700.0,,,,121607800.0,,10172000.0,,96375900.0,,94587.0,,,,72020100.0,,22724580.0,,609900.0,,,,536400.0,,,3689400.0,,4565600.0,,100185800.0,,102296100.0,,13081000.0,,1383200.0,,5396100.0,,4815250.0,,12583600.0,,941700.0,,21490500.0,,5520800.0,,5044600.0,,6899100.0,0,13674300.0,,3978700.0,,15538900.0,,,5176.0,6746400.0,,25324000.0,,,,,,2637600.0,238.0
2025-10-08,,,,,,,,,10540730.0,22146122.0,84169990.0,,37052377.0,,6736535.0,3170400.0,,36496900.0,,3285000.0,,3672400.0,,7875500.0,,159983500.0,,46686000.0,,5472900.0,,9048800.0,,1947000.0,,43321700.0,,21478300.0,,739300.0,,15883700.0,,,,7972900.0,,21477100.0,,51600500.0,,3528700.0,,,,2944600.0,,,,,2993100.0,,,38630.0,3959400.0,,,,1981300.0,,,273318.0,2378700.0,,7122800.0,,,2376900.0,2079,11706300.0,,6720500.0,,7120200.0,,14470000.0,,34398800.0,,34246300.0,,,,18937900.0,,7074400.0,,26902400.0,,,,4444300.0,,11043300.0,,2359300.0,363613,2981900.0,,17955700.0,,3668600.0,,5916300.0,,728500.0,,2179.0,2286500.0,,,6088100.0,,7183800.0,,21307100.0,,1939300.0,,,2517600.0,,685.0,32546700.0,,,,23927600.0,,29025300.0,,,5297000.0,,103202100.0,,11698400.0,,58446400.0,,25825000.0,,6489900.0,,14760000.0,,12606700.0,,,1580000.0,,65800.0,,,,2258200.0,,2180900.0,,13695700.0,,,10790600.0,74149,,20451000.0,,13363400.0,,12996300.0,,26833900.0,,42424000.0,,1536600.0,,,,18005900.0,,28514000.0,,242687.0,50789500.0,,5453000.0,3880,130168900.0,,9888700.0,,45083100.0,,18982100.0,,29.0,5122900.0,,,,7812000.0,197058.0,45.0,36299700.0,,,17904800.0,,7302200.0,,,,50629800.0,,6644100.0,,26798600.0,,36149900.0,,,,,,149.0,,,,45151400.0,,7841500.0,99.0,7173400.0,,7518200.0,,,,84643200.0,,3975100.0,,77149800.0,,89829.0,,,0.0,60702200.0,,21926420.0,,417300.0,,,,288800.0,,,2601400.0,,4484500.0,,86931000.0,,71192100.0,,12821200.0,,1332900.0,,6377700.0,,3449930.0,,10071200.0,,472000.0,,14953800.0,,3351320.0,,3927500.0,,4889900.0,0,7191700.0,,6748100.0,,13584100.0,,,,11850000.0,,20024200.0,,,,,,2470100.0,0.0
2025-10-09,,,,,,,,,14454705.0,66738764.0,127345006.0,39090946.0,48363814.0,,15733019.0,5021900.0,,38322000.0,,2895500.0,,4635500.0,,6701400.0,,94290700.0,,46412100.0,,6289300.0,,8685600.0,,1496000.0,,19481100.0,,17643700.0,,747200.0,,21211600.0,,,,8237100.0,,20966000.0,,40909700.0,,2137800.0,,,,3172200.0,,,,,2873000.0,,,40845.0,3113900.0,,,,2366000.0,,,259171.0,3574600.0,,6849000.0,,,3742900.0,594,10237500.0,,5514600.0,,7929100.0,,8815200.0,,24633300.0,,21209500.0,,,,13275600.0,,6502400.0,,27112600.0,,,,3794900.0,,4539800.0,,2594000.0,370022,5477200.0,,19749000.0,,3435300.0,,6402100.0,,563600.0,,3130.0,2414000.0,,,4536600.0,,11821200.0,,27892100.0,,1575000.0,,,3321400.0,,913.0,19685700.0,,,,19633000.0,,20274400.0,,,4912400.0,,89884700.0,,11082400.0,,57909000.0,,26243100.0,,7060300.0,,12477000.0,,12705200.0,,,4030000.0,,107900.0,,,,1854400.0,,3071700.0,,8102500.0,,,12717200.0,11011358,,14868400.0,,18343600.0,,11213200.0,,19721500.0,,12718000.0,,1928700.0,,,,18124600.0,,28241000.0,,198680.0,33379000.0,,5197000.0,4262,182997200.0,,8839800.0,,43374900.0,,26479800.0,,0.0,4548800.0,,,,3298000.0,195325.0,19.0,45050300.0,,,15774400.0,,6928400.0,,,,45551000.0,,5196400.0,,27776400.0,,25844500.0,,,,,,1568.0,,,,29801500.0,,5565500.0,35.0,3561500.0,,6562600.0,,,,66863900.0,,5144700.0,,63095700.0,,61766.0,,,,66501900.0,,22504300.0,,504600.0,,,,301400.0,,,2039700.0,,5420700.0,,87956200.0,,69339900.0,,10259900.0,,923300.0,,5006100.0,,4204990.0,,13435700.0,,945300.0,,26661700.0,,4923460.0,,4434800.0,,4972800.0,0,6234300.0,,6120600.0,,19508000.0,,,,12143500.0,,23397800.0,,,,,,3077100.0,0.0
2025-10-10,6835852.0,779161.0,35269748.0,947198.0,3490894.0,4838068.0,955851.0,15955270.0,19904705.0,45664028.0,168448674.0,38428592.0,47852870.0,,19390328.0,8797000.0,,61999100.0,,4282400.0,,6984400.0,,12829700.0,,118656600.0,,72367500.0,,6479100.0,,8384000.0,,2933900.0,,19061600.0,,28941000.0,,3825500.0,,50296800.0,,,,13482600.0,,34405200.0,,67895800.0,,1433800.0,,,,4763800.0,,,,,6611400.0,,,54929.0,3889100.0,,,,3059300.0,,,339103.0,3883700.0,,17223600.0,,87.0,3142500.0,4687,22403100.0,,8183200.0,,7988300.0,,12570400.0,,44474000.0,,20961500.0,,,,11749100.0,,9635200.0,,31596100.0,,,,4121200.0,,11311900.0,,6762400.0,713809,9591900.0,,57542600.0,,2747800.0,,9816900.0,,682500.0,,1697.0,3003600.0,,,7898500.0,,9744300.0,,33180300.0,,2457900.0,,,2992400.0,,960.0,31952800.0,,,,41634300.0,,35814900.0,,,4508500.0,,183063300.0,,23304800.0,,72743300.0,,70569400.0,,8597400.0,,15760000.0,,17991700.0,,,5742000.0,,241700.0,,,,3375900.0,,3431000.0,,18749000.0,,,16980100.0,1257320,,30545700.0,,24133800.0,,13643700.0,,26990300.0,,47154000.0,,3110400.0,,,,28268500.0,,42798000.0,,195346.0,51707400.0,,7019500.0,25741,268774400.0,,15047600.0,,61337500.0,,28895300.0,,31.0,5425000.0,,,,2076300.0,229553.0,59.0,55194000.0,,,22326500.0,,15818600.0,,,,97614800.0,,5569000.0,,25834700.0,,40876800.0,,,,,,453.0,,,,45087800.0,,18804500.0,394.0,7860200.0,,5062700.0,,,,106425800.0,,6862100.0,,204858900.0,,170120.0,,,,159422600.0,,58967620.0,,1054300.0,,,,903700.0,,,5757100.0,,9767100.0,,238009400.0,,112107900.0,,23398000.0,,1350300.0,,9630200.0,,7152840.0,,17021100.0,,1142100.0,,50624800.0,,29043480.0,,6296200.0,,16066600.0,779,7046200.0,,6744200.0,,18519400.0,,,,16973100.0,,44892200.0,,,,,,3278800.0,1878.0
2025-10-11,,,,,,,,,,,,,,,,,,,,,,,,,,,,,,,,,,,,,,,,,,,,,,,,,,,,,,,,,,,,,,,,,,,,,,,,,,,,,,,1526,,,,,,,,,,,,,,,,,,,,,,,,,,,,378685,,,,,,,,,,,,,,,,,,,,,,,,,,,,,,,,,,,,,,,,,,,,,,,,,,,,,,,,,,,,,,,,,,,400964,,,,,,,,,,,,,,,,,,,,,,,,101978,,,,,,,,,,,,,,,200700.0,,,,,,,,,,,,,,,,,,,,,,,,,,,,,,82.0,,,,,,,,,,,,,,,,,,,,,,,,,,,,,,,,,,,,,,,,,,,,,,,,,,,,,,,0,,,,,,,,,,,,,,,,,,1048.0
2025-10-12,,,,,,,,,,,,,,,,,,,,,,,,,,,,,,,,,,,,,,,,,,,,,,,,,,,,,,,,,,,,,,,,,,,,,,,,,,,,,,,1437,,,,,,,,,,,,,,,,,,,,,,,,,,,,524047,,,,,,,,,,,,,,,,,,,,,,,,,,,,,,,,,,,,,,,,,,,,,,,,,,,,,,,,,,,,,,,,,,,211417,,,,,,,,,,,,,,,,,,,,,,,,110362,,,,,,,,,,,,,,,190292.0,,,,,,,,,,,,,,,,,,,,,,,,,,,,,,164.0,,,,,,,,,,,,,,,,,,,,,,,,,,,,,,,,,,,,,,,,,,,,,,,,,,,,,,,0,,,,,,,,,,,,,,,,,,0.0
2025-10-13,4356534.0,544349.0,23883308.0,473190.0,1454859.0,4324161.0,1378387.0,12559930.0,38012175.0,69344398.0,488936850.0,40931349.0,85317769.0,,16909838.0,4528300.0,,38142900.0,,3020100.0,,7648900.0,,7853000.0,,63104000.0,,37809700.0,,4062400.0,,11188200.0,,2223900.0,,13193700.0,,45984300.0,,2471000.0,,25703100.0,,,,28744800.0,,26013900.0,,41456600.0,,1027500.0,,,,3183500.0,,,,,3400200.0,,,35368.0,2618400.0,,,,2884700.0,,,339103.0,2868300.0,,10318400.0,,34.0,2169600.0,0,10351000.0,,5980600.0,,8276500.0,,9362400.0,,20760600.0,,14127900.0,,,,6800900.0,,7435100.0,,15266700.0,,,,4679500.0,,7861500.0,,5372100.0,405053,5622000.0,,26812100.0,,2130400.0,,10184600.0,,513100.0,,1697.0,3406800.0,,,4957800.0,,5772100.0,,24995000.0,,2766000.0,,,2925900.0,,960.0,23360300.0,,,,28260800.0,,35267900.0,,,4333800.0,,104020700.0,,8684800.0,,47094500.0,,36298600.0,,10788700.0,,12270000.0,,13690000.0,,,1716000.0,,89000.0,,,,2837900.0,,2167500.0,,10048100.0,,,9251800.0,324911,,20563500.0,,14284200.0,,11575000.0,,20928400.0,,13702000.0,,1143300.0,,,,12788900.0,,24608000.0,,195346.0,42372500.0,,5926000.0,3149,153482800.0,,8835500.0,,51913400.0,,21703700.0,,31.0,4449200.0,,,,2113000.0,192201.0,59.0,41332400.0,,,20036800.0,,10311000.0,,,,65872600.0,,2942300.0,,21988800.0,,26180300.0,,,,,,453.0,,,,24588900.0,,11760200.0,265.0,8297300.0,,2938100.0,,,,62676100.0,,3402900.0,,89274100.0,,103505.0,,,,79560500.0,,31876580.0,,682400.0,,,,385800.0,,,3344800.0,,6163400.0,,114511200.0,,79552800.0,,20318300.0,,931200.0,,8610300.0,,6057440.0,,11031400.0,,994800.0,,49823400.0,,7352040.0,,4030700.0,,11056200.0,0,8388900.0,,6554700.0,,10871200.0,,,,10190500.0,,22889600.0,,,,,,2371400.0,342.0
2025-10-14,4101275.0,885802.0,35545235.0,567219.0,2072061.0,3252050.0,1742436.0,18269210.0,26797863.0,74381335.0,219783395.0,51433907.0,56742746.0,,16443749.0,4114300.0,,35478000.0,,3036900.0,,17592500.0,,8260000.0,,71216300.0,,45665600.0,,3572700.0,,12821200.0,,2422100.0,,17398200.0,,22078000.0,,852900.0,,18583200.0,,,,14160900.0,,18864400.0,,41803000.0,,762000.0,,,,3056000.0,,,,,4665400.0,,,44016.0,5459800.0,,,,1738600.0,,,259200.0,2641100.0,,9446000.0,,,1925900.0,2066,7650400.0,,10759000.0,,9123900.0,,11074000.0,,25696100.0,,15402000.0,,,,7096400.0,,7898000.0,,13940800.0,,,,4198100.0,,6700900.0,,6203200.0,468255,4381200.0,,29166400.0,,3123800.0,,15089000.0,,512400.0,,2424.0,2890500.0,,,5195000.0,,4470900.0,,22111600.0,,4710800.0,,,4399900.0,,551.0,21104000.0,,,,31171000.0,,34533600.0,,,3058100.0,,117908300.0,,16043200.0,,52129800.0,,45320800.0,,16178800.0,,10557000.0,,14245600.0,,,1386000.0,,82900.0,,,,2444000.0,,1928400.0,,10509700.0,,,8829800.0,83129637,,15447600.0,,14684300.0,,11480500.0,,15912400.0,,9834000.0,,1539000.0,,,,13109200.0,,23624000.0,,150478.0,50865600.0,,4395000.0,32906,205641400.0,,7632700.0,,36075200.0,,17346200.0,,38.0,4381700.0,,,,974500.0,189110.0,37.0,49261400.0,,,12968500.0,,8675200.0,,,,69203200.0,,3826500.0,,25298100.0,,27623500.0,,,,,,249.0,,,,19789100.0,,7296700.0,106.0,7078600.0,,4084300.0,,,,75502500.0,,3963700.0,,100358200.0,,101007.0,,,,88779600.0,,38124800.0,,901100.0,,,,446700.0,,,3043200.0,,5866100.0,,147230000.0,,72669400.0,,16567900.0,,900000.0,,9919400.0,,8360610.0,,11178000.0,,1233400.0,,45152100.0,,9357620.0,,5731000.0,,7427500.0,75,7844200.0,,7439700.0,,30859500.0,,,,7819800.0,,25084600.0,,,,,,2089100.0,0.0
2025-10-15,2688019.0,670710.0,21050111.0,442942.0,1438737.0,3313731.0,788790.0,14711160.0,18381023.0,39646503.0,119162669.0,35317253.0,39259817.0,,16828827.0,6786300.0,,33893600.0,,3929900.0,,7563300.0,,8033600.0,,108481000.0,,45909500.0,,3535600.0,,7692800.0,,2900300.0,,14439800.0,,23918500.0,,1175500.0,,15337400.0,,,,16734900.0,,23886600.0,,41594800.0,,1030000.0,,,,3566200.0,,,,,4089400.0,,,40209.0,3447100.0,,,,2401800.0,,,224919.0,3175500.0,,7947300.0,,,2009800.0,0,9018700.0,,6274700.0,,8389200.0,,6923200.0,,20652900.0,,16260500.0,,,,5804500.0,,7012600.0,,15845200.0,,,,5588900.0,,7589000.0,,5127600.0,314640,4072100.0,,25713300.0,,4655800.0,,18888200.0,,309400.0,,3287.0,3246000.0,,,6427600.0,,5018100.0,,27007700.0,,3217400.0,,,3690100.0,,1056.0,55066000.0,,,,22187000.0,,50347700.0,,,3346800.0,,99242700.0,,12612000.0,,48022500.0,,45369000.0,,11354800.0,,13137000.0,,11193700.0,,,1974000.0,,107000.0,,,,2393300.0,,2355800.0,,9722700.0,,,10246800.0,34751291,,15202200.0,,14694700.0,,10625600.0,,17793100.0,,8748000.0,,1909500.0,,,,11708300.0,,20252000.0,,149150.0,65461400.0,,3817000.0,3000,214450500.0,,8475200.0,,49685800.0,,13698900.0,,0.0,4992300.0,,,,1143400.0,186351.0,29.0,37372100.0,,,11247300.0,,7334100.0,,,,62805500.0,,2697400.0,,36082900.0,,26290800.0,,,,,,102.0,,,,16646000.0,,8283800.0,22.0,8971100.0,,3030200.0,,,,67849600.0,,2482700.0,,96059800.0,,116814.0,,,,81702600.0,,31972740.0,,567600.0,,,,613100.0,,,2373700.0,,5079100.0,,127069400.0,,71558200.0,,20788000.0,,1325300.0,,9416800.0,,7517670.0,,14347100.0,,1581900.0,,32806900.0,,7872680.0,,3778200.0,,5642900.0,0,9943300.0,,4535500.0,,21416300.0,,,711.0,11955900.0,,24267000.0,,,,,,2347400.0,0.0
2025-10-16,4247934.0,2115204.0,28141060.0,440547.0,2154638.0,2491252.0,628316.0,17545460.0,14285465.0,28141299.0,248814161.0,34256818.0,33048302.0,,23707323.0,3988700.0,,39777000.0,,4570900.0,,6249700.0,,7742800.0,,69726400.0,,42414600.0,,3541900.0,,4581200.0,,1938400.0,,17129900.0,,20317200.0,,1924200.0,,10979700.0,,,,13382000.0,,28339400.0,,35439400.0,,841000.0,,,,4254300.0,,,,,6474900.0,,,46229.0,3463100.0,,,,2615900.0,,,203866.0,3368300.0,,7611900.0,,3283.0,2721400.0,0,7387800.0,,4884500.0,,24869700.0,,8683200.0,,36104200.0,,13950600.0,,,,6947600.0,,7531200.0,,12035000.0,,,,4229600.0,,5636100.0,,3622600.0,711451,8139400.0,,27034700.0,,3004600.0,,11333100.0,,410700.0,,4705.0,3500600.0,,,6501300.0,,6549800.0,,27997200.0,,3160900.0,,,2783700.0,,615.0,38182400.0,,,,23359400.0,,78889800.0,,,2956900.0,,83357800.0,,8274400.0,,46540000.0,,52740400.0,,10549400.0,,10311000.0,,15707200.0,,,2680000.0,,111600.0,,,,2608200.0,,2272900.0,,11650300.0,,,9017000.0,19167649,,12988900.0,,15559600.0,,13817900.0,,42041300.0,,41120000.0,,1385700.0,,,,14207700.0,,28326000.0,,161360.0,38505000.0,,5392000.0,9595,179723300.0,,8353700.0,,70659400.0,,32500900.0,,6.0,3675600.0,,,,737300.0,193968.0,20.0,42870900.0,,,19258500.0,,5686700.0,,,,70982000.0,,3036100.0,,28327500.0,,23835200.0,,,,,,356.0,,,,24656600.0,,9047500.0,155.0,6289600.0,,8485800.0,,,,73472500.0,,4430200.0,,89397000.0,,129081.0,,,,110563300.0,,36159020.0,,813000.0,,,,622300.0,,,1783500.0,,5959700.0,,159344000.0,,77189900.0,,26341500.0,,1327000.0,,7188200.0,,6499910.0,,17214800.0,,1121600.0,,26305400.0,,14542440.0,,6241500.0,,5000100.0,0,13878600.0,,4610200.0,,16366200.0,,,,17515100.0,,29193800.0,,,,,,1944400.0,0.0
2025-10-17,4541583.0,994190.0,22730809.0,572650.0,1478832.0,1731032.0,556190.0,15731150.0,18654519.0,41523666.0,264728170.0,46763644.0,72221262.0,,15746000.0,4668700.0,,49147000.0,,4035000.0,,5850400.0,,5272800.0,,55804200.0,,45986900.0,,3298200.0,,4645300.0,,1663700.0,,14344700.0,,20937900.0,,1544400.0,,17765700.0,,,,10327200.0,,27571100.0,,38948500.0,,1082500.0,,,,3794300.0,,,,,3761400.0,,,50372.0,2814700.0,,,,1965600.0,,,108748.0,2405500.0,,9571100.0,,92074.0,2502200.0,1229,7837400.0,,6207400.0,,10851200.0,,7707200.0,,30264600.0,,16286900.0,,,,5301500.0,,10090500.0,,11104900.0,,,,9221600.0,,6222300.0,,3905700.0,325539,3725300.0,,18520800.0,,3446800.0,,6882200.0,,387300.0,,4060.0,2747700.0,,,5940500.0,,6206300.0,,29671600.0,,2884700.0,,,2657700.0,,686.0,74581700.0,,,,25237100.0,,65685500.0,,,5309600.0,,119394700.0,,14421600.0,,38301400.0,,55379500.0,,10153500.0,,8791000.0,,15541800.0,,,1900000.0,,228700.0,,,,2075300.0,,3983000.0,,6389800.0,,,12232400.0,3519248,,13244000.0,,19867800.0,,13110700.0,,23283100.0,,24364000.0,,1456500.0,,,,21366500.0,,29571000.0,,128236.0,31787900.0,,4200500.0,86488,173135200.0,,14761500.0,,43053500.0,,37653000.0,,2.0,4626800.0,,,,632700.0,206484.0,116.0,43421500.0,,,11151500.0,,4833100.0,,,,72024900.0,,4531500.0,,24003800.0,,16892900.0,,,,,,400.0,,,,20681800.0,,8396300.0,386.0,8279800.0,,2379400.0,,,,48123300.0,,4124600.0,,92083400.0,,117091.0,,,,96500900.0,,40094360.0,,954700.0,,,,511700.0,,,1924300.0,,5420600.0,,142274000.0,,89331600.0,,17633300.0,,1001800.0,,5082600.0,,5801520.0,,14282100.0,,1464200.0,,20063900.0,,12837660.0,,6267100.0,,5880700.0,0,6868400.0,,3847500.0,,13735600.0,,,,9981100.0,,24071800.0,,,,,,2642700.0,192.0
2025-10-18,,,,,,,,,,,,,,,,,,,,,,,,,,,,,,,,,,,,,,,,,,,,,,,,,,,,,,,,,,,,,,,,,,,,,,,,,,,,,14704.0,,0,,,,,,,,,,,,,,,,,,,,,,,,,,,,155668,,,,,,,,,,,,,,,,,,,,,,,,,,,,,,,,,,,,,,,,,,,,,,,,,,,,,,,,,,,,,,,,,,,691540,,,,,,,,,,,,,,,,,,,,,,,,1967,,,,,,,,,,,,,,,192793.0,,,,,,,,,,,,,,,,,,,,,,,,,,,,,,29.0,,,,,,,,,,,,,,,,,,,,,,,,,,,,,,,,,,,,,,,,,,,,,,,,,,,,,,,0,,,,,,,,,,,,,,,,,,0.0
2025-10-19,,,,,,,,,,,,,,,,,,,,,,,,,,,,,,,,,,,,,,,,,,,,,,,,,,,,,,,,,,,,,,,,,,,,,,,,,,,,,1309.0,,0,,,,,,,,,,,,,,,,,,,,,,,,,,,,271674,,,,,,,,,,,,,,,,,,,,,,,,,,,,,,,,,,,,,,,,,,,,,,,,,,,,,,,,,,,,,,,,,,,15771381,,,,,,,,,,,,,,,,,,,,,,,,17215,,,,,,,,,,,,,,,184931.0,,,,,,,,,,,,,,,,,,,,,,,,,,,,,,53.0,,,,,,,,,,,,,,,,,,,,,,,,,,,,,,,,,,,,,,,,,,,,,,,,,,,,,,,0,,,,,,,,1560.0,,,,,,,,,,0.0
2025-10-20,3333903.0,1155423.0,17589756.0,522458.0,1527621.0,2284959.0,2111530.0,13813030.0,14963360.0,25581920.0,139718028.0,60155062.0,39887843.0,,9999808.0,6475300.0,,90483000.0,,3903200.0,,5762700.0,,5494800.0,,56741700.0,,38882800.0,,6529800.0,,3654100.0,,1271700.0,,9307500.0,,15640200.0,,2540100.0,,20120500.0,,,,8369800.0,,24987500.0,,31801800.0,,861500.0,,,,4605300.0,,,,,3081300.0,,,33883.0,2170800.0,,,,2010800.0,,,108146.0,3075800.0,,7544100.0,,1074.0,1523700.0,0,9339400.0,,6634800.0,,9963900.0,,11280400.0,,25428500.0,,12183500.0,,,,5829600.0,,8047500.0,,13441100.0,,,,6806800.0,,5450900.0,,2243700.0,231108,5327000.0,,17833400.0,,2600200.0,,5775800.0,,606700.0,,1750.0,2634400.0,,,4859700.0,,4424400.0,,22350200.0,,1925400.0,,,2761100.0,,560.0,30101300.0,,,,27605900.0,,60189800.0,,,3494300.0,,80230200.0,,10174400.0,,35132100.0,,32545000.0,,6894900.0,,10785000.0,,17786800.0,,,2016000.0,,245400.0,,,,2675000.0,,2279700.0,,8919400.0,,,8900200.0,4902855,,16137500.0,,14665600.0,,9679700.0,,23268400.0,,14726000.0,,1422000.0,,,,17799500.0,,39862000.0,,266597.0,36090400.0,,5358000.0,3968,128544700.0,,7901600.0,,37824000.0,,32810700.0,,0.0,4086400.0,,,,682100.0,189886.0,53.0,31975800.0,,,10016100.0,,8194100.0,,,,45761700.0,,6315000.0,,35626600.0,,25835200.0,,,,,,652.0,,,,45553300.0,,6436900.0,8.0,6626100.0,,2854800.0,,,,71880800.0,,5311100.0,,62424500.0,,70456.0,,,,60493400.0,,20891760.0,,600700.0,,,,1012700.0,,,2345700.0,,3835300.0,,79928800.0,,63719000.0,,13391600.0,,1340100.0,,6620200.0,,3911430.0,,11274900.0,,1120400.0,,34289700.0,,5693620.0,,4665000.0,,6692000.0,0,10172200.0,,3885900.0,,10581200.0,,,,8697800.0,,25352400.0,,,,,,2026400.0,0.0
2025-10-21,4126858.0,2002410.0,22803830.0,600165.0,1321294.0,2887720.0,1062670.0,16921630.0,14171988.0,27577113.0,164163711.0,56517865.0,39365037.0,,38051214.0,4134300.0,,46695900.0,,4389700.0,,4556800.0,,4557500.0,,47122400.0,,50494600.0,,4199900.0,,4776100.0,,1072200.0,,9343800.0,,16092600.0,,2127500.0,,15662500.0,,,,9655100.0,,31692400.0,,34394300.0,,548400.0,,,,2714500.0,,,,,2440600.0,,,45150.0,2259100.0,,,,2083700.0,,,314207.0,2993200.0,,6030900.0,,,1448200.0,1173,9603000.0,,5265700.0,,13354700.0,,5763600.0,,24392800.0,,15763300.0,,,,5191400.0,,8163200.0,,13334700.0,,,,4382200.0,,5126500.0,,3144800.0,576151,5103800.0,,25782200.0,,3427400.0,,7328900.0,,378100.0,,2943.0,3956400.0,,,4992300.0,,6387200.0,,47312100.0,,1782200.0,,,2306900.0,,674.0,29718000.0,,,,19498300.0,,81272500.0,,,4081000.0,,73134900.0,,4952000.0,,41174200.0,,26337900.0,,7372700.0,,7447000.0,,33651300.0,,,1956000.0,,216100.0,,,,2416700.0,,2099500.0,,8855600.0,,,7647300.0,1596600,,13242100.0,,15586200.0,,7902800.0,,13717300.0,,13536000.0,,789000.0,,,,18455900.0,,65082000.0,,197775.0,37625800.0,,6299000.0,9171,124240200.0,,10182100.0,,30813700.0,,18370800.0,,0.0,3835800.0,,,,1097200.0,187851.0,39.0,27528100.0,,,9032000.0,,6176100.0,,,,44538200.0,,4186000.0,,27959900.0,,17508200.0,,,,,,329.0,,,,29016500.0,,4391800.0,108.0,4177900.0,,2407600.0,,,,56408100.0,,2665100.0,,54386700.0,,65059.0,,,,56249000.0,,17699380.0,,373600.0,,,,522500.0,,,2180200.0,,4932900.0,,79811400.0,,54412200.0,,11190500.0,,916000.0,,10301500.0,,3987000.0,,10503300.0,,967700.0,,19274000.0,,4960000.0,,4121800.0,,8130700.0,0,4594400.0,,7553900.0,,10899700.0,,,,6792800.0,,25885200.0,,,,,,1879900.0,215.0
2025-10-22,3870276.0,1060973.0,15937611.0,339613.0,1076507.0,1448205.0,605113.0,15606950.0,9979448.0,20700284.0,121391262.0,39749910.0,31999681.0,,30024933.0,5269000.0,,45015300.0,,3436000.0,,5274100.0,,7498100.0,,59668800.0,,44308500.0,,4442800.0,,4302300.0,,1328600.0,,27581500.0,,19268800.0,,1896100.0,,15016500.0,,,,16244400.0,,27321700.0,,36926900.0,,571400.0,,,,3376000.0,,,,,4352200.0,,,46114.0,4149000.0,,,,3091100.0,,,378637.0,3602300.0,,12737800.0,,,2372400.0,0,8810200.0,,6333200.0,,9370000.0,,6721200.0,,26660100.0,,14967200.0,,,,6136700.0,,7569200.0,,18174900.0,,,,4431600.0,,7076300.0,,3850600.0,446987,6469200.0,,26662700.0,,6444700.0,,8524300.0,,365700.0,,1237.0,10333100.0,,,8440400.0,,11012900.0,,35029400.0,,2141400.0,,,2857000.0,,613.0,23866300.0,,,,37786900.0,,50450400.0,,,10538500.0,,87099900.0,,7913600.0,,53283000.0,,46578400.0,,8054100.0,,13614000.0,,18293000.0,,,2528000.0,,85500.0,,,,2407300.0,,2930600.0,,16927800.0,,,8734500.0,950768,,19218600.0,,18962700.0,,15129500.0,,21949800.0,,15858000.0,,1368600.0,,,,26631500.0,,147890000.0,,202361.0,66700500.0,,6073000.0,3830,162249600.0,,12420900.0,,53446000.0,,16474000.0,,10.0,4591500.0,,,,1146600.0,190054.0,39.0,58263100.0,,,8173400.0,,10083800.0,,,,61478800.0,,5863500.0,,41848600.0,,22149400.0,,,,,,347.0,,,,34326200.0,,8014200.0,717.0,7516800.0,,3206100.0,,,,72894600.0,,2899800.0,,110646700.0,,106004.0,,,,80564000.0,,34936080.0,,560300.0,,,,188500.0,,,3917900.0,,4457500.0,,134380800.0,,84023500.0,,15409100.0,,1590400.0,,25834500.0,,6287430.0,,11351400.0,,1063200.0,,19264000.0,,12164640.0,,5074400.0,,22483700.0,0,9033800.0,,6948800.0,,12296500.0,,,,10679200.0,,32814000.0,,,,,,1615000.0,0.0
2025-10-23,3583993.0,909720.0,18488581.0,637592.0,2033710.0,993124.0,756369.0,13504910.0,12419348.0,26728434.0,106829656.0,27601113.0,106954704.0,,51708737.0,3943200.0,,32754900.0,,2408100.0,,5211800.0,,7001900.0,,39024400.0,,31540000.0,,3216100.0,,2775700.0,,1318200.0,,13561200.0,,12859200.0,,1426800.0,,12792100.0,,,,8228100.0,,24004000.0,,21443600.0,,1822300.0,,,,3063000.0,,,,,7391400.0,,,87705.0,2619400.0,,,,2242000.0,,,735186.0,2603300.0,,5866800.0,,621.0,1974800.0,1759,6896100.0,,5553900.0,,6110100.0,,12589200.0,,14707300.0,,14614100.0,,,,5817200.0,,6945400.0,,12398800.0,,,,3940200.0,,3620400.0,,2227800.0,392333,4919200.0,,20642000.0,,2807400.0,,5512200.0,,597600.0,,354.0,3952700.0,,,5404600.0,,10638000.0,,19901400.0,,1615400.0,,,2767300.0,,403.0,18463700.0,,,,24591100.0,,30706700.0,,,16676400.0,,121974200.0,,11762400.0,,31241100.0,,28591000.0,,5438800.0,,9466000.0,,13989400.0,,,1448000.0,,69100.0,,,,2404400.0,,2632900.0,,13336600.0,,,9856000.0,414897,,10335800.0,,14023500.0,,9082100.0,,19397900.0,,10892000.0,,531900.0,,,,15803800.0,,68497000.0,,157089.0,114770300.0,,4223500.0,12651,111363700.0,,9326500.0,,36302900.0,,16872200.0,,0.0,4001700.0,,,,954800.0,207231.0,43.0,35812300.0,,,8199000.0,,6546400.0,,,,42844300.0,,2798200.0,,26000500.0,,13226400.0,,,,,,507.0,,,,57175700.0,,6422600.0,3673.0,9011400.0,,3685500.0,,,,51151800.0,,4064100.0,,72467000.0,,83421.0,,,,65604500.0,,23555280.0,,481500.0,,,,458100.0,,,2813800.0,,4676300.0,,91245000.0,,126709800.0,,10379900.0,,1042000.0,,8412500.0,,4326530.0,,17121600.0,,743900.0,,7967100.0,,5143780.0,,7217200.0,,9679400.0,0,7263500.0,,7026200.0,,11408200.0,,,1930.0,6341400.0,,47308800.0,,,,,,3681700.0,0.0
2025-10-24,4254202.0,775983.0,18801925.0,382187.0,1005395.0,1585789.0,1159776.0,15936020.0,11997034.0,18828643.0,170946122.0,49102526.0,53974824.0,,33845568.0,4461800.0,,38253700.0,,2016900.0,,4528100.0,,5346700.0,,71221100.0,,38685100.0,,4100400.0,,3665200.0,,1032700.0,,9278000.0,,16143700.0,,5225100.0,,11841000.0,,,,10390200.0,,18434300.0,,23551100.0,,936600.0,,,,3166800.0,,,,,4451700.0,,,38354.0,2392000.0,,,,1851300.0,,,373744.0,5477100.0,,13893100.0,,389.0,1639400.0,0,15678700.0,,6051900.0,,5490800.0,,10202000.0,,21236000.0,,13075600.0,,,,5081500.0,,6235200.0,,22562600.0,,,,4351800.0,,3653100.0,,2985900.0,466595,6017600.0,,15040000.0,,4843700.0,,9200900.0,,751500.0,,123.0,3694200.0,,,7284500.0,,5771200.0,,28655100.0,,2505600.0,,,2426800.0,,368.0,16063500.0,,,,24330400.0,,19914300.0,,,16914200.0,,246380000.0,,28823200.0,,37485900.0,,26627000.0,,7228300.0,,8255000.0,,15688200.0,,,1854000.0,,77300.0,,,,4055500.0,,2211200.0,,10966400.0,,,9151300.0,957220,,11661400.0,,15532400.0,,7881700.0,,25821800.0,,26548000.0,,692700.0,,,,17411900.0,,60280000.0,,108141.0,71565400.0,,5355000.0,5085,131296700.0,,8497600.0,,51306800.0,,13194900.0,,0.0,3437200.0,,,,1089500.0,193519.0,0.0,34813500.0,,,8638200.0,,6256000.0,,,,47632500.0,,6280400.0,,28316100.0,,12041200.0,,,,,,270.0,,,,25206600.0,,5649300.0,312.0,10653100.0,,5169300.0,,,,53154700.0,,2768800.0,,69872500.0,,69233.0,,,,74356500.0,,27381080.0,,534400.0,,,,481200.0,,,2079600.0,,4971900.0,,84387600.0,,94727800.0,,8747000.0,,957400.0,,7691800.0,,4712680.0,,12014600.0,,544500.0,,11826800.0,,4808080.0,,3576700.0,,7188500.0,0,6546400.0,,3610400.0,,10318000.0,,,,5692700.0,,21191000.0,,0.0,,,,2950600.0,0.0
2025-10-25,,,,,,,,,,,,,,,,,,,,,,,,,,,,,,,,,,,,,,,,,,,,,,,,,,,,,,,,,,,,,,,,,,,,,,,,,,,,,,,0,,,,,,,,,,,,,,,,,,,,,,,,,,,,620226,,,,,,,,,,,,,,,,,,,,,,,,,,,,,,,,,,,,,,,,,,,,,,,,,,,,,,,,,,,,,,,,,,,382122,,,,,,,,,,,,,,,,,,,,,,,,603,,,,,,,,,,,,,,,199809.0,,,,,,,,,,,,,,,,,,,,,,,,,,,,,,17.0,,,,,,,,,,,,,,,,,,,,,,,,,,,,,,,,,,,,,,,,,,,,,,,,,,,,,,,0,,,,,,,,157.0,,,,,0.0,,,,,0.0
2025-10-26,,,,,,,,,,,,,,,,,,,,,,,,,,,,,,,,,,,,,,,,,,,,,,,,,,,,,,,,,,,,,,,,,,,,,,,,,,,,,,,0,,,,,,,,,,,,,,,,,,,,,,,,,,,,368746,,,,,,,,,,,,,,,,,,,,,,,,,,,,,,,,,,,,,,,,,,,,,,,,,,,,,,,,,,,,,,,,,,,527029,,,,,,,,,,,,,,,,,,,,,,,,3155,,,,,,,,,,,,,,,209181.0,,,,,,,,,,,,,,,,,,,,,,,,,,,,,,1163.0,,,,,,,,,,,,,,,,,,,,,,,,,,,,,,,,,,,,,,,,,,,,,,,,,,,,,,,0,,,,,,,,,,,,,0.0,,,,,0.0
2025-10-27,3381231.0,763121.0,22169970.0,486164.0,1317125.0,1239881.0,579322.0,18654850.0,16043970.0,26721925.0,282836746.0,45072389.0,56223912.0,,18760866.0,5328400.0,,44888200.0,,2828200.0,,3950300.0,,7671700.0,,65613100.0,,38267000.0,,3765100.0,,6552400.0,,1265600.0,,11419400.0,,20065800.0,,3626900.0,,12580800.0,,,,9114400.0,,17397100.0,,35554800.0,,767900.0,,,,6451500.0,,,,,4209900.0,,,32237.0,2493800.0,,,,1909200.0,,,272191.0,4588800.0,,9688300.0,,294.0,1967600.0,610,9715600.0,,3906500.0,,4942400.0,,7728800.0,,13680800.0,,15986800.0,,,,5480000.0,,6029600.0,,18139400.0,,,,3807100.0,,2985700.0,,3540400.0,320404,7519400.0,,20278500.0,,4351800.0,,7749600.0,,527800.0,,220.0,2842400.0,,,11801900.0,,9428700.0,,35235200.0,,1645300.0,,,3065800.0,,421.0,16742100.0,,,,25833300.0,,35603400.0,,,9868200.0,,160007600.0,,16466400.0,,33505200.0,,31798100.0,,5642200.0,,9711000.0,,13800000.0,,,2888000.0,,81900.0,,,,5437800.0,,2114800.0,,13313100.0,,,11321100.0,1068905,,16331600.0,,18734700.0,,8135900.0,,23873100.0,,28264000.0,,1002600.0,,,,16809800.0,,46911000.0,,67444.0,41247600.0,,5735000.0,2418,153452700.0,,10310000.0,,48346900.0,,13855800.0,,0.0,5439600.0,,,,832500.0,254480.0,16.0,47153100.0,,,18821300.0,,81799300.0,,,,54098600.0,,4888200.0,,48280800.0,,19183300.0,,,,,,161.0,,,,27434500.0,,6663400.0,2176.0,11235500.0,,4778800.0,,,,82986500.0,,1878200.0,,72684100.0,,84023.0,,,,63339800.0,,22024480.0,,706100.0,,,,444500.0,,,3940900.0,,4591100.0,,77489400.0,,105867500.0,,13615000.0,,1318200.0,,8606300.0,,3999820.0,,11748300.0,,534400.0,,20550000.0,,4349340.0,,5400300.0,,6673000.0,0,7249300.0,,4889500.0,,16375900.0,,,715.0,13303700.0,,19597200.0,,,,,,2901200.0,74.0
2025-10-28,5659008.0,677447.0,20002282.0,448107.0,908952.0,1551949.0,460279.0,13162980.0,16295470.0,29429618.0,184222833.0,41796087.0,38000867.0,,17421058.0,5313000.0,,41534800.0,,3005600.0,,2931100.0,,6118500.0,,47448700.0,,47100000.0,,2545100.0,,3335500.0,,856900.0,,9350900.0,,21056000.0,,2032000.0,,11906900.0,,,,12989300.0,,19579000.0,,23616800.0,,629500.0,,,,5029100.0,,,,,3654000.0,,,33807.0,2775400.0,,,,2597000.0,,,307568.0,3008400.0,,6527800.0,,,2090800.0,2788,7857500.0,,4021900.0,,6435600.0,,13469600.0,,23205400.0,,19896800.0,,,,6446400.0,,6839400.0,,36673100.0,,,,6625100.0,,4523200.0,,3264600.0,475958,6182300.0,,13172800.0,,5496000.0,,4433400.0,,558500.0,,219.0,3589300.0,,,14455300.0,,7984100.0,,29738600.0,,1242000.0,,,2372800.0,,670.0,13822100.0,,,,13446700.0,,38284100.0,,,6044800.0,,181256400.0,,19492800.0,,27360400.0,,28075900.0,,6336000.0,,6654000.0,,12730500.0,,,3624000.0,,44600.0,,,,3168800.0,,2493500.0,,7939700.0,,,12193800.0,348859,,13029300.0,,29986700.0,,7996800.0,,14957500.0,,14460000.0,,725100.0,,,,13455500.0,,40209000.0,,85022.0,377988500.0,,4724500.0,2208,297986200.0,,12172200.0,,44421400.0,,12448500.0,,0.0,4608900.0,,,,666200.0,224718.0,4.0,38201000.0,,,83722300.0,,20323100.0,,,,61195700.0,,4565000.0,,41866300.0,,11772900.0,,,,,,59.0,,,,28064400.0,,5086000.0,4192.0,9140800.0,,4129000.0,,,,183013600.0,,2073300.0,,53995000.0,,58537.0,,,,61738100.0,,23469180.0,,591000.0,,,,343700.0,,,5016800.0,,3334400.0,,92239400.0,,80185700.0,,11804200.0,,1455600.0,,9646600.0,,4118400.0,,17138300.0,,1477300.0,,11702600.0,,5191280.0,,7445400.0,,6044100.0,0,7031900.0,,6308900.0,,13323000.0,,,,9438100.0,,22474600.0,,,,,,2330000.0,0.0
2025-10-29,4803031.0,937830.0,20899788.0,1072233.0,2466385.0,3342217.0,705875.0,14601940.0,,,,41727105.0,,,,7001400.0,,51086700.0,,6746500.0,,3182900.0,,7784500.0,,49335600.0,,52036200.0,,3014700.0,,3098300.0,,1530000.0,,14772500.0,,24975200.0,,3592900.0,,12068900.0,,,,26830400.0,,25216100.0,,31753000.0,,519900.0,,,,6204500.0,,,,,3836800.0,,,16478.0,6948500.0,,,,2589100.0,,,276875.0,3712000.0,,7560500.0,,,2449600.0,1245,7593600.0,,4543400.0,,7904200.0,,7122400.0,,19837000.0,,18020600.0,,,,4511500.0,,7097100.0,,16425600.0,,,,9165200.0,,8550000.0,,4086000.0,543880,11103800.0,,26090100.0,,6978800.0,,9075000.0,,603200.0,,1344.0,2808500.0,,,13123000.0,,5696900.0,,43580300.0,,2251500.0,,,3852300.0,,2276.0,19797100.0,,,,19792600.0,,35121100.0,,,4135900.0,,106962900.0,,11013600.0,,28918700.0,,56235300.0,,7520300.0,,14635000.0,,19789600.0,,,4652000.0,,21500.0,,,,6030200.0,,3591200.0,,12783300.0,,,26818600.0,249314,,13399900.0,,36023000.0,,10184100.0,,23217300.0,,22526000.0,,791700.0,,,,13952800.0,,33995000.0,,153684.0,184917800.0,,13434000.0,9433,308829600.0,,9478200.0,,36219300.0,,18007100.0,,9.0,4607700.0,,,,767700.0,255323.0,161.0,65537300.0,,,38505400.0,,11614600.0,,,,67422800.0,,4374600.0,,34922200.0,,17907200.0,,,,,,545.0,,,,25028500.0,,8102600.0,4788.0,9365000.0,,4105300.0,,,,95429700.0,,3628600.0,,88268800.0,,93921.0,,,,85657100.0,,29582280.0,,886600.0,,,,682300.0,,,12203800.0,,5672400.0,,133060800.0,,67983500.0,,16177300.0,,1520300.0,,11961900.0,,4927800.0,,14532900.0,,850200.0,,11112500.0,,8047540.0,,8361700.0,,6298900.0,0,18267300.0,,6400900.0,,11986400.0,,,,8714900.0,,26807800.0,,,,,,2000800.0,0.0
2025-10-30,4888461.0,2958411.0,34570017.0,787280.0,1393179.0,2231637.0,752690.0,23644890.0,21772780.0,40157485.0,246926143.0,45330984.0,100543878.0,,14110483.0,3590400.0,,69886500.0,,4373200.0,,3084500.0,,7317700.0,,45162500.0,,102252900.0,,3560200.0,,2856000.0,,1283100.0,,9093200.0,,24295300.0,,4077500.0,,10756300.0,,,,18005500.0,,29321100.0,,41374200.0,,388100.0,,,,4786600.0,,,,,4497600.0,,,10024.0,2574800.0,,,,1940800.0,,,247917.0,3002500.0,,8947700.0,,,2677100.0,1783,10751300.0,,5154900.0,,7767800.0,,7819600.0,,19142000.0,,18101800.0,,,,3105200.0,,8311300.0,,13789900.0,,,,16061200.0,,6073400.0,,3122700.0,530773,7413200.0,,19757600.0,,4546500.0,,8803400.0,,576300.0,,935.0,2305100.0,,,5411400.0,,6438400.0,,74876000.0,,1829500.0,,,2384300.0,,2249.0,17049000.0,,,,19706900.0,,39387200.0,,,4694300.0,,84855500.0,,6610400.0,,18455700.0,,44538700.0,,7514600.0,,20377000.0,,14751700.0,,,3082000.0,,22500.0,,,,4242400.0,,6037200.0,,10440600.0,,,88440100.0,549687,,11903800.0,,41023100.0,,15564200.0,,14795100.0,,10018000.0,,500700.0,,,,12204400.0,,41581000.0,,201075.0,89562200.0,,15203000.0,11426,178864400.0,,21057500.0,,125439600.0,,27954200.0,,22.0,3759900.0,,,,1198000.0,189703.0,54.0,43541700.0,,,19550800.0,,7862900.0,,,,61628600.0,,12953300.0,,39850400.0,,12479000.0,,,,,,370.0,,,,17736600.0,,6932700.0,1752.0,7341500.0,,4350700.0,,,,70598700.0,,6245800.0,,76956300.0,,92849.0,,,,76335800.0,,35392720.0,,994500.0,,,,802300.0,,,5268400.0,,7061400.0,,127234200.0,,72447900.0,,14507100.0,,1264900.0,,9477600.0,,4849740.0,,13556600.0,,432800.0,,16901900.0,,7051980.0,,6411800.0,,5693500.0,0,13870700.0,,6983600.0,,14065100.0,,,,9328800.0,,20663400.0,,,,,,2123100.0,0.0
2025-10-31,3351809.0,3631736.0,54824564.0,908689.0,2861914.0,999434.0,1104075.0,18545470.0,20578283.0,27234999.0,139914873.0,56301279.0,39102336.0,,18450994.0,3960400.0,,86167100.0,,3763400.0,,9392300.0,,6532600.0,,34449200.0,,166340800.0,,4312100.0,,3704400.0,,1179400.0,,7889700.0,,21598400.0,,10669600.0,,13181400.0,,,,17365300.0,,23045900.0,,22862500.0,,342600.0,,,,7146400.0,,,,,6158500.0,,,44972.0,2974800.0,,,,2146200.0,,,278598.0,4537100.0,,13757300.0,,,2456300.0,0,6616900.0,,7556900.0,,6878300.0,,7492400.0,,16050200.0,,24008000.0,,,,4079200.0,,8700600.0,,15358000.0,,,,9927100.0,,9755500.0,,2239400.0,336524,6141100.0,,15513400.0,,4988300.0,,6578000.0,,612600.0,,559.0,2789500.0,,,7547600.0,,4990700.0,,39267900.0,,1328100.0,,,2643500.0,,982.0,21891900.0,,,,26028100.0,,33572100.0,,,7697500.0,,80471400.0,,4466400.0,,20997100.0,,37214700.0,,7721300.0,,8852000.0,,16742700.0,,,2476000.0,,57700.0,,,,3449900.0,,5015000.0,,9652100.0,,,56953200.0,202030,,29320800.0,,34006400.0,,14071800.0,,16320000.0,,19140000.0,,1947300.0,,,,13389000.0,,68665000.0,,238492.0,94524000.0,,11872000.0,1550,179802200.0,,20020900.0,,103849100.0,,16898700.0,,17.0,3958700.0,,,,1327400.0,186065.0,0.0,52697600.0,,,18370100.0,,9452800.0,,,,66305100.0,,17708300.0,,44821400.0,,13830100.0,,,,,,484.0,,,,19822800.0,,4917900.0,3039.0,6920700.0,,6207600.0,,,,66924000.0,,3021800.0,,75650400.0,,81288.0,,,,87164100.0,,33844980.0,,1449500.0,,,,396500.0,,,4540000.0,,4180900.0,,122666800.0,,83135800.0,,12667900.0,,1411100.0,,8707900.0,,5377410.0,,15333400.0,,927400.0,,10642700.0,,6630340.0,,7301600.0,,7726600.0,0,20139900.0,,6708100.0,,20237000.0,,,,11962400.0,,26985400.0,,,,,,4021500.0,0.0
2025-11-01,,,,,,,,,,,,,,,,,,,,,,,,,,,,,,,,,,,,,,,,,,,,,,,,,,,,,,,,,,,,,,,,,,,,,,,,,,,,,31.0,,690,,,,,,,,,,,,,,,,,,,,,,,,,,,,455873,,,,,,,,,,,,,,,,,,,,,,,,,,,,,,,,,,,,,,,,,,,,,,,,,,,,,,,,,,,,,,,,,,,124753,,,,,,,,,,,,,,,,,,,,,,,,2907,,,,,,,,,,,,,,,186905.0,,,,,,,,,,,,,,,,,,,,,,,,,,,,,,2031.0,,,,,,,,,,,,,,,,,,,,,,,,,,,,,,,,,,,,,,,,,,,,,,,,,,,,,,,0,,,,,,,,,,,,,,,,,,0.0
2025-11-02,,,,,,,,,,,,,,,,,,,,,,,,,,,,,,,,,,,,,,,,,,,,,,,,,,,,,,,,,,,,0.0,,,,,,,,,,,,,,,,,,,581,,,,,,,,,,,,,,,,,,,,,,,,,,,,303333,,,,,,,,,,,,,,,,,,,,,,,,,,,,,,,,,,,,,,,,,,,,,,,,,,,,,,,,,,,,,,,,,,,171008,,,,,,,,,,,,,,,,,,,,,,,,5730,,,,,,,,,,,,,,,228328.0,,,,,,,,,,,,,,,,,,,,,,,,,,,,,,91.0,,,,,,,,,,,,,,,,,,,,,,,,,,,,,,,,,,,,,,,,,,,,,,,,,,,,,,,0,,,,,,,,,,,,,,,,,,0.0
2025-11-03,5787058.0,1498016.0,30110066.0,841490.0,2760215.0,1340881.0,927485.0,19716760.0,11591004.0,28694776.0,210374637.0,39840875.0,31041608.0,,14769073.0,4695100.0,,50194600.0,,3916600.0,,6035600.0,,6160600.0,,36351400.0,,95997800.0,,3255000.0,,2230100.0,,868100.0,,11835900.0,,17198900.0,,5037300.0,,9702300.0,,,,17283300.0,,30219700.0,,35980800.0,,803900.0,,,,5868100.0,,,,,6155800.0,,,0.0,2439400.0,,,,1725700.0,,,0.0,3782700.0,,9341700.0,,,3206600.0,7062,9050500.0,,4599700.0,,7054300.0,,7642000.0,,14294400.0,,21733400.0,,,,4614600.0,,8542300.0,,14778100.0,,,,7428400.0,,5288200.0,,1790300.0,427815,7028000.0,,15008700.0,,5035800.0,,7600500.0,,969300.0,,0.0,1853200.0,,,4938600.0,,6276100.0,,29786000.0,,1569100.0,,,2897600.0,,0.0,40539900.0,,,,17187600.0,,28309400.0,,,4958000.0,,61267500.0,,4701600.0,,80440700.0,,28887900.0,,7770000.0,,9055000.0,,15660400.0,,,4180000.0,,83000.0,,,,5246900.0,,5401500.0,,7302400.0,,,33003600.0,943245,,14308700.0,,22374700.0,,11074600.0,,21199300.0,,16678000.0,,1124100.0,,,,17247000.0,,58634000.0,,0.0,60252300.0,,8733000.0,2372,180267300.0,,11147000.0,,118255500.0,,15709200.0,,0.0,5011600.0,,,,801500.0,182139.0,0.0,81016800.0,,,14619000.0,,8535100.0,,,,37154300.0,,8198700.0,,38765500.0,,11463500.0,,,,,,0.0,,,,23811300.0,,4470500.0,1509.0,10626000.0,,4256200.0,,,,90431700.0,,2581300.0,,52610600.0,,67652.0,,,,57315000.0,,23038440.0,,1233000.0,,,,687500.0,,,3309900.0,,4738200.0,,83598000.0,,84595200.0,,12466600.0,,1513300.0,,5208300.0,,4167480.0,,28836500.0,,752800.0,,17064700.0,,5097100.0,,5538000.0,,6065100.0,0,13275400.0,,6951800.0,,14811700.0,,,,15230300.0,,22232000.0,,,,,,2993500.0,0.0
2025-11-04,5969769.0,1416294.0,30450281.0,557195.0,1325780.0,1396983.0,932443.0,23332290.0,14972125.0,23012844.0,136346196.0,36085368.0,44273602.0,,17833536.0,7716600.0,,49274800.0,,3694300.0,,8955900.0,,6896400.0,,56491800.0,,51546300.0,,3704300.0,,3936600.0,,1735100.0,,8470700.0,,24047500.0,,3298700.0,,9693100.0,,,,17492400.0,,49482300.0,,46705200.0,,1414400.0,,,,7803200.0,,,,,5850600.0,,,36655.0,3440700.0,,,,3044900.0,,,219300.0,4230900.0,,12420300.0,,25.0,2554500.0,1354,10279100.0,,5998300.0,,6792200.0,,10020400.0,,18552200.0,,22345000.0,,,,5330200.0,,7950100.0,,22291600.0,,,,5061800.0,,6613800.0,,2785900.0,391683,9065500.0,,20361900.0,,3543200.0,,5288200.0,,3236000.0,,657.0,3994900.0,,,5601900.0,,5155900.0,,30078400.0,,2046000.0,,,2590000.0,,590.0,61191400.0,,,,26617700.0,,35378300.0,,,5677300.0,,102250300.0,,6738400.0,,45952300.0,,34468700.0,,7085200.0,,12014000.0,,12743800.0,,,6008000.0,,194400.0,,,,5864300.0,,5911500.0,,11211100.0,,,27356600.0,542791,,13630000.0,,20958700.0,,15735100.0,,23696200.0,,21876000.0,,516900.0,,,,17818200.0,,38718000.0,,231288.0,45837100.0,,9724500.0,520385,188919300.0,,28629400.0,,94632800.0,,19772600.0,,0.0,6361800.0,,,,912200.0,189548.0,0.0,121380900.0,,,19711800.0,,12323600.0,,,,63830800.0,,8202400.0,,55207800.0,,13725500.0,,,,,,115.0,,,,37973500.0,,8269000.0,2218.0,9800800.0,,5249000.0,,,,71481000.0,,3182400.0,,87734300.0,,115322.0,,,,78427000.0,,36453300.0,,1518000.0,,,,217100.0,,,3216500.0,,3549900.0,,124762800.0,,87756600.0,,16224300.0,,1818500.0,,11462300.0,,5717340.0,,48787300.0,,1253500.0,,11245700.0,,9997100.0,,5920200.0,,8984800.0,0,8870900.0,,8936900.0,,12636400.0,,,,13665400.0,,29477600.0,,,,,,2195700.0,317.0
2025-11-05,8976222.0,1420277.0,44843020.0,632356.0,3470467.0,3124821.0,912444.0,33965750.0,13309811.0,29582205.0,127723032.0,26408751.0,42049675.0,,11680733.0,4930500.0,,43683100.0,,2646700.0,,9339600.0,,7230800.0,,67366600.0,,40610700.0,,6042800.0,,6941800.0,,1169400.0,,5786200.0,,17087600.0,,5151200.0,,8631400.0,,,,14957900.0,,31658700.0,,34359900.0,,499200.0,,,,6551200.0,,,,,4643600.0,,,42320.0,2701300.0,,,,2782500.0,,,292518.0,9063100.0,,8215500.0,,844.0,2974800.0,9493,6050000.0,,4984300.0,,5241200.0,,6584800.0,,17381000.0,,16113500.0,,,,7326500.0,,5746000.0,,17147600.0,,,,4066200.0,,5594800.0,,1500700.0,497951,7539500.0,,34649700.0,,4877500.0,,6634700.0,,1087700.0,,559.0,2844700.0,,,5915300.0,,3885600.0,,31010300.0,,1832700.0,,,4763000.0,,606.0,36297500.0,,,,32318500.0,,27393700.0,,,4650400.0,,74631600.0,,5646400.0,,45875000.0,,38229200.0,,6865200.0,,9011000.0,,12850100.0,,,6678000.0,,42400.0,,,,11152700.0,,7272900.0,,11130200.0,,,20219900.0,379198,,17194500.0,,23024300.0,,9676200.0,,28617400.0,,25130000.0,,966300.0,,,,13977700.0,,35539000.0,,156270.0,32183100.0,,7604000.0,745,171350300.0,,37996600.0,,59402800.0,,11991500.0,,11.0,4309300.0,,,,922000.0,188461.0,2.0,76121000.0,,,13606100.0,,18845500.0,,,,48688500.0,,5074600.0,,197650600.0,,13254300.0,,,,,,23.0,,,,61413600.0,,8605400.0,939.0,10336300.0,,3069300.0,,,,57853300.0,,3892600.0,,76488900.0,,114489.0,,,,74402400.0,,27921060.0,,1016000.0,,,,379200.0,,,4135300.0,,7797400.0,,109730000.0,,85573000.0,,10502500.0,,2309400.0,,9770200.0,,4982830.0,,20150800.0,,641400.0,,10626100.0,,6205620.0,,4984600.0,,6534700.0,2,9749000.0,,7573000.0,,13356800.0,,,,9127700.0,,23857200.0,,,,,,2051600.0,0.0
2025-11-06,5321244.0,686561.0,28655689.0,505655.0,2287056.0,1920651.0,2254077.0,17605590.0,13081287.0,19658320.0,122167159.0,37325144.0,42887298.0,,15141062.0,7338800.0,,51204000.0,,3888700.0,,6767600.0,,9278400.0,,66049700.0,,46004200.0,,8418400.0,,7123700.0,,1073000.0,,7899900.0,,19896900.0,,3926600.0,,12438900.0,,,,10155300.0,,24982500.0,,38672100.0,,308400.0,,,,4964700.0,,,,,3711500.0,,,43138.0,2245800.0,,,,2829700.0,,,277768.0,10803400.0,,12191200.0,,,3247700.0,1652,11702600.0,,5245500.0,,11041800.0,,12399600.0,,26204600.0,,16469900.0,,,,4255100.0,,10291800.0,,34632300.0,,,,3522200.0,,5396000.0,,3439100.0,362128,9740600.0,,22327800.0,,3757200.0,,5313400.0,,1072500.0,,650.0,2215300.0,,,6659900.0,,5718100.0,,37173600.0,,1572500.0,,,3622100.0,,946.0,43246900.0,,,,50477800.0,,22854200.0,,,6818500.0,,77629900.0,,4947200.0,,52439800.0,,40601200.0,,7206100.0,,11788000.0,,15906700.0,,,5146000.0,,96200.0,,,,7209900.0,,6417400.0,,9640100.0,,,23628800.0,435890,,28022500.0,,27406500.0,,14468300.0,,32016800.0,,32638000.0,,2313600.0,,,,17314400.0,,36532000.0,,193866.0,34913200.0,,10231000.0,622,223029800.0,,43747200.0,,80158700.0,,18678300.0,,0.0,5444800.0,,,,1050300.0,182862.0,2.0,78468600.0,,,11480200.0,,16184700.0,,,,72115100.0,,4918900.0,,88735300.0,,21053100.0,,,,,,86.0,,,,32092100.0,,9600500.0,148.0,10402700.0,,4100400.0,,,,88016900.0,,2600900.0,,106419600.0,,130555.0,,,,85035300.0,,40973920.0,,1218800.0,,,,471900.0,,,4504200.0,,5559000.0,,156461400.0,,109622900.0,,11516900.0,,3324700.0,,5859500.0,,4977620.0,,18316200.0,,1548000.0,,14555700.0,,11772560.0,,8507900.0,,5907100.0,6,8419200.0,,12060800.0,,14866000.0,,,,11352600.0,,32154800.0,,,,,,2214700.0,0.0
2025-11-07,4789397.0,666772.0,22908083.0,587100.0,1648859.0,1620158.0,1113728.0,22145410.0,13314360.0,51425431.0,175915458.0,24309960.0,29757750.0,,27874004.0,10118500.0,,48227400.0,,4112600.0,,6400400.0,,6892800.0,,52162600.0,,46374300.0,,6656200.0,,5794600.0,,1841900.0,,9078600.0,,21903200.0,,3349000.0,,11581200.0,,,,15642000.0,,37730000.0,,45751700.0,,523100.0,,,,6377800.0,,,,,3613700.0,,,36620.0,2320100.0,,,,3331000.0,,,259446.0,7985100.0,,11984200.0,,,2584000.0,1984,9524300.0,,6910100.0,,5741500.0,,9708400.0,,24982600.0,,16913700.0,,,,5780800.0,,8782100.0,,41991400.0,,,,5572900.0,,5604500.0,,3038600.0,531492,15219400.0,,21473900.0,,4796600.0,,6457800.0,,967800.0,,245.0,2823800.0,,,7430000.0,,6533300.0,,34479600.0,,2098400.0,,,2766400.0,,599.0,28934600.0,,,,44897800.0,,21932600.0,,,5070800.0,,95521400.0,,7548000.0,,53464600.0,,54978900.0,,7302300.0,,11421000.0,,25108300.0,,,5886000.0,,120700.0,,,,5621300.0,,4373400.0,,11609300.0,,,29946800.0,354756,,20898700.0,,24019800.0,,16976100.0,,30613800.0,,32476000.0,,1609800.0,,,,17614100.0,,44125000.0,,178319.0,41161200.0,,8162500.0,8537,264942300.0,,19979600.0,,106713300.0,,20969300.0,,1.0,5046400.0,,,,879100.0,193377.0,0.0,73989700.0,,,13449300.0,,10614700.0,,,,81835400.0,,6446700.0,,65782100.0,,25058800.0,,,,,,23.0,,,,32960200.0,,14723200.0,2918.0,20552100.0,,3835500.0,,,,78769400.0,,2968800.0,,143013500.0,,151293.0,,,,100592400.0,,45688640.0,,1508000.0,,,,343300.0,,,3627400.0,,4988700.0,,183589400.0,,103471500.0,,15715700.0,,5792500.0,,8837700.0,,6055260.0,,16489900.0,,850900.0,,15842100.0,,10701020.0,,5318400.0,,9143000.0,36,9652800.0,,20330200.0,,17248700.0,,,,15136300.0,,35458400.0,,,,,,2277500.0,0.0
2025-11-08,,,,,,,,,,,,,,,,,,,,,,,,,,,,,,,,,,,,,,,,,,,,,,,,,,,,,,,,,,,,,,,,,,,,,,,,,,,,,476.0,,0,,,,,,,,,,,,,,,,,,,,,,,,,,,,291709,,,,,,,,,,,,,,,,,,,,,,,,,,,,,,,,,,,,,,,,,,,,,,,,,,,,,,,,,,,,,,,,,,,210360,,,,,,,,,,,,,,,,,,,,,,,,174,,,,,,,,,,,,,,,179217.0,,,,,,,,,,,,,,,,,,,,,,,,,,,,,,39.0,,,,,,,,,,,,,,,,,,,,,,,,,,,,,,,,,,,,,,,,,,,,,,,,,,,,,,,35,,,,,,,,,,,,,,,,,,0.0
2025-11-09,,,,,,,,,,,,,,,,,,,,,,,,,,,,,,,,,,,,,,,,,,,,,,,,,,,,,,,,,,,,,,,,,,,,,,,,,,,,,,,328,,,,,,,,,,,,,,,,,,,,,,,,,,,,404624,,,,,,,,,,,,,,,,,,,,,,,,,,,,,,,,,,,,,,,,,,,,,,,,,,,,,,,,,,,,,,,,,,,3746242,,,,,,,,,,,,,,,,,,,,,,,,4917,,,,,,,,,,,,,,,184740.0,,,,,,,,,,,,,,,,,,,,,,,,,,,,,,425.0,,,,,,,,,,,,,,,,,,,,,,,,,,,,,,,,,,,,,,,,,,,,,,,,,,,,,,,0,,,,,,,,,,,,,,,,,,0.0
2025-11-10,4893645.0,692464.0,23842327.0,377980.0,974635.0,1279087.0,702948.0,13611870.0,14513815.0,27658165.0,163981822.0,35211079.0,30303643.0,,25440198.0,9309000.0,,41312400.0,,3087000.0,,4846600.0,,7673700.0,,43361600.0,,36476500.0,,4666700.0,,3274200.0,,992900.0,,9248800.0,,16409000.0,,5878300.0,,9348700.0,,,,10819600.0,,24831800.0,,40321100.0,,459300.0,,,,5084000.0,,,,,3946000.0,,,30891.0,1829900.0,,,,3523300.0,,,222879.0,6874700.0,,8949800.0,,,2612700.0,142,8568000.0,,4127800.0,,6486600.0,,8658000.0,,43561500.0,,22201200.0,,,,8203600.0,,9158700.0,,31353500.0,,,,4573500.0,,5038400.0,,2644200.0,559514,8460800.0,,23378500.0,,3148000.0,,11621800.0,,821000.0,,189.0,2555800.0,,,6733800.0,,4724900.0,,29557300.0,,1698200.0,,,3257900.0,,1048.0,21798900.0,,,,30980500.0,,34049800.0,,,2975200.0,,77820300.0,,4980000.0,,39901000.0,,31238000.0,,5794100.0,,9481000.0,,15318000.0,,,5118000.0,,69300.0,,,,7156800.0,,5696600.0,,10030600.0,,,19245000.0,625065,,14570700.0,,26101500.0,,9527200.0,,27870600.0,,26002000.0,,841800.0,,,,21363600.0,,36929000.0,,189080.0,48750500.0,,7044500.0,13270,198897100.0,,14406500.0,,135019900.0,,16698700.0,,1.0,4917100.0,,,,809400.0,194890.0,0.0,87764200.0,,,11129900.0,,10129300.0,,,,55919900.0,,4657100.0,,104369900.0,,22929800.0,,,,,,91.0,,,,26396700.0,,9180700.0,1884.0,15276400.0,,3034500.0,,,,93548100.0,,3325000.0,,74223300.0,,86178.0,,,,75842900.0,,29860960.0,,1214900.0,,,,212500.0,,,2954400.0,,3511600.0,,119878800.0,,76515900.0,,10869200.0,,3222600.0,,7677900.0,,5864910.0,,13310200.0,,516000.0,,11040300.0,,6431460.0,,5295800.0,,5590100.0,45,11230700.0,,10718200.0,,14507600.0,,,,11453400.0,,31264600.0,,,,,,2076000.0,399.0
2025-11-11,5508697.0,494203.0,27742542.0,361539.0,1341337.0,1245649.0,971144.0,18535780.0,13087772.0,14666406.0,152392565.0,32513112.0,41269159.0,,11144124.0,6066800.0,,46208300.0,,2827200.0,,3254700.0,,6237600.0,,61336800.0,,23564100.0,,7447000.0,,4075300.0,,1026000.0,,12464900.0,,16446800.0,,3641400.0,,11354400.0,,,,11211900.0,,25653900.0,,22499800.0,,232000.0,,,,2960200.0,,,,,3694100.0,,,41959.0,1517400.0,,,,2880000.0,,,264427.0,4184700.0,,7095200.0,,99.0,1663400.0,2295,8745300.0,,3985500.0,,5762800.0,,5423200.0,,76900400.0,,21412900.0,,,,7116100.0,,9713300.0,,13289100.0,,,,6796000.0,,6582700.0,,3140400.0,456024,5259800.0,,41923500.0,,3806400.0,,8014800.0,,1591700.0,,569.0,1748500.0,,,4083900.0,,2856300.0,,19842100.0,,1521500.0,,,2407300.0,,685.0,22892200.0,,,,17218400.0,,28882000.0,,,4381900.0,,53741900.0,,2562400.0,,29975800.0,,27357900.0,,5030200.0,,9118000.0,,16160200.0,,,2060000.0,,79300.0,,,,3518500.0,,4166400.0,,9144600.0,,,13302200.0,526144,,13538500.0,,17980000.0,,8340300.0,,22622500.0,,36456000.0,,570300.0,,,,45261100.0,,27966000.0,,243691.0,34859900.0,,5177000.0,13556,176483300.0,,27711100.0,,78879000.0,,20686600.0,,0.0,3581100.0,,,,1068500.0,192552.0,0.0,49819700.0,,,10032500.0,,8419100.0,,,,44868800.0,,3861800.0,,109217400.0,,33240100.0,,,,,,106.0,,,,21707800.0,,7661200.0,4585.0,12180900.0,,2481400.0,,,,64599400.0,,6900100.0,,80862700.0,,83196.0,,,,58953400.0,,23134440.0,,766500.0,,,,282500.0,,,2928800.0,,2971500.0,,102665600.0,,60533200.0,,9666300.0,,2072300.0,,7274200.0,,5148320.0,,13276300.0,,305100.0,,8191500.0,,2787380.0,,4453300.0,,5625700.0,0,9244000.0,,7941600.0,,13182100.0,,,,13743200.0,,38752800.0,,,,,,3288800.0,0.0
2025-11-12,2831484.0,807526.0,19413497.0,285570.0,600486.0,1115875.0,1023036.0,12427000.0,13658568.0,19881998.0,219603402.0,42302225.0,24968884.0,,21140922.0,4482900.0,,48398000.0,,2990200.0,,5811900.0,,5955400.0,,108942000.0,,31190100.0,,4444700.0,,2602100.0,,961900.0,,9075100.0,,12190500.0,,6101200.0,,13920800.0,,,,10322400.0,,29535400.0,,28409900.0,,360400.0,,,,5456000.0,,,,,3947900.0,,,42279.0,2645100.0,,,,2188800.0,,,329517.0,3716900.0,,6967600.0,,203.0,1829700.0,1184,39011300.0,,3984200.0,,4278200.0,,7966000.0,,41722500.0,,57591600.0,,,,5503000.0,,15248700.0,,19200100.0,,,,4948500.0,,6539000.0,,4526800.0,395474,7121500.0,,34807500.0,,2965200.0,,6473300.0,,478900.0,,396.0,2026300.0,,,6927800.0,,4341300.0,,24829900.0,,2954100.0,,,3375800.0,,656.0,21967400.0,,,,22044600.0,,37546600.0,,,6042700.0,,53876000.0,,3538400.0,,28778000.0,,34543200.0,,10578300.0,,8246000.0,,13612600.0,,,1482000.0,,35400.0,,,,4959800.0,,5185200.0,,8950000.0,,,24493300.0,474313,,11846700.0,,26574900.0,,10800400.0,,17263100.0,,22590000.0,,749100.0,,,,35913500.0,,39221000.0,,170351.0,50336400.0,,7603500.0,13376,154935300.0,,24672300.0,,78891600.0,,24195000.0,,0.0,4535100.0,,,,810200.0,202139.0,1.0,55347100.0,,,10134000.0,,8785800.0,,,,47444400.0,,3168000.0,,72372100.0,,21987100.0,,,,,,20.0,,,,24749700.0,,5870700.0,5006.0,13730300.0,,3130500.0,,,,102911700.0,,5464600.0,,77730900.0,,89039.0,,,,62312500.0,,25965800.0,,1776400.0,,,,222000.0,,,2365600.0,,3391100.0,,125708400.0,,58513500.0,,9715900.0,,1317400.0,,6241200.0,,5965080.0,,16004600.0,,588500.0,,9221100.0,,4033220.0,,6389600.0,,6131700.0,0,9868300.0,,7910200.0,,12084400.0,,,,12302600.0,,29863200.0,,,,,,2500400.0,0.0
2025-11-13,3875541.0,681153.0,20838741.0,495921.0,724253.0,1001104.0,1173916.0,12559270.0,17299913.0,30318325.0,158595312.0,31331746.0,33815896.0,,10272137.0,7722100.0,,49602800.0,,3084600.0,,7824600.0,,13465900.0,,63178600.0,,41401700.0,,5190900.0,,6496000.0,,1406300.0,,9721700.0,,22616600.0,,3850700.0,,17213000.0,,,,28921700.0,,39215800.0,,41175400.0,,610500.0,,,,7340700.0,,,,,8996400.0,,,36603.0,3458700.0,,,,3621700.0,,,247349.0,7205800.0,,11109500.0,,265.0,2430600.0,1107,52219400.0,,7413900.0,,5542100.0,,9624000.0,,42804800.0,,57638500.0,,,,6912000.0,,44045400.0,,26775300.0,,,,4968200.0,,7215600.0,,4531600.0,370281,11543000.0,,24375200.0,,3345200.0,,14489000.0,,630500.0,,167.0,5166900.0,,,11373700.0,,7415400.0,,29494000.0,,2557400.0,,,3034800.0,,795.0,34913200.0,,,,36727300.0,,42098300.0,,,5310200.0,,95593200.0,,5525600.0,,49348200.0,,65710000.0,,8973300.0,,12035000.0,,14002800.0,,,3760000.0,,28800.0,,,,5436500.0,,4153600.0,,13693700.0,,,20973800.0,272147,,17226600.0,,25273100.0,,16474500.0,,32324600.0,,33874000.0,,674100.0,,,,41803000.0,,40144000.0,,201019.0,55927900.0,,8147000.0,36451,207423100.0,,18878300.0,,220831400.0,,30009000.0,,23.0,5361200.0,,,,2029500.0,185383.0,0.0,63188800.0,,,14185800.0,,9526100.0,,,,71333600.0,,5213300.0,,58775100.0,,26517100.0,,,,,,264.0,,,,37471500.0,,10654800.0,4460.0,23274900.0,,3551100.0,,,,117242200.0,,5123300.0,,126123700.0,,120345.0,,,,103457800.0,,34726220.0,,2691900.0,,,,308700.0,,,4473200.0,,4680800.0,,201264400.0,,118948000.0,,13827600.0,,1358200.0,,7719600.0,,6843880.0,,16367500.0,,708000.0,,9650200.0,,11096520.0,,4961700.0,,11389900.0,0,10238600.0,,6694800.0,,18088500.0,,,,14770400.0,,32243800.0,,,,,,1937100.0,154.0
2025-11-14,5778374.0,579023.0,21806342.0,601975.0,923411.0,1106865.0,586352.0,17102390.0,19956444.0,34231271.0,139429210.0,24727266.0,35419273.0,,10654024.0,6607500.0,,47431300.0,,2761400.0,,5697400.0,,15254400.0,,47655600.0,,38956700.0,,4173200.0,,3717900.0,,1307800.0,,10028300.0,,18500800.0,,5083200.0,,33991000.0,,,,23932700.0,,31441400.0,,50642100.0,,628000.0,,,,5462500.0,,,,,4645200.0,,,58912.0,2764500.0,,,,5733900.0,,,334116.0,4134900.0,,11784800.0,,,1739100.0,858,37549600.0,,5715400.0,,5512900.0,,7769200.0,,52465600.0,,38819600.0,,,,5573300.0,,16691400.0,,17293800.0,,,,4336700.0,,6153900.0,,6168400.0,347158,10710900.0,,40963300.0,,2549500.0,,10086700.0,,701500.0,,483.0,4037300.0,,,9792200.0,,5887600.0,,31647200.0,,2552000.0,,,3413300.0,,780.0,31484900.0,,,,32063800.0,,29807000.0,,,3592500.0,,71716200.0,,4396800.0,,49855900.0,,58344400.0,,10327000.0,,14446000.0,,13172000.0,,,3196000.0,,52300.0,,,,4483900.0,,3862300.0,,15076100.0,,,20724100.0,384563,,12414100.0,,28505700.0,,23233800.0,,36171100.0,,34604000.0,,489000.0,,,,31948000.0,,47607000.0,,227908.0,30804500.0,,5917500.0,10271,186591900.0,,12507600.0,,184450300.0,,36053800.0,,10.0,5371700.0,,,,1285000.0,183332.0,0.0,62596800.0,,,21979900.0,,7949900.0,,,,80087300.0,,4284900.0,,60069200.0,,21107100.0,,,,,,73.0,,,,37325200.0,,12271200.0,5961.0,19464400.0,,3246500.0,,,,87118500.0,,5121500.0,,125398600.0,,133848.0,,,,96846700.0,,44800880.0,,1976800.0,,,,468400.0,,,3208300.0,,6696800.0,,222397600.0,,105506700.0,,11486800.0,,1542800.0,,6041500.0,,7438990.0,,12475600.0,,1269000.0,,9428200.0,,10512420.0,,6422300.0,,10018700.0,0,9677800.0,,6870000.0,,23424200.0,,,,14433900.0,,34179400.0,,,,,,2111200.0,145.0
2025-11-15,,,,,,,,,,,,,,,,,,,,,,,,,,,,,,,,,,,,,,,,,,,,,,,,,,,,,,,,,,,,,,,,,,,,,,,,,,,,,337.0,,0,,,,,,,,,,,,,,,,,,,,,,,,,,,,336677,,,,,,,,,,,,,,,,,,,,,,,,,,,,,,,,,,,,,,,,,,,,,,,,,,,,,,,,,,,,,,,,,,,75143,,,,,,,,,,,,,,,,,,,,,,,,1832,,,,,,,,,,,,,,,181089.0,,,,,,,,,,,,,,,,,,,,,,,,,,,,,,5504.0,,,,,,,,,,,,,,,,,,,,,,,,,,,,,,,,,,,,,,,,,,,,,,,,,,,,,,,16,,,,,,,,,,,,,,,,,,0.0
2025-11-16,,,,,,,,,,,,,,,,,,,,,,,,,,,,,,,,,,,,,,,,,,,,,,,,,,,,,,,,,,,,,,,,,,,,,,,,,,,,,,,0,,,,,,,,,,,,,,,,,,,,,,,,,,,,312165,,,,,,,,,,,,,,,,,,,,,,,,,,,,,,,,,,,,,,,,,,,,,,,,,,,,,,,,,,,,,,,,,,,111761,,,,,,,,,,,,,,,,,,,,,,,,247028,,,,,,,,,,,,,,,179174.0,,,,,,,,,,,,,,,,,,,,,,,,,,,,,,6291.0,,,,,,,,,,,,,,,,,,,,,,,,,,,,,,,,,,,,,,,,,,,,,,,,,,,,,,,0,,,,,,,,,,,,,,,,,,110.0
2025-11-17,4470947.0,384305.0,17192584.0,470203.0,507818.0,1724711.0,480706.0,11984460.0,13794477.0,22374156.0,131317369.0,28246626.0,28915570.0,,10881508.0,4845500.0,,45018300.0,,3300000.0,,5409900.0,,8713600.0,,37942200.0,,59919000.0,,3908600.0,,2977500.0,,1691500.0,,9462500.0,,14799600.0,,2347100.0,,16911400.0,,,,11691600.0,,42627100.0,,58609600.0,,658100.0,,,,5371000.0,,,,,3510400.0,,,33667.0,1941100.0,,,,3143600.0,,,189638.0,3523500.0,,15822400.0,,,2481900.0,1893,23753300.0,,4124300.0,,5280900.0,,5581200.0,,29176400.0,,28720100.0,,,,15291100.0,,12296400.0,,12452900.0,,,,4105000.0,,6967700.0,,3848500.0,307296,6955000.0,,29832100.0,,2170900.0,,4929100.0,,508300.0,,1552.0,2998000.0,,,7248000.0,,4968200.0,,52670200.0,,1850600.0,,,5127200.0,,699.0,30155500.0,,,,40078600.0,,50382100.0,,,3909700.0,,72580100.0,,5801600.0,,33606900.0,,55765900.0,,8344000.0,,13265000.0,,14772300.0,,,2998000.0,,55400.0,,,,4212300.0,,4720000.0,,10487800.0,,,16501300.0,172114,,16548600.0,,19092800.0,,19545000.0,,30304400.0,,29598000.0,,470100.0,,,,23478700.0,,26082700.0,,191623.0,33430100.0,,5701000.0,2754,173628900.0,,13520500.0,,154730900.0,,16143800.0,,0.0,4860700.0,,,,1541500.0,184102.0,0.0,50339000.0,,,20632700.0,,10211100.0,,,,63850400.0,,2598400.0,,58303200.0,,17583500.0,,,,,,71.0,,,,32689500.0,,6921300.0,5305.0,14211500.0,,3164900.0,,,,75957500.0,,3908300.0,,101936600.0,,110365.0,,,,90456100.0,,39675820.0,,2884000.0,,,,268500.0,,,3517700.0,,3309300.0,,186327000.0,,102214300.0,,10227100.0,,1456900.0,,7343400.0,,7688270.0,,16922500.0,,521000.0,,6335500.0,,9380380.0,,6494800.0,,5249900.0,0,8774200.0,,6564400.0,,15289400.0,,,,12401800.0,,37447400.0,,,,,,2224300.0,0.0
2025-11-18,3544391.0,475705.0,18684068.0,641226.0,959645.0,1604701.0,632417.0,15573970.0,18818609.0,36505783.0,214473888.0,24067856.0,33786187.0,,10028524.0,3114900.0,,45677300.0,,3286400.0,,4069800.0,,12167400.0,,45619900.0,,60608400.0,,3927300.0,,3993000.0,,1414000.0,,9242600.0,,21726800.0,,2599000.0,,12438900.0,,,,13050600.0,,28109900.0,,52662700.0,,920200.0,,,,5457400.0,,,,,5751100.0,,,36791.0,1918600.0,,,,3498800.0,,,105325.0,3108900.0,,10854500.0,,386.0,2984700.0,2404,16437600.0,,4503000.0,,8045100.0,,10292000.0,,33464400.0,,26025500.0,,,,10147100.0,,11796200.0,,9264700.0,,,,3305000.0,,6922400.0,,5826400.0,364785,11789600.0,,17725500.0,,5946700.0,,6071900.0,,1160900.0,,1375.0,2986000.0,,,6889700.0,,3733300.0,,49158700.0,,1673500.0,,,10168500.0,,767.0,26537300.0,,,,28581100.0,,43252800.0,,,4861900.0,,61504800.0,,3540000.0,,37845900.0,,63092500.0,,8077300.0,,11519000.0,,12838900.0,,,2868000.0,,10400.0,,,,5416400.0,,3430500.0,,12706700.0,,,25500600.0,636590,,23426900.0,,33815100.0,,22049500.0,,33843900.0,,31026000.0,,641400.0,,,,26661600.0,,43440600.0,,204812.0,47362300.0,,7640500.0,1964,213598900.0,,17104700.0,,179882000.0,,21098300.0,,0.0,5373200.0,,,,1586000.0,182335.0,9.0,53710100.0,,,18446600.0,,11073200.0,,,,83327300.0,,3722300.0,,40761500.0,,16982000.0,,,,,,384.0,,,,28024900.0,,12933100.0,5034.0,16433900.0,,2668200.0,,,,66837600.0,,3137000.0,,153515800.0,,137820.0,,,,114467500.0,,56840520.0,,1395600.0,,,,501900.0,,,2803700.0,,7978800.0,,267348000.0,,80688600.0,,11850400.0,,1867400.0,,8164700.0,,5240830.0,,17439400.0,,832100.0,,6333900.0,,13911540.0,,9170400.0,,7586300.0,0,9321300.0,,7707300.0,,17604500.0,,,,9910700.0,,34839400.0,,,,,,2354100.0,0.0
2025-11-19,4529736.0,413452.0,18993346.0,1166055.0,570754.0,1285531.0,613143.0,18569590.0,13959708.0,30697647.0,480542429.0,33786539.0,25108369.0,,12533801.0,3414500.0,,40424500.0,,3738400.0,,4224900.0,,8870500.0,,52093400.0,,58335600.0,,4006400.0,,3499400.0,,1587800.0,,11245900.0,,21851900.0,,2330500.0,,7949900.0,,,,13815300.0,,31246300.0,,50636800.0,,646500.0,,,,4695000.0,,,,,5141700.0,,,38776.0,1880900.0,,,,2725900.0,,,79622.0,3658500.0,,13287300.0,,147.0,3462300.0,692,28886500.0,,4494000.0,,9710700.0,,6087600.0,,26796000.0,,24759700.0,,,,6729200.0,,12790000.0,,9752100.0,,,,4034100.0,,6065700.0,,3239500.0,427694,8606300.0,,22200800.0,,2984900.0,,4159900.0,,384600.0,,486.0,4212100.0,,,5412600.0,,5194300.0,,68198900.0,,1521100.0,,,7595000.0,,1148.0,20963500.0,,,,25278800.0,,26653200.0,,,3595900.0,,67115500.0,,3120000.0,,42020900.0,,57280500.0,,5546600.0,,9593000.0,,12401500.0,,,2830000.0,,40800.0,,,,6481800.0,,3571200.0,,9818300.0,,,24744700.0,156254,,13688200.0,,23245300.0,,28025400.0,,35256600.0,,40110000.0,,438600.0,,,,22040600.0,,31868100.0,,152272.0,82288500.0,,9577000.0,234258,247246400.0,,16585000.0,,127637400.0,,21679500.0,,3.0,7529100.0,,,,1204000.0,177806.0,6.0,46108200.0,,,25061900.0,,8176500.0,,,,73111500.0,,2728500.0,,51911000.0,,15304000.0,,,,,,72.0,,,,28892800.0,,9842300.0,5854.0,12005800.0,,1966500.0,,,,63026400.0,,5382600.0,,120458900.0,,117202.0,,,,94703000.0,,39235980.0,,2099100.0,,,,402700.0,,,2726200.0,,4445800.0,,184263600.0,,72047700.0,,11179200.0,,2097100.0,,5568500.0,,5818840.0,,18256200.0,,706300.0,,10414300.0,,8139000.0,,7066700.0,,6070500.0,25,6499100.0,,5815100.0,,22157000.0,,,,10309600.0,,41062800.0,,,,,,1722100.0,144.0
2025-11-20,4670237.0,501196.0,25360435.0,783585.0,970537.0,786081.0,355910.0,16962610.0,14015988.0,48063412.0,348136827.0,35352207.0,24966349.0,,16813374.0,6354200.0,,45823600.0,,3884800.0,,10310800.0,,9264000.0,,66342900.0,,50309000.0,,4432600.0,,4609700.0,,2055100.0,,13503900.0,,28867000.0,,3328600.0,,13466900.0,,,,20222100.0,,45681700.0,,62020700.0,,761100.0,,,,5486900.0,,,,,5503400.0,,,42345.0,3195000.0,,,,3939200.0,,,324282.0,5688700.0,,15524200.0,,,2648300.0,306,20369400.0,,9424500.0,,7521100.0,,9932400.0,,40999800.0,,27381900.0,,,,8855000.0,,12609900.0,,11121900.0,,,,4609600.0,,11263100.0,,6443900.0,419407,10483100.0,,27720800.0,,3889800.0,,5807800.0,,503400.0,,202.0,4874600.0,,,8332200.0,,6028900.0,,62025200.0,,2599000.0,,,4025300.0,,969.0,28325500.0,,,,42907300.0,,24343600.0,,,5597000.0,,96389100.0,,4972800.0,,63289000.0,,95483000.0,,7501600.0,,11719000.0,,15396500.0,,,3748000.0,,91600.0,,,,7680900.0,,3135700.0,,13695500.0,,,20603000.0,273141,,23315900.0,,26802500.0,,27684400.0,,47420700.0,,74198000.0,,597900.0,,,,35775700.0,,36918500.0,,105538.0,55834400.0,,8095500.0,6544,343504800.0,,15252300.0,,118430900.0,,27459600.0,,5.0,16079000.0,,,,1936200.0,178536.0,0.0,78443900.0,,,21059300.0,,12075400.0,,,,117743200.0,,5161300.0,,45539400.0,,25029300.0,,,,,,10.0,,,,37801500.0,,14686700.0,4909.0,26590900.0,,3669400.0,,,,98241000.0,,5021700.0,,228883600.0,,199494.0,,,,165293500.0,,58191700.0,,1835700.0,,,,328200.0,,,5142700.0,,5491400.0,,178246300.0,,113548800.0,,15747300.0,,1717300.0,,7890900.0,,8706600.0,,41734000.0,,812000.0,,14231500.0,,15935400.0,,6510300.0,,10076100.0,0,11373600.0,,7379400.0,,50375900.0,,,,13951600.0,,41630000.0,,,,,,2916800.0,0.0
2025-11-21,6646712.0,538414.0,23103574.0,689878.0,1278706.0,984944.0,311895.0,20274930.0,23732050.0,38454102.0,417607492.0,41412280.0,46164332.0,,17492835.0,5955100.0,,59030800.0,,4825400.0,,6831400.0,,8596800.0,,67421100.0,,68490500.0,,6031800.0,,6166800.0,,2481800.0,,13380400.0,,30280300.0,,4052600.0,,16240800.0,,,,37673000.0,,37249100.0,,55092500.0,,894000.0,,,,6059000.0,,,,,4812700.0,,,43029.0,2921600.0,,,,3812300.0,,,345014.0,5003000.0,,12396500.0,,,2870100.0,1280,19456200.0,,8404400.0,,7479300.0,,12254800.0,,38889500.0,,24428800.0,,,,8401600.0,,10785400.0,,14841900.0,,,,4441500.0,,8907800.0,,12094000.0,412475,12129500.0,,31066100.0,,4984100.0,,7750500.0,,809500.0,,171.0,4872800.0,,,7037500.0,,5514100.0,,74137700.0,,2284700.0,,,7441300.0,,616.0,18775400.0,,,,40155600.0,,22404400.0,,,5710900.0,,105641700.0,,4468000.0,,50691400.0,,99504100.0,,11766800.0,,14384000.0,,26492500.0,,,3190000.0,,146200.0,,,,7714600.0,,4266700.0,,14654600.0,,,21052600.0,423142,,16211000.0,,31769200.0,,29651300.0,,36679700.0,,42032000.0,,609300.0,,,,34963200.0,,41232700.0,,80707.0,45461900.0,,7354000.0,15904,346926200.0,,18985300.0,,130829200.0,,44834100.0,,1.0,8201400.0,,,,1562800.0,194905.0,0.0,71346400.0,,,20849400.0,,10815000.0,,,,103344200.0,,4009200.0,,40498600.0,,18870000.0,,,,,,22.0,,,,28321200.0,,17298700.0,4326.0,20061000.0,,6823900.0,,,,90228900.0,,3959900.0,,205537900.0,,234488.0,,,,123956200.0,,97300400.0,,2306300.0,,,,827100.0,,,3871300.0,,5950900.0,,179618600.0,,100460600.0,,20872800.0,,1759800.0,,11711300.0,,6602180.0,,33783100.0,,805300.0,,10350000.0,,13611200.0,,8930000.0,,10577700.0,0,11191100.0,,6590900.0,,41420800.0,,,,11618700.0,,39317200.0,,,,,,2954600.0,293.0
2025-11-22,,,,,,,,,,,,,,,,,,,,,,,,,,,,,,,,,,,,,,,,,,,,,,,,,,,,,,,,,,,,,,,,,,,,,,,,,,,,,,,0,,,,,,,,,,,,,,,,,,,,,,,,,,,,283240,,,,,,,,,,,,,,,,,,,,,,,,,,,,,,,,,,,,,,,,,,,,,,,,,,,,,,,,,,,,,,,,,,,1019508,,,,,,,,,,,,,,,,,,,,,,,,9296,,,,,,,,,,,,,,,187549.0,,,,,,,,,,,,,,,,,,,,,,,,,,,,,,5098.0,,,,,,,,,,,,,,,,,,,,,,,,,,,,,,,,,,,,,,,,,,,,,,,,,,,,,,,7,,,,,,,,,,,,,,,,,,0.0
2025-11-23,,,,,,,,,,,,,,,,,,,,,,,,,,,,,,,,,,,,,,,,,,,,,,,,,,,,,,,,,,,,,,,,,,,,,,,,,,,,,,,614,,,,,,,,,,,,,,,,,,,,,,,,,,,,280626,,,,,,,,,,,,,,,,,,,,,,,,,,,,,,,,,,,,,,,,,,,,,,,,,,,,,,,,,,,,,,,,,,,377737,,,,,,,,,,,,,,,,,,,,,,,,12506,,,,,,,,,,,,,,,184032.0,,,,,,,,,,,,,,,,,,,,,,,,,,,,,,3717.0,,,,,,,,,,,,,,,,,,,,,,,,,,,,,,,,,,,,,,,,,,,,,,,,,,,,,,,0,,,,,,,,,,,,,,,,,,218.0
2025-11-24,6399162.0,610389.0,29831172.0,917018.0,1673646.0,816534.0,759352.0,15174650.0,22376801.0,67219569.0,236144311.0,46425800.0,38950345.0,,10147515.0,4393000.0,,65585800.0,,5414400.0,,13436500.0,,8806600.0,,46749600.0,,54318400.0,,5008900.0,,3417600.0,,1628100.0,,10180100.0,,47262400.0,,2058700.0,,21796600.0,,,,27792600.0,,27308600.0,,72026000.0,,664600.0,,,,13404500.0,,,,,4847800.0,,,30888.0,4653500.0,,,,14026600.0,,,238138.0,5471200.0,,10005800.0,,,3661200.0,192,15679700.0,,16607000.0,,8563300.0,,10596800.0,,29927600.0,,26691500.0,,,,8985900.0,,15024800.0,,14622700.0,,,,5959900.0,,3799400.0,,5069600.0,338147,7612000.0,,17514900.0,,27537800.0,,9794700.0,,382000.0,,591.0,2748900.0,,,12117400.0,,5577600.0,,85165100.0,,2319500.0,,,6132900.0,,1045.0,20835800.0,,,,30736500.0,,35604100.0,,,6050600.0,,103804200.0,,3207200.0,,36655400.0,,36135300.0,,10940200.0,,15796000.0,,39818600.0,,,3268000.0,,45700.0,,,,7586200.0,,5497200.0,,23096000.0,,,23554900.0,215766,,23945100.0,,34421000.0,,23282600.0,,33052800.0,,27472000.0,,422400.0,,,,51066800.0,,62918300.0,,78483.0,31183100.0,,8947000.0,1219,256618300.0,,73618700.0,,177068100.0,,31144700.0,,5.0,16207000.0,,,,814300.0,175905.0,0.0,57877800.0,,,21013500.0,,12070100.0,,,,60168100.0,,5268000.0,,42345100.0,,20281000.0,,,,,,35.0,,,,27885100.0,,10650900.0,4697.0,13798900.0,,4587800.0,,,,63707200.0,,2859900.0,,108832500.0,,120599.0,,,,80437900.0,,56920200.0,,1098600.0,,,,424700.0,,,5139900.0,,3924300.0,,93894200.0,,96806400.0,,13570300.0,,2272200.0,,9466500.0,,6794740.0,,24883200.0,,648500.0,,7793600.0,,9691400.0,,9337100.0,,8208200.0,0,10818400.0,,10843900.0,,42519200.0,,,,9908800.0,,33681800.0,,,,,,10044600.0,155.0
2025-11-25,3716730.0,390393.0,16110054.0,1028743.0,1218659.0,991214.0,485683.0,13967140.0,14877620.0,50615478.0,317034207.0,43936481.0,29485452.0,,8690024.0,2357100.0,,46914200.0,,3765000.0,,4269000.0,,8330300.0,,69773500.0,,39379300.0,,2757700.0,,4858100.0,,1193000.0,,10159500.0,,33507600.0,,1822400.0,,27097500.0,,,,12313900.0,,18492000.0,,49691900.0,,441300.0,,,,4064000.0,,,,,3506300.0,,,26580.0,3105100.0,,,,2114000.0,,,334442.0,6559700.0,,8525300.0,,349.0,2534700.0,1161,12630900.0,,5200000.0,,10233000.0,,6608800.0,,27805500.0,,18818800.0,,,,14794100.0,,10574500.0,,22283300.0,,,,3693600.0,,5197000.0,,2702600.0,286873,5330400.0,,20310200.0,,4112900.0,,11842100.0,,441200.0,,132704.0,2356500.0,,,4467100.0,,4794900.0,,88632100.0,,2252900.0,,,6316600.0,,41200.0,14394300.0,,,,22078800.0,,21491200.0,,,2825300.0,,62203300.0,,3472000.0,,38228300.0,,46160800.0,,8877200.0,,9442000.0,,17451200.0,,,2254000.0,,18900.0,,,,6371900.0,,4181500.0,,9691500.0,,,25213000.0,102761,,11667900.0,,28019800.0,,19112700.0,,17441600.0,,18124000.0,,287700.0,,,,15021200.0,,35122600.0,,240457.0,29549100.0,,7280000.0,6611,320600300.0,,30458600.0,,119782400.0,,29595000.0,,3953.0,6035600.0,,,,1316200.0,183650.0,149.0,36523500.0,,,11065200.0,,7758100.0,,,,57560900.0,,7751500.0,,30087700.0,,10568800.0,,,,,,49588.0,,,,22199800.0,,12052700.0,5733.0,14680600.0,,3505100.0,,,,56810400.0,,3038700.0,,108634700.0,,104248.0,,,,81077100.0,,56664100.0,,558400.0,,,,690900.0,,,2833700.0,,4962500.0,,101851900.0,,71915600.0,,13726800.0,,1142000.0,,7406700.0,,7400800.0,,18482200.0,,731800.0,,6037900.0,,8096200.0,,5854300.0,,8573200.0,0,5467700.0,,6616500.0,,20212900.0,,,,10532400.0,,29299000.0,,,,,,12606400.0,201.0
2025-11-26,5127393.0,402781.0,21314975.0,893102.0,944519.0,1574505.0,455906.0,14646050.0,14429595.0,31216259.0,200500143.0,62895148.0,128129815.0,,9561215.0,7543900.0,,33431400.0,,3025000.0,,5194200.0,,8791100.0,,43270200.0,,38497900.0,,3435900.0,,2806700.0,,1572400.0,,5989800.0,,28693000.0,,2150200.0,,21453100.0,,,,13297200.0,,24250500.0,,53469400.0,,201000.0,,,,3686700.0,,,,,3117000.0,,,21288.0,1995100.0,,,,2033300.0,,,228285.0,3664300.0,,9929300.0,,,1936200.0,460,15840800.0,,5384100.0,,8506600.0,,8855200.0,,28793300.0,,15972600.0,,,,16424900.0,,10130200.0,,14174300.0,,,,3016200.0,,3711400.0,,3360300.0,267706,4266700.0,,26604100.0,,3331800.0,,8358500.0,,592100.0,,25088.0,2223800.0,,,3515900.0,,4644200.0,,51373400.0,,1862500.0,,,4517300.0,,11335.0,13448300.0,,,,47127600.0,,19609800.0,,,2196400.0,,54563400.0,,3232000.0,,26981700.0,,34636600.0,,7910900.0,,11257000.0,,11795100.0,,,1744000.0,,68600.0,,,,4184500.0,,3093700.0,,8398100.0,,,15209500.0,215863,,15019100.0,,25709100.0,,20016500.0,,17817600.0,,21780000.0,,1362300.0,,,,13545000.0,,27951000.0,,155159.0,23820300.0,,10035500.0,3104,183852000.0,,17834800.0,,114905200.0,,26544100.0,,1097.0,5915200.0,,,,2297300.0,198377.0,42.0,34610500.0,,,8335300.0,,7967700.0,,,,42393600.0,,4680900.0,,35451200.0,,10906100.0,,,,,,14378.0,,,,21642400.0,,5533300.0,4607.0,43000900.0,,3319500.0,,,,56355000.0,,2933800.0,,104203900.0,,89116.0,,,,71879600.0,,41525600.0,,545700.0,,,,329900.0,,,3744500.0,,4011700.0,,75598100.0,,63463000.0,,12220300.0,,1026800.0,,7346300.0,,7121830.0,,20448700.0,,511800.0,,6892000.0,,8514500.0,,4309900.0,,5264800.0,97,4853800.0,,5851900.0,,17783300.0,,,,8946600.0,,26611000.0,,,,,,5198500.0,0.0
2025-11-27,3654092.0,289061.0,16453004.0,531577.0,2028550.0,938470.0,548757.0,12038700.0,15493209.0,24638073.0,209296970.0,43732767.0,58022656.0,,26978582.0,,,,,,,,,,,,,,,,,,,,,,,,,,,,,,,,,,,,,,,,,,,,,,,,,,,,,,,,,,,,,,,,0,,,,,,,,,,,,,,,,,,,,,,,,,,,,296447,,,,,,,,,,,,,,,,,,,,,,,,,,,,,,,,,,,,,,,,,,,,,,,,,,,,,,,,,,,,,,,,,,,204834,,,,,,,,,,,,,,,,,,,,,,,,1306,,,,,,,,,,,,,,,191900.0,,,,,,,,,,,,,,,,,,,,,,,,,,,,,,1521.0,,,,,,,,,,,,,,,,,,,,,,,,,,,,,,,,,,,,,,,,,,,,,,,,,,,,,,,0,,,,,,,,,,,,,,,,,,0.0
2025-11-28,2680138.0,511004.0,15292277.0,529584.0,1580887.0,570311.0,322741.0,11190210.0,13216245.0,18946864.0,85614446.0,32465730.0,43785936.0,,14756811.0,3588400.0,,20135600.0,,1802200.0,,2422200.0,,2916300.0,,18658000.0,,20292300.0,,1825500.0,,1559100.0,,939700.0,,4225700.0,,13365500.0,,1912100.0,,7185500.0,,,,8135600.0,,15863100.0,,51366500.0,,1828900.0,,,,2312200.0,,,,,1626600.0,,,31795.0,1019500.0,,,,1262400.0,,,153758.0,4781500.0,,8977800.0,,,1092600.0,0,22254900.0,,5665200.0,,3691500.0,,4075600.0,,14114900.0,,7320900.0,,,,5612600.0,,6525500.0,,7700500.0,,,,2035300.0,,2711800.0,,4233300.0,330392,2704900.0,,15012400.0,,1876700.0,,3411000.0,,588600.0,,3615.0,1006600.0,,,1847500.0,,8789300.0,,26018600.0,,868300.0,,,2119600.0,,1349.0,9363600.0,,,,12783400.0,,7707800.0,,,1689000.0,,95799500.0,,5770400.0,,19588900.0,,18911800.0,,4322400.0,,3893000.0,,7423000.0,,,878000.0,,69600.0,,,,2194000.0,,2732200.0,,4919200.0,,,11033200.0,199173,,11235600.0,,14386700.0,,15114300.0,,12914700.0,,18682000.0,,619800.0,,,,6018800.0,,15021600.0,,127694.0,12104500.0,,4520500.0,1300,121332800.0,,15484200.0,,32709000.0,,13848500.0,,74.0,4808300.0,,,,527900.0,205007.0,0.0,17199500.0,,,7875900.0,,5068800.0,,,,23034400.0,,2388700.0,,18543000.0,,5636800.0,,,,,,2541.0,,,,10755800.0,,3352700.0,4875.0,13367500.0,,1944100.0,,,,26903900.0,,1250800.0,,57190400.0,,40881.0,,,,49212000.0,,14389800.0,,523500.0,,,,440300.0,,,1877100.0,,4224900.0,,34381600.0,,36252900.0,,5515400.0,,590100.0,,4018100.0,,2939800.0,,9069400.0,,240600.0,,6430300.0,,3862500.0,,4586200.0,,4059600.0,0,3232100.0,,3620400.0,,9846500.0,,,,4255500.0,,16666600.0,,,,,,1517200.0,0.0
2025-11-29,,,,,,,,,,,,,,,,,,,,,,,,,,,,,,,,,,,,,,,,,,,,,,,,,,,,,,,,,,,,,,,,,,,,,,,,,,,,,6371.0,,330,,,,,,,,,,,,,,,,,,,,,,,,,,,,273469,,,,,,,,,,,,,,,,,,,,,,,,,,,,,,,,,,,,,,,,,,,,,,,,,,,,,,,,,,,,,,,,,,,2135017,,,,,,,,,,,,,,,,,,,,,,,,1654,,,,,,,,,,,,,,,186348.0,,,,,,,,,,,,,,,,,,,,,,,,,,,,,,5077.0,,,,,,,,,,,,,,,,,,,,,,,,,,,,,,,,,,,,,,,,,,,,,,,,,,,,,,,0,,,,,,,,,,,,,,,,,,0.0
2025-11-30,,,,,,,,,,,,,,,,,,,,,,,,,,,,,,,,,,,,,,,,,,,,,,,,,,,,,,,,,,,,,,,,,,,,,,,,,,,,,,,79,,,,,,,,,,,,,,,,,,,,,,,,,,,,174945,,,,,,,,,,,,,,,,,,,,,,,,,,,,,,,,,,,,,,,,,,,,,,,,,,,,,,,,,,,,,,,,,,,392006,,,,,,,,,,,,,,,,,,,,,,,,2366,,,,,,,,,,,,,,,185531.0,,,,,,,,,,,,,,,,,,,,,,,,,,,,,,3264.0,,,,,,,,,,,,,,,,,,,,,,,,,,,,,,,,,,,,,,,,,,,,,,,,,,,,,,,0,,,,,,,,,,,,,,,,,,39.0
2025-12-01,3134704.0,555473.0,10905526.0,544242.0,666662.0,803895.0,428509.0,9238373.0,12643338.0,15785474.0,195409729.0,37286705.0,86464495.0,,14665460.0,3694400.0,,46587700.0,,3651300.0,,7596000.0,,6842400.0,,30768700.0,,42904000.0,,4544300.0,,2365000.0,,2103100.0,,6791000.0,,23252000.0,,2072900.0,,15321200.0,,,,13076000.0,,38868100.0,,64694700.0,,800800.0,,,,3995200.0,,,,,3128100.0,,,31203.0,1764500.0,,,,2303800.0,,,232770.0,4136200.0,,12119300.0,,,2149400.0,0,18852700.0,,10755500.0,,5634700.0,,8234400.0,,25412600.0,,15529600.0,,,,6720100.0,,12628900.0,,14207900.0,,,,4417800.0,,5020900.0,,4383300.0,248134,3567800.0,,15599000.0,,5113300.0,,4878100.0,,624500.0,,913.0,2302500.0,,,3601300.0,,7895900.0,,41183000.0,,2133200.0,,,5107100.0,,1396.0,13564100.0,,,,31467300.0,,25190200.0,,,3166600.0,,74534900.0,,2788000.0,,22962900.0,,36920000.0,,7727300.0,,6091000.0,,14388100.0,,,770000.0,,72600.0,,,,4932900.0,,3070200.0,,7416700.0,,,13029900.0,305618,,18143400.0,,23964000.0,,42940200.0,,18238200.0,,16316000.0,,987600.0,,,,14462900.0,,24873400.0,,209469.0,16859000.0,,6934000.0,11255,188131000.0,,11626700.0,,50596600.0,,13461200.0,,68.0,6692000.0,,,,580300.0,185827.0,0.0,27779600.0,,,10923300.0,,6818300.0,,,,40957600.0,,4819800.0,,43381000.0,,13260600.0,,,,,,994.0,,,,20952400.0,,3902000.0,7785.0,10280900.0,,4365000.0,,,,47130600.0,,5589800.0,,79426200.0,,90587.0,,,,61201200.0,,35882800.0,,988500.0,,,,618000.0,,,2765800.0,,7094100.0,,66359600.0,,57463600.0,,7713000.0,,1706700.0,,6170800.0,,7022930.0,,17517200.0,,653900.0,,7911100.0,,8258800.0,,7082300.0,,6501500.0,0,7882200.0,,4936500.0,,17236800.0,,,,10987500.0,,31150000.0,,,,,,3309500.0,0.0
2025-12-02,2686580.0,1084944.0,13649487.0,450595.0,618439.0,843149.0,400432.0,10143200.0,11460186.0,46497088.0,140246380.0,27161533.0,80744936.0,,8847555.0,3471900.0,,53669500.0,,3959500.0,,17797300.0,,9196800.0,,42002500.0,,45785400.0,,5200000.0,,2184900.0,,1426000.0,,8894200.0,,22207000.0,,6234600.0,,9878500.0,,,,15929200.0,,31627800.0,,60205300.0,,974500.0,,,,3378000.0,,,,,2749200.0,,,39539.0,2749500.0,,,,2282800.0,,,255513.0,4572600.0,,9059300.0,,,2160600.0,1378,16567100.0,,16853500.0,,7626200.0,,20221200.0,,25555700.0,,14619100.0,,,,6981600.0,,8548200.0,,10662600.0,,,,3355200.0,,3848400.0,,2012200.0,301352,5273200.0,,25706800.0,,4269400.0,,5690100.0,,901500.0,,366.0,2890800.0,,,4654400.0,,8105100.0,,35854700.0,,2254200.0,,,3965300.0,,1740.0,12076000.0,,,,25394800.0,,16830400.0,,,4261100.0,,167205800.0,,9464000.0,,83201700.0,,31918500.0,,7249000.0,,9533000.0,,19871300.0,,,1052000.0,,17400.0,,,,5794700.0,,3280000.0,,10711900.0,,,11640900.0,128341,,38231100.0,,19562700.0,,31285600.0,,18166200.0,,17366000.0,,3702000.0,,,,11332700.0,,25763000.0,,172375.0,19946600.0,,6550500.0,974,182632200.0,,11905200.0,,90636900.0,,19664500.0,,24.0,5874300.0,,,,603500.0,183701.0,0.0,35368000.0,,,10834100.0,,9159100.0,,,,54541800.0,,3445300.0,,34438900.0,,13390800.0,,,,,,392.0,,,,19434000.0,,6657900.0,5506.0,11095800.0,,6626600.0,,,,59744800.0,,3187100.0,,111736200.0,,121978.0,,,,62953800.0,,37882000.0,,773400.0,,,,334200.0,,,3721700.0,,4660000.0,,79504400.0,,69336600.0,,10746400.0,,1321300.0,,9438900.0,,7130860.0,,18930400.0,,346300.0,,9494600.0,,8150500.0,,8201900.0,,5304500.0,0,7657400.0,,17174900.0,,18711800.0,,,,22047200.0,,33305000.0,,,,,,3644900.0,0.0
2025-12-03,2586619.0,483994.0,14697927.0,598750.0,630018.0,847992.0,568024.0,14608630.0,11002158.0,29242095.0,107270957.0,36832752.0,39051180.0,,6450243.0,2817100.0,,43538700.0,,3082200.0,,7766100.0,,7999600.0,,28545200.0,,35495100.0,,3000700.0,,2152000.0,,2059500.0,,12026600.0,,21336400.0,,3014100.0,,6968000.0,,,,8390700.0,,38989800.0,,56861700.0,,622800.0,,,,3803200.0,,,,,3678200.0,,,40622.0,2545700.0,,,,3809100.0,,,260974.0,4085700.0,,9466700.0,,931.0,1886800.0,3260,21053700.0,,7506000.0,,13782000.0,,22315200.0,,19858800.0,,16088400.0,,,,5630700.0,,10177800.0,,11895700.0,,,,3288700.0,,5501500.0,,3276400.0,361303,4936000.0,,20630700.0,,3014200.0,,4496900.0,,2036200.0,,1897.0,2754500.0,,,4686200.0,,11079700.0,,41838300.0,,2347900.0,,,4166700.0,,1005.0,10875200.0,,,,25004500.0,,19079400.0,,,3953400.0,,91957200.0,,4613600.0,,60083200.0,,32846300.0,,8535300.0,,8104000.0,,17001700.0,,,902000.0,,27500.0,,,,3207400.0,,3447000.0,,9964300.0,,,11134300.0,101291,,52833700.0,,34615100.0,,26686100.0,,19188200.0,,18292000.0,,4278900.0,,,,11307500.0,,53593400.0,,186366.0,23289200.0,,4619500.0,5699,165138000.0,,11472500.0,,140917600.0,,19060500.0,,32.0,5489800.0,,,,960600.0,210887.0,0.0,30541600.0,,,24402800.0,,7624300.0,,,,47841600.0,,2706100.0,,31993600.0,,14385200.0,,,,,,264.0,,,,16253200.0,,4642700.0,3381.0,9868200.0,,12573700.0,,,,52091100.0,,3461300.0,,94299300.0,,107063.0,,,,57238500.0,,37473500.0,,597100.0,,,,285400.0,,,3339200.0,,5820900.0,,69844900.0,,87483000.0,,9599200.0,,849300.0,,9259300.0,,8257340.0,,21335800.0,,369200.0,,7091200.0,,6160900.0,,6296700.0,,5374500.0,0,6756400.0,,7234200.0,,24478300.0,,,,10792000.0,,30174000.0,,,,,,1989300.0,35.0
2025-12-04,2858305.0,1994134.0,11931145.0,549696.0,487370.0,1278823.0,1757147.0,11107430.0,15329748.0,29196862.0,186514763.0,26319447.0,49912883.0,,7839089.0,3492000.0,,43989100.0,,3592300.0,,3813700.0,,6348800.0,,24478200.0,,45683200.0,,4972000.0,,2390200.0,,1511800.0,,24714900.0,,15845900.0,,2634500.0,,6666300.0,,,,20119600.0,,33323600.0,,48483900.0,,599500.0,,,,3574800.0,,,,,3571900.0,,,32164.0,2313600.0,,,,2447300.0,,,264993.0,6568600.0,,6469200.0,,,3787800.0,31813,14235400.0,,5648000.0,,20912100.0,,9909200.0,,29382900.0,,12572600.0,,,,6857100.0,,11471400.0,,19130000.0,,,,2682000.0,,4692400.0,,1862800.0,288667,5304100.0,,34977200.0,,4045000.0,,10286000.0,,1129800.0,,616.0,3698500.0,,,8201900.0,,7195800.0,,31240900.0,,1670800.0,,,4022800.0,,1491.0,24755200.0,,,,20572100.0,,33710900.0,,,2962500.0,,107850200.0,,7075200.0,,37973700.0,,40245800.0,,9627800.0,,7032000.0,,17710000.0,,,922000.0,,33200.0,,,,4444500.0,,3854900.0,,8834700.0,,,29874600.0,337755,,23981800.0,,22318200.0,,16474400.0,,23513900.0,,21136000.0,,1299000.0,,,,11234100.0,,51779100.0,,209843.0,13079400.0,,5549000.0,3179,167364900.0,,18457100.0,,106884700.0,,23316900.0,,19.0,4164800.0,,,,622800.0,195258.0,0.0,29217800.0,,,15994300.0,,7245000.0,,,,47067800.0,,3493500.0,,39172100.0,,28366600.0,,,,,,335.0,,,,17205700.0,,3971800.0,4073.0,12166500.0,,25623500.0,,,,63446300.0,,2812800.0,,77656900.0,,86668.0,,,,61970300.0,,33360100.0,,518800.0,,,,189000.0,,,4260700.0,,4120700.0,,63958000.0,,71906500.0,,6753000.0,,1013900.0,,6724100.0,,9700380.0,,13145300.0,,750300.0,,23356200.0,,6654900.0,,6277500.0,,4962300.0,0,6303300.0,,9348800.0,,25905100.0,,,,10978100.0,,23799600.0,,,,,,1728700.0,0.0
2025-12-05,3204933.0,3892799.0,19755571.0,394859.0,575298.0,870118.0,2776901.0,14185180.0,14638391.0,29058269.0,274587981.0,28282591.0,44529788.0,,6511761.0,2879100.0,,47265800.0,,7650400.0,,4414100.0,,5373400.0,,33292400.0,,33117400.0,,3520400.0,,2445200.0,,1054400.0,,13620200.0,,24779900.0,,3221300.0,,6277100.0,,,,13499700.0,,38426300.0,,47048100.0,,534600.0,,,,3463700.0,,,,,2903400.0,,,26349.0,2177300.0,,,,2332300.0,,,255075.0,5181700.0,,7173500.0,,,2359800.0,2114,10474100.0,,5292200.0,,15852400.0,,10517600.0,,20076800.0,,12579400.0,,,,5001600.0,,10680100.0,,19389800.0,,,,3240000.0,,4186800.0,,2582300.0,303093,7104200.0,,135373800.0,,4751400.0,,7800400.0,,931500.0,,533.0,2348000.0,,,5340800.0,,5688200.0,,28851700.0,,2277500.0,,,5959200.0,,949.0,22174100.0,,,,23123000.0,,47409100.0,,,2344700.0,,103042000.0,,7761600.0,,28827200.0,,36956600.0,,6518900.0,,6819000.0,,13978200.0,,,1916000.0,,49400.0,,,,3542600.0,,2502100.0,,7834100.0,,,21207900.0,129811,,22219900.0,,22608700.0,,20750700.0,,21161000.0,,27882000.0,,1394100.0,,,,13041100.0,,133363600.0,,376679.0,17830400.0,,6473000.0,1253,143971100.0,,15325300.0,,82497100.0,,24208700.0,,29.0,4611800.0,,,,830000.0,186497.0,0.0,32079300.0,,,11152900.0,,8400100.0,,,,53614200.0,,6141300.0,,40574600.0,,14633100.0,,,,,,284.0,,,,19415300.0,,3619200.0,4294.0,8451300.0,,11696700.0,,,,138363300.0,,3012600.0,,77049800.0,,100052.0,,,,79241000.0,,38973900.0,,561500.0,,,,505600.0,,,2656000.0,,7085500.0,,73206000.0,,56427500.0,,10275300.0,,1362400.0,,6584600.0,,9429090.0,,11154600.0,,487300.0,,14110800.0,,7079200.0,,5266600.0,,7445800.0,0,5815300.0,,6147700.0,,23956400.0,,,,7524500.0,,22164400.0,,,,,,2254900.0,0.0
2025-12-06,,,,,,,,,,,,,,,,,,,,,,,,,,,,,,,,,,,,,,,,,,,,,,,,,,,,,,,,,,,,,,,,,,,,,,,,,,,,,653.0,,2657,,,,,,,,,,,,,,,,,,,,,,,,,,,,278387,,,,,,,,,,,,,,,,,,,,,,,,,,,,,,,,,,,,,,,,,,,,,,,,,,,,,,,,,,,,,,,,,,,40653,,,,,,,,,,,,,,,,,,,,,,,,1144,,,,,,,,,,,,,,,180073.0,,,,,,,,,,,,,,,,,,,,,,,,,,,,,,3200.0,,,,,,,,,,,,,,,,,,,,,,,,,,,,,,,,,,,,,,,,,,,,,,,,,,,,,,,0,,,,,,,,1619.0,,,,,,,,,,0.0
2025-12-07,,,,,,,,,,,,,,,,,,,,,,,,,,,,,,,,,,,,,,,,,,,,,,,,,,,,,,,,,,,,,,,,,,,,,,,,,,,,,,,1728,,,,,,,,,,,,,,,,,,,,,,,,,,,,261977,,,,,,,,,,,,,,,,,,,,,,,,,,,,,,,,,,,,,,,,,,,,,,,,,,,,,,,,,,,,,,,,,,,131453,,,,,,,,,,,,,,,,,,,,,,,,1476,,,,,,,,,,,,,,,188450.0,,,,,,,,,,,,,,,,,,,,,,,,,,,,,,4714.0,,,,,,,,,,,,,,,,,,,,,,,,,,,,,,,,,,,,,,,,,,,,,,,,,,,,,,,0,,,,,,,,248.0,,,,,,,,,,0.0
2025-12-08,4288433.0,1913789.0,15527762.0,347964.0,466382.0,779744.0,851551.0,12087290.0,13421327.0,20534664.0,242628730.0,40822440.0,31145522.0,,28051874.0,4119200.0,,38211800.0,,4293600.0,,8033300.0,,5338100.0,,30943200.0,,35019200.0,,3008400.0,,2168100.0,,1118800.0,,11465000.0,,30410600.0,,5217400.0,,7342000.0,,,,11757500.0,,37537900.0,,41072500.0,,450700.0,,,,7032200.0,,,,,2996000.0,,,38815.0,1822500.0,,,,3775000.0,,,263009.0,5857200.0,,5937000.0,,,2407900.0,991,10024600.0,,5847600.0,,10805400.0,,6642000.0,,39915900.0,,17454500.0,,,,3915400.0,,13727700.0,,12738200.0,,,,4339700.0,,3589600.0,,1579400.0,289225,4546400.0,,44006600.0,,13053400.0,,6257300.0,,739600.0,,318.0,2540100.0,,,6331900.0,,5318900.0,,33909400.0,,2238100.0,,,7273000.0,,621.0,9713100.0,,,,22593100.0,,26246100.0,,,3630200.0,,93953600.0,,4630400.0,,31025500.0,,29100000.0,,7417200.0,,8198000.0,,17775100.0,,,1192000.0,,28900.0,,,,3269700.0,,3088600.0,,10170500.0,,,13161000.0,65280,,40731000.0,,21965900.0,,16328100.0,,20495400.0,,15530000.0,,3453300.0,,,,8737800.0,,100906300.0,,301953.0,22783000.0,,7741000.0,2586,204378100.0,,14872500.0,,86527600.0,,24711200.0,,26.0,4425300.0,,,,1112900.0,167297.0,,30456700.0,,,12544000.0,,6690200.0,,,,43462400.0,,3685800.0,,41828700.0,,21748500.0,,,,,,518.0,,,,21290300.0,,4334300.0,8996.0,8710000.0,,6328900.0,,,,65462200.0,,3198800.0,,69225000.0,,96242.0,,,,55231500.0,,33707700.0,,550000.0,,,,570300.0,,,2100000.0,,6077900.0,,69700000.0,,69165800.0,,16643100.0,,1096100.0,,6427600.0,,8072410.0,,12646900.0,,286300.0,,10506700.0,,7999500.0,,6059400.0,,5556300.0,0,4272200.0,,6627700.0,,22700700.0,,,,9670300.0,,27891900.0,,,,,,2961700.0,0.0
2025-12-09,2391174.0,1229611.0,13671800.0,572729.0,497708.0,605092.0,691477.0,7769893.0,17431321.0,25274683.0,182989838.0,37129333.0,36058225.0,,23477284.0,5810000.0,,32193300.0,,4267700.0,,5018900.0,,4062600.0,,25166100.0,,25841700.0,,3938600.0,,2303400.0,,904700.0,,11159000.0,,24546000.0,,8760900.0,,6458100.0,,,,7040800.0,,36152000.0,,60351300.0,,715400.0,,,,4574000.0,,,,,6539600.0,,,32575.0,1755300.0,,,,3288500.0,,,260206.0,3995700.0,,7876600.0,,271.0,1899500.0,0,14570000.0,,4881600.0,,8045900.0,,8143200.0,,34362200.0,,15737500.0,,,,3464800.0,,8549400.0,,8545300.0,,,,3447000.0,,3387200.0,,2566500.0,283380,6039300.0,,40375500.0,,8715100.0,,5635400.0,,1273800.0,,660.0,3017500.0,,,7681600.0,,9159100.0,,30194000.0,,2274800.0,,,5063100.0,,440.0,12617600.0,,,,18948200.0,,31516600.0,,,2935300.0,,61877200.0,,3137600.0,,30778400.0,,30170100.0,,18049200.0,,7827000.0,,13010600.0,,,858000.0,,33800.0,,,,4494300.0,,2569700.0,,8127000.0,,,12997100.0,92553,,23037400.0,,14696100.0,,24269600.0,,17067100.0,,17770000.0,,1775700.0,,,,10060000.0,,51745600.0,,249501.0,17312100.0,,4894500.0,2343,144719700.0,,10247900.0,,83620400.0,,17643600.0,,0.0,3193500.0,,,,831700.0,170163.0,0.0,18937600.0,,,13214700.0,,7719100.0,,,,37156000.0,,2791600.0,,21450700.0,,17526200.0,,,,,,324.0,,,,17513000.0,,3173300.0,6455.0,6299000.0,,6129200.0,,,,57832100.0,,2901200.0,,56373300.0,,72764.0,,,,58310100.0,,28086600.0,,507900.0,,,,355400.0,,,1871400.0,,5342800.0,,48736000.0,,62367400.0,,11349100.0,,1356600.0,,3760400.0,,9232120.0,,17117500.0,,264000.0,,7773200.0,,6489100.0,,4325400.0,,6414700.0,0,3709900.0,,5979600.0,,24326700.0,,,,9640500.0,,20917400.0,,,,,,2536900.0,0.0
2025-12-10,3986083.0,1173271.0,12365092.0,781774.0,654772.0,794502.0,538045.0,7974892.0,14750743.0,20220199.0,113257196.0,30209433.0,51497713.0,,15345565.0,9850300.0,,33038300.0,,6789900.0,,2947500.0,,6244600.0,,23279400.0,,38790700.0,,3577800.0,,1765800.0,,1093600.0,,14564300.0,,31531000.0,,3002600.0,,10928600.0,,,,13918600.0,,40469800.0,,53350000.0,,493800.0,,,,4558800.0,,,,,5168200.0,,,45191.0,2797900.0,,,,3822200.0,,,256508.0,4188500.0,,6818600.0,,875.0,3318300.0,0,9329300.0,,9031600.0,,8894700.0,,9437200.0,,26553900.0,,21302700.0,,,,4576000.0,,11237900.0,,6702200.0,,,,4806600.0,,5887600.0,,3745600.0,322096,6052700.0,,29372200.0,,7171100.0,,3994300.0,,1370600.0,,692.0,11396400.0,,,11260900.0,,11543800.0,,33428900.0,,2394300.0,,,6316100.0,,948.0,16426400.0,,,,18232100.0,,40648800.0,,,3411500.0,,75974900.0,,4468800.0,,32084700.0,,51105200.0,,18874100.0,,7119000.0,,29789400.0,,,1150000.0,,39200.0,,,,5333100.0,,2966300.0,,9259600.0,,,16910900.0,158596,,22573600.0,,35756200.0,,22459000.0,,21960700.0,,19960000.0,,1661700.0,,,,10080700.0,,74129300.0,,271105.0,13769900.0,,8460500.0,97714,162785400.0,,16964800.0,,86853700.0,,47928000.0,,1.0,4715800.0,,,,786600.0,163201.0,0.0,59398000.0,,,19985100.0,,11100100.0,,,,55031400.0,,3816600.0,,48017200.0,,38839900.0,,,,,,462.0,,,,17615700.0,,5653300.0,4691.0,6090400.0,,9177800.0,,,,61267500.0,,4940500.0,,91153100.0,,101573.0,,,,85671300.0,,58536100.0,,685700.0,,,,507700.0,,,2057200.0,,8523100.0,,100261100.0,,63257500.0,,12429200.0,,1150000.0,,5268900.0,,11172010.0,,51202000.0,,508600.0,,10989700.0,,12377800.0,,5467500.0,,5301300.0,0,7966000.0,,5612300.0,,22859600.0,,,,9219200.0,,26255100.0,,,,,,2408600.0,0.0
2025-12-11,4021907.0,1465528.0,22994507.0,842236.0,1056918.0,1631660.0,785399.0,8650999.0,12480887.0,24385473.0,123140679.0,36353125.0,41406607.0,,8615247.0,11948600.0,,33248000.0,,10158700.0,,5541100.0,,7061200.0,,30694600.0,,28249600.0,,3575200.0,,4227500.0,,1403600.0,,14746400.0,,45681600.0,,4082500.0,,8171200.0,,,,9207700.0,,61120400.0,,41639200.0,,563500.0,,,,4493400.0,,,,,3921000.0,,,48635.0,2779500.0,,,,8607300.0,,,286808.0,5474400.0,,7969600.0,,,3041600.0,0,11154500.0,,7089000.0,,7783800.0,,8006000.0,,26922800.0,,18652300.0,,,,4933500.0,,13281400.0,,6535400.0,,,,3933900.0,,4377900.0,,6816200.0,373930,8052800.0,,27010500.0,,6157800.0,,7086100.0,,1267100.0,,528.0,4830900.0,,,8895200.0,,4645600.0,,42353700.0,,2683000.0,,,6609800.0,,990.0,10260300.0,,,,44624800.0,,31575300.0,,,2755700.0,,59096800.0,,3023200.0,,26514600.0,,41345200.0,,9721900.0,,9223000.0,,23124200.0,,,1294000.0,,30100.0,,,,3394000.0,,4517000.0,,10000000.0,,,13056700.0,91898,,16593500.0,,24669200.0,,19542400.0,,18867000.0,,18838000.0,,917400.0,,,,11896100.0,,43949000.0,,287859.0,25513500.0,,7037000.0,3506,182136600.0,,15601200.0,,66219100.0,,100612700.0,,1.0,5776100.0,,,,826400.0,168382.0,0.0,36843200.0,,,14023800.0,,6319200.0,,,,58272800.0,,4386000.0,,97129800.0,,31378800.0,,,,,,408.0,,,,23178900.0,,7499900.0,4041.0,7622500.0,,4932400.0,,,,42165600.0,,5588100.0,,88063000.0,,121221.0,,,,86173700.0,,45512400.0,,608000.0,,,,289300.0,,,2507100.0,,4673200.0,,99683900.0,,55979500.0,,15028400.0,,1478400.0,,4838000.0,,10510770.0,,23346300.0,,384600.0,,11862800.0,,10243800.0,,12953600.0,,11321100.0,0,7468900.0,,7502000.0,,21586600.0,,,,7018100.0,,25827200.0,,,,,,2951100.0,0.0
2025-12-12,2646148.0,827283.0,14210314.0,455596.0,485052.0,806690.0,481346.0,9123588.0,17825495.0,32330909.0,243323268.0,46878924.0,85213513.0,,7758872.0,5436500.0,,39532900.0,,5483900.0,,10324300.0,,6739300.0,,37073900.0,,35639100.0,,4171400.0,,3965900.0,,1623000.0,,19675400.0,,95588500.0,,3824600.0,,6708400.0,,,,16395400.0,,34622900.0,,51648900.0,,608700.0,,,,4113700.0,,,,,4843100.0,,,42931.0,4581100.0,,,,4664500.0,,,212806.0,7353000.0,,8180300.0,,1937.0,4808900.0,1918,13858000.0,,7997700.0,,6006600.0,,10710800.0,,35221400.0,,16672300.0,,,,9299000.0,,13059100.0,,11121200.0,,,,3896400.0,,6361700.0,,5731000.0,410169,10846800.0,,28693500.0,,6871300.0,,7057800.0,,738600.0,,1531.0,5225700.0,,,9693400.0,,5365900.0,,35940200.0,,2715200.0,,,3861200.0,,1213.0,10345200.0,,,,31553300.0,,49512900.0,,,2953400.0,,87784500.0,,3397600.0,,35607100.0,,57657700.0,,8982900.0,,11439000.0,,18444500.0,,,1726000.0,,43700.0,,,,6869100.0,,3275200.0,,11414800.0,,,14016900.0,72876,,21576300.0,,21248100.0,,14532100.0,,25936900.0,,34678000.0,,1114500.0,,,,14990600.0,,49323100.0,,199844.0,24819000.0,,7495000.0,1519,204274900.0,,12392800.0,,89059100.0,,55201600.0,,10.0,5352700.0,,,,813900.0,175916.0,0.0,42427400.0,,,15964000.0,,8865800.0,,,,75158700.0,,4932200.0,,103734200.0,,33545300.0,,,,,,435.0,,,,22435100.0,,12705900.0,5222.0,12083200.0,,3900700.0,,,,55003200.0,,4069900.0,,138088200.0,,177331.0,,,,113160300.0,,55697900.0,,828800.0,,,,351100.0,,,4163300.0,,6983000.0,,138448500.0,,95656700.0,,19306100.0,,1529900.0,,5980500.0,,12693490.0,,16211600.0,,547600.0,,9207300.0,,14623800.0,,6942300.0,,12512200.0,0,9677900.0,,6094800.0,,19092400.0,,,,7792700.0,,33161200.0,,,,,,2589000.0,0.0
2025-12-13,,,,,,,,,,,,,,,,,,,,,,,,,,,,,,,,,,,,,,,,,,,,,,,,,,,,,,,,,,,,,,,,,,,,,,,,,,,,,,,0,,,,,,,,,,,,,,,,,,,,,,,,,,,,395052,,,,,,,,,,,,,,,,,,,,,,,,,,,,,,,,,,,,,,,,,,,,,,,,,,,,,,,,,,,,,,,,,,,177041,,,,,,,,,,,,,,,,,,,,,,,,1364,,,,,,,,,,,,,,,197932.0,,,,,,,,,,,,,,,,,,,,,,,,,,,,,,3053.0,,,,,,,,,,,,,,,,,,,,,,,,,,,,,,,,,,,,,,,,,,,,,,,,,,,,,,,0,,,,,,,,,,,,,,,,,,0.0
2025-12-14,,,,,,,,,,,,,,,,,,,,,,,,,,,,,,,,,,,,,,,,,,,,,,,,,,,,,,,,,,,,,,,,,,,,,,,,,,,,,1335.0,,1281,,,,,,,,,,,,,,,,,,,,,,,,,,,,417511,,,,,,,,,,,,,,,,,,,,,,,,,,,,,,,,,,,,,,,,,,,,,,,,,,,,,,,,,,,,,,,,,,,159441,,,,,,,,,,,,,,,,,,,,,,,,63860,,,,,,,,,,,,,,,173187.0,,,,,,,,,,,,,,,,,,,,,,,,,,,,,,5292.0,,,,,,,,,,,,,,,,,,,,,,,,,,,,,,,,,,,,,,,,,,,,,,,,,,,,,,,0,,,,,,,,285.0,,,,,,,,,,23.0
2025-12-15,2482125.0,798990.0,20594654.0,454635.0,522965.0,543573.0,581279.0,11192490.0,15165502.0,36792404.0,132614562.0,30098736.0,38535431.0,,8958459.0,4421900.0,,50409100.0,,5480100.0,,5503000.0,,6406000.0,,27222200.0,,47286100.0,,3776100.0,,6924800.0,,1283400.0,,16392600.0,,65894900.0,,3936600.0,,11233100.0,,,,10991700.0,,60155600.0,,61583600.0,,671800.0,,,,5173900.0,,,,,4146700.0,,,42976.0,3968600.0,,,,2686500.0,,,229310.0,4507400.0,,10885700.0,,,4771400.0,778,15025000.0,,5586500.0,,10271800.0,,8739600.0,,31357600.0,,17646000.0,,,,5336200.0,,14318000.0,,8610600.0,,,,7246300.0,,4439300.0,,3611400.0,386375,5976400.0,,41301300.0,,11294100.0,,4325000.0,,773500.0,,854.0,3529600.0,,,6265800.0,,8010600.0,,29151900.0,,1976600.0,,,4387400.0,,1068.0,11294500.0,,,,28422000.0,,35706300.0,,,3566700.0,,60898500.0,,2119200.0,,47434800.0,,43120100.0,,10864100.0,,12584000.0,,18660100.0,,,982000.0,,78000.0,,,,4708500.0,,4648400.0,,10258800.0,,,15549100.0,171665,,11953300.0,,23727700.0,,25393400.0,,27483600.0,,21706000.0,,432300.0,,,,17138600.0,,40016500.0,,169239.0,18299400.0,,29629000.0,174287,164775600.0,,11354700.0,,100385800.0,,43897500.0,,1.0,6660300.0,,,,1024900.0,168095.0,1.0,32796100.0,,,18187500.0,,6954700.0,,,,49538200.0,,5415800.0,,64341000.0,,32932200.0,,,,,,387.0,,,,18470600.0,,5605800.0,4462.0,6265000.0,,5275700.0,,,,50190000.0,,3347300.0,,78218600.0,,148630.0,,,,90811000.0,,43859900.0,,821400.0,,,,369900.0,,,3223300.0,,4620900.0,,98696300.0,,114542200.0,,12082400.0,,1888600.0,,9037500.0,,11598920.0,,32070900.0,,284700.0,,9610100.0,,9583300.0,,7004600.0,,8861400.0,0,5781900.0,,9329700.0,,18713700.0,,,,7533000.0,,27521600.0,,,,,,2896800.0,0.0
2025-12-16,3287998.0,1264096.0,18852079.0,582349.0,1520556.0,627010.0,559341.0,12221020.0,15987678.0,21674866.0,145947185.0,27970237.0,32115324.0,,10824736.0,4068200.0,,37648600.0,,4118200.0,,3551000.0,,5859700.0,,23467600.0,,39298900.0,,3233200.0,,6198800.0,,956300.0,,10994200.0,,58061100.0,,5405800.0,,9051900.0,,,,18058600.0,,46566700.0,,40973200.0,,412300.0,,,,4376700.0,,,,,3734400.0,,,48212.0,2319400.0,,,,2727100.0,,,230933.0,4319600.0,,6907400.0,,,3843300.0,0,15029100.0,,4778400.0,,6145300.0,,7034800.0,,36004000.0,,17737200.0,,,,5365600.0,,15580200.0,,8935200.0,,,,4819000.0,,6205600.0,,5273200.0,762933,7742000.0,,65729100.0,,11953800.0,,6081400.0,,936300.0,,1796.0,3572200.0,,,4836100.0,,3922900.0,,30585000.0,,2161600.0,,,3497200.0,,798.0,10360000.0,,,,21011900.0,,33437500.0,,,3366900.0,,50490300.0,,1663200.0,,44868200.0,,43115300.0,,8331300.0,,7355000.0,,17370000.0,,,1410000.0,,290500.0,,,,4921000.0,,4024500.0,,8078600.0,,,14309100.0,2140524,,9483800.0,,20705600.0,,21181000.0,,22577300.0,,28818000.0,,282300.0,,,,13847800.0,,34265000.0,,155859.0,24121500.0,,16672500.0,6474,148588100.0,,14148500.0,,51608600.0,,32433500.0,,0.0,5757200.0,,,,1241500.0,179804.0,0.0,42070300.0,,,17316800.0,,7136000.0,,,,55152800.0,,4332200.0,,46207200.0,,22447400.0,,,,,,70.0,,,,20835800.0,,5849200.0,4820.0,6638400.0,,4793300.0,,,,44364700.0,,3381600.0,,94566700.0,,147475.0,,,,122030600.0,,48792800.0,,389400.0,,,,298700.0,,,3711500.0,,7093900.0,,105953700.0,,107608100.0,,11418400.0,,1526900.0,,5746900.0,,11133810.0,,24465100.0,,900000.0,,6274600.0,,11821700.0,,7269300.0,,7808700.0,0,5857000.0,,5500300.0,,19642300.0,,,,7972000.0,,49312400.0,,,,,,2600200.0,0.0
2025-12-17,2692626.0,686802.0,22297611.0,605403.0,769339.0,584198.0,668159.0,10160810.0,14824785.0,19026047.0,101356700.0,32357008.0,38155110.0,,9713728.0,3400800.0,,50138700.0,,4371600.0,,4513500.0,,7855400.0,,31595400.0,,44034400.0,,2997200.0,,8686600.0,,2140900.0,,12569100.0,,73300900.0,,4039100.0,,8271000.0,,,,18163600.0,,63466700.0,,55921700.0,,348400.0,,,,4128600.0,,,,,3770100.0,,,50078.0,3753300.0,,,,2365600.0,,,125608.0,4582800.0,,8429500.0,,,2363700.0,0,10977800.0,,4786900.0,,6269000.0,,9269200.0,,48237300.0,,26094400.0,,,,6125700.0,,12142500.0,,12125000.0,,,,5240300.0,,6592800.0,,5042100.0,693374,6435100.0,,47610200.0,,12879200.0,,4994300.0,,1322000.0,,2169.0,6770100.0,,,6778900.0,,6132200.0,,43930400.0,,2213300.0,,,3875200.0,,1289.0,11451500.0,,,,36270000.0,,31541800.0,,,3131000.0,,54792000.0,,2370400.0,,33031700.0,,38132400.0,,8718700.0,,9138000.0,,13672700.0,,,1612000.0,,49300.0,,,,4164200.0,,3726600.0,,12277800.0,,,15598500.0,10187637,,16662700.0,,24527200.0,,19144900.0,,41957100.0,,49374000.0,,1002000.0,,,,17064100.0,,50472800.0,,153559.0,17103000.0,,11774500.0,2005,222775500.0,,10340900.0,,59633100.0,,50222000.0,,29.0,5758300.0,,,,1169500.0,190944.0,0.0,50424700.0,,,16357800.0,,8501900.0,,,,70654300.0,,5721800.0,,32172700.0,,23761100.0,,,,,,233.0,,,,24797200.0,,10780400.0,2647.0,8232300.0,,2945100.0,,,,49987000.0,,5770800.0,,126113900.0,,198108.0,,,,110625200.0,,51019500.0,,536100.0,,,,251300.0,,,3577500.0,,4022000.0,,125606200.0,,106490400.0,,16823000.0,,1563900.0,,8865600.0,,13255300.0,,28007500.0,,563800.0,,7721300.0,,11122000.0,,7263500.0,,11959800.0,0,6693100.0,,5182700.0,,16177800.0,,,,7928000.0,,43375300.0,,,,,,2339000.0,107.0
2025-12-18,2959059.0,705877.0,20445631.0,322946.0,744015.0,588981.0,681180.0,14319120.0,10153604.0,15134025.0,128195819.0,24162887.0,22759882.0,,7209521.0,4536900.0,,51630700.0,,3352700.0,,3374700.0,,8741200.0,,29720100.0,,50272400.0,,3596900.0,,5194900.0,,1645400.0,,12951400.0,,54501900.0,,4450000.0,,6597400.0,,,,13400000.0,,48670700.0,,52809800.0,,858200.0,,,,3646700.0,,,,,4417500.0,,,31064.0,2193000.0,,,,3057100.0,,,85735.0,4707800.0,,9291500.0,,388.0,2467500.0,0,10406200.0,,5374200.0,,5654200.0,,7340400.0,,34161600.0,,19249400.0,,,,9344800.0,,12913900.0,,9399900.0,,,,3586100.0,,6214800.0,,3206600.0,437283,6517100.0,,41125200.0,,10521000.0,,4414400.0,,1057100.0,,705.0,4426500.0,,,5951600.0,,4589300.0,,33518000.0,,2066300.0,,,4805200.0,,860.0,11728300.0,,,,24274300.0,,23603100.0,,,5411700.0,,69468400.0,,2646400.0,,36087300.0,,39068000.0,,11444900.0,,10565000.0,,15524800.0,,,1714000.0,,19900.0,,,,3966400.0,,3848600.0,,14006400.0,,,20260300.0,820607,,12732100.0,,28573500.0,,17534700.0,,65006100.0,,71892000.0,,571800.0,,,,10345800.0,,37244700.0,,158058.0,19965600.0,,9644000.0,1247,176096000.0,,8303300.0,,67598900.0,,36297300.0,,32.0,7224300.0,,,,1053400.0,199218.0,0.0,40221500.0,,,23734500.0,,8967500.0,,,,78875800.0,,6060400.0,,67245400.0,,27939400.0,,,,,,118.0,,,,25658700.0,,8260200.0,5048.0,9924100.0,,4823200.0,,,,45162700.0,,4962000.0,,97164000.0,,178657.0,,,,108650100.0,,59184500.0,,326100.0,,,,243000.0,,,2754700.0,,6206300.0,,109222100.0,,95168400.0,,11260300.0,,1810300.0,,8546200.0,,12042680.0,,18681800.0,,546700.0,,7626700.0,,10864500.0,,6805000.0,,7773800.0,4,9147100.0,,3900600.0,,21476700.0,,,1865.0,7083800.0,,29920200.0,,,,,,2268400.0,0.0
2025-12-19,3440005.0,1210816.0,25917098.0,490969.0,1487738.0,523834.0,775883.0,9591822.0,17765762.0,21113784.0,108587118.0,22442914.0,50727640.0,,8283650.0,5123900.0,,144632000.0,,8706300.0,,9627000.0,,25749700.0,,58445500.0,,85544400.0,,7834000.0,,7854500.0,,2319600.0,,20293400.0,,159095200.0,,4158600.0,,9004200.0,,,,17699700.0,,44682300.0,,62526800.0,,2944700.0,,,,14652800.0,,,,,8941900.0,,,36104.0,5355600.0,,,,4528300.0,,,209264.0,4441000.0,,10613000.0,,,10097600.0,0,13856900.0,,9664800.0,,20732100.0,,18650800.0,,70583000.0,,84881900.0,,,,9715400.0,,21138400.0,,12671800.0,,,,12336500.0,,5596000.0,,2688600.0,325374,5738600.0,,45820000.0,,16005800.0,,6804100.0,,4952900.0,,1065.0,4489100.0,,,14214800.0,,7379300.0,,59943200.0,,4808300.0,,,12825600.0,,703.0,13764600.0,,,,27580900.0,,29907700.0,,,11031000.0,,163221300.0,,4018400.0,,30827100.0,,43610400.0,,24494400.0,,21561000.0,,36911100.0,,,1146000.0,,28600.0,,,,4410200.0,,5829100.0,,38469400.0,,,49977100.0,431077,,21722200.0,,70836100.0,,22062400.0,,62312100.0,,31978000.0,,553200.0,,,,17558700.0,,78990200.0,,145508.0,27945700.0,,25257500.0,3744,324925900.0,,10927100.0,,125776600.0,,77008600.0,,11.0,19050300.0,,,,1327600.0,179941.0,0.0,76929400.0,,,31927500.0,,25223500.0,,,,60369800.0,,5942900.0,,106165100.0,,52764800.0,,,,,,144.0,,,,39854100.0,,8838700.0,4885.0,10925000.0,,6288800.0,,,,43950600.0,,5702800.0,,92529100.0,,110813.0,,,,103599500.0,,32157600.0,,421000.0,,,,283100.0,,,7880500.0,,3406700.0,,72957800.0,,103305400.0,,12735800.0,,3905400.0,,19091700.0,,9765400.0,,34353300.0,,1146900.0,,23836200.0,,6814300.0,,18623900.0,,9716400.0,0,36269600.0,,9266600.0,,50043800.0,,,733.0,13016100.0,,31959600.0,,,,,,3242200.0,0.0
2025-12-20,,,,,,,,,,,,,,,,,,,,,,,,,,,,,,,,,,,,,,,,,,,,,,,,,,,,,,,,,,,,,,,,,,,,,,,,,,,,,,,0,,,,,,,,,,,,,,,,,,,,,,,,,,,,274304,,,,,,,,,,,,,,,,,,,,,,,,,,,,,,,,,,,,,,,,,,,,,,,,,,,,,,,,,,,,,,,,,,,244614,,,,,,,,,,,,,,,,,,,,,,,,13576,,,,,,,,,,,,,,,213762.0,,,,,,,,,,,,,,,,,,,,,,,,,,,,,,4947.0,,,,,,,,,,,,,,,,,,,,,,,,,,,,,,,,,,,,,,,,,,,,,,,,,,,,,,,0,,,,,,,,,,,,,,,,,,0.0
2025-12-21,,,,,,,,,,,,,,,,,,,,,,,,,,,,,,,,,,,,,,,,,,,,,,,,,,,,,,,,,,,,,,,,,,,,,,,,,,,,,,,0,,,,,,,,,,,,,,,,,,,,,,,,,,,,407685,,,,,,,,,,,,,,,,,,,,,,,,,,,,,,,,,,,,,,,,,,,,,,,,,,,,,,,,,,,,,,,,,,,611103,,,,,,,,,,,,,,,,,,,,,,,,88919,,,,,,,,,,,,,,,171966.0,,,,,,,,,,,,,,,,,,,,,,,,,,,,,,3936.0,,,,,,,,,,,,,,,,,,,,,,,,,,,,,,,,,,,,,,,,,,,,,,,,,,,,,,,0,,,,,,,,,,,,,,,,,,0.0
2025-12-22,2878464.0,676748.0,24859171.0,416568.0,610805.0,2469789.0,475361.0,10268720.0,13868060.0,12582187.0,165917014.0,39441167.0,31556484.0,,11694870.0,9773200.0,,36571800.0,,2960800.0,,4824700.0,,4182000.0,,24950700.0,,32261300.0,,3192600.0,,7754300.0,,703700.0,,18741400.0,,28739600.0,,3482400.0,,6779100.0,,,,8379800.0,,36220000.0,,41181900.0,,268000.0,,,,4070000.0,,,,,3689600.0,,,35138.0,2387700.0,,,,2811400.0,,,221576.0,3380000.0,,6233100.0,,,2373300.0,691,10721200.0,,5094100.0,,5664200.0,,9213200.0,,23984300.0,,18016100.0,,,,4852700.0,,8803300.0,,8612400.0,,,,4378100.0,,5963100.0,,3099400.0,414180,3610100.0,,29149000.0,,3763200.0,,4106800.0,,888000.0,,449.0,2694300.0,,,4301300.0,,6481100.0,,26429900.0,,1442300.0,,,3523700.0,,1789.0,12908200.0,,,,16977000.0,,18592700.0,,,2612100.0,,51685400.0,,3738400.0,,34981800.0,,40497300.0,,8354600.0,,6045000.0,,12828500.0,,,1146000.0,,54800.0,,,,3125500.0,,2625600.0,,11436100.0,,,15659400.0,300969,,9871000.0,,16963000.0,,19234500.0,,30961900.0,,25498000.0,,424500.0,,,,11303100.0,,39484800.0,,157602.0,25844500.0,,11120300.0,3059,129064400.0,,16059100.0,,69110000.0,,27148000.0,,13.0,4982500.0,,,,545000.0,179156.0,29.0,36686000.0,,,13976100.0,,6422100.0,,,,43703100.0,,4042000.0,,38448500.0,,48279600.0,,,,,,130.0,,,,21470400.0,,4799500.0,5246.0,8663400.0,,2789200.0,,,,36160700.0,,6448600.0,,62717400.0,,73727.0,,,,69556700.0,,25375600.0,,458000.0,,,,240100.0,,,2756500.0,,3396900.0,,64783100.0,,86916100.0,,6091100.0,,1084600.0,,5373100.0,,8914850.0,,20570400.0,,596700.0,,6935600.0,,5383700.0,,5043500.0,,5688100.0,3,8685200.0,,4535300.0,,21473900.0,,,,10518300.0,,23707400.0,,,,,,2303300.0,0.0
2025-12-23,2011188.0,699584.0,20419187.0,383556.0,689469.0,1486199.0,426912.0,10148620.0,15623392.0,60345906.0,127074303.0,23364201.0,21108052.0,,5944871.0,9343200.0,,29642000.0,,3052500.0,,2505700.0,,3791500.0,,20272300.0,,29230200.0,,2229400.0,,7045300.0,,543600.0,,18077400.0,,28232600.0,,1578900.0,,5373300.0,,,,5379300.0,,38245000.0,,35790500.0,,355600.0,,,,3680800.0,,,,,2518000.0,,,26231.0,1731000.0,,,,1802100.0,,,183633.0,2052300.0,,7004200.0,,,1903300.0,0,9394700.0,,3091900.0,,4745100.0,,8212000.0,,22239800.0,,16712600.0,,,,3494400.0,,7634500.0,,8374500.0,,,,2748200.0,,6126600.0,,2425300.0,294008,3815900.0,,29902900.0,,3089500.0,,4026600.0,,495300.0,,694.0,1997600.0,,,3397500.0,,4384500.0,,25478700.0,,1210200.0,,,3873400.0,,724.0,9523700.0,,,,16953500.0,,16269200.0,,,2923000.0,,35958000.0,,2016000.0,,22761100.0,,24973500.0,,6668300.0,,6007000.0,,9471000.0,,,1152000.0,,47600.0,,,,1627000.0,,2108600.0,,6483000.0,,,8486800.0,1318942,,12334100.0,,14683600.0,,15891200.0,,20767600.0,,20146000.0,,1361700.0,,,,8885700.0,,25896200.0,,126794.0,13205100.0,,12572500.0,1482,174873600.0,,67564800.0,,66186400.0,,18301600.0,,25.0,3371300.0,,,,509000.0,188517.0,0.0,24041000.0,,,12153600.0,,4690400.0,,,,41120400.0,,3487700.0,,38763700.0,,35673300.0,,,,,,40.0,,,,18146700.0,,3542100.0,5585.0,5305700.0,,3986800.0,,,,26377300.0,,5609300.0,,44455700.0,,58881.0,,,,64840000.0,,18866500.0,,495300.0,,,,409500.0,,,1344900.0,,5825200.0,,48197100.0,,58223600.0,,6802300.0,,648200.0,,3500300.0,,7116670.0,,10445500.0,,477700.0,,7646600.0,,4483100.0,,3703200.0,,3220400.0,0,3721100.0,,5437600.0,,20319900.0,,,,6775100.0,,19137500.0,,,,,,2149300.0,0.0
2025-12-24,2160697.0,1295368.0,12492939.0,280065.0,640875.0,1152048.0,288895.0,9325111.0,0.0,0.0,0.0,23509126.0,0.0,,0.0,2370000.0,,17910600.0,,1166500.0,,1280000.0,,1279500.0,,7956800.0,,11420500.0,,947400.0,,2160500.0,,229800.0,,26238200.0,,11424400.0,,1270100.0,,3274200.0,,,,1791900.0,,24081600.0,,21546700.0,,300000.0,,,,2000200.0,,,,,1432900.0,,,14966.0,947000.0,,,,833200.0,,,111762.0,1566300.0,,3869000.0,,,1822200.0,155,6401500.0,,1956400.0,,2076600.0,,2980400.0,,11922600.0,,9104400.0,,,,1756000.0,,4606700.0,,2796100.0,,,,1069500.0,,1767600.0,,1155700.0,476164,3461500.0,,4508100.0,,1243000.0,,1517800.0,,624000.0,,500.0,1110900.0,,,1666600.0,,1781000.0,,10097400.0,,771800.0,,,1368600.0,,1111.0,4922700.0,,,,7980700.0,,5180800.0,,,1210600.0,,37443800.0,,3301600.0,,10710700.0,,12103000.0,,4289300.0,,2103000.0,,4515300.0,,,1610000.0,,22700.0,,,,1522400.0,,932800.0,,2598900.0,,,5627500.0,273564,,5335300.0,,5855900.0,,7097600.0,,18592600.0,,20724000.0,,565800.0,,,,3338000.0,,12427900.0,,57070.0,7573700.0,,3896800.0,4089,65528500.0,,19300100.0,,26112000.0,,9282700.0,,0.0,1829300.0,,,,305200.0,174041.0,0.0,11710100.0,,,5491700.0,,1645300.0,,,,18468700.0,,982600.0,,10629600.0,,16720600.0,,,,,,35.0,,,,6805600.0,,1640500.0,5250.0,5642600.0,,1677400.0,,,,14424700.0,,1796300.0,,30717800.0,,26168.0,,,,39445600.0,,10762000.0,,200700.0,,,,245000.0,,,713100.0,,3238400.0,,25855000.0,,41285400.0,,2753900.0,,485800.0,,1266500.0,,4246290.0,,4310700.0,,173700.0,,3553300.0,,2140000.0,,2023600.0,,1335200.0,0,3067000.0,,2146500.0,,9009600.0,,,249.0,3303100.0,,11293900.0,,,,,,1036400.0,0.0
2025-12-25,,,,,,,,,,,,25938711.0,,,,,,,,,,,,,,,,,,,,,,,,,,,,,,,,,,,,,,,,,,,,,,,,,,,,,,,,,,,,,,,,,,,315,,,,,,,,,,,,,,,,,,,,,,,,,,,,211792,,,,,,,,,,,,,,,,,,,,,,,,,,,,,,,,,,,,,,,,,,,,,,,,,,,,,,,,,,,,,,,,,,,199806,,,,,,,,,,,,,,,,,,,,,,,,5455,,,,,,,,,,,,,,,188462.0,,,,,,,,,,,,,,,,,,,,,,,,,,,,,,5289.0,,,,,,,,,,,,,,,,,,,,,,,,,,,,,,,,,,,,,,,,,,,,,,,,,,,,,,,16,,,,,,,,,,,,,,,,,,0.0
2025-12-26,4243548.0,847245.0,34018174.0,615217.0,738058.0,3657878.0,368644.0,8018196.0,,,,21376184.0,,,,3825400.0,,21521800.0,,1455100.0,,2089500.0,,1836000.0,,15792600.0,,15994700.0,,1766900.0,,3054300.0,,363800.0,,19573200.0,,15028100.0,,2369600.0,,6037200.0,,,,3850800.0,,23735000.0,,32664000.0,,243100.0,,,,2247600.0,,,,,1403900.0,,,9687.0,954400.0,,,,946900.0,,,166669.0,1707600.0,,5925700.0,,,1324100.0,0,6140600.0,,2727500.0,,2456400.0,,4602800.0,,14073500.0,,10158000.0,,,,2733200.0,,5428900.0,,5487600.0,,,,1798000.0,,2340200.0,,738800.0,190902,5307900.0,,15965600.0,,1553000.0,,2538600.0,,470600.0,,263.0,1155300.0,,,2203200.0,,3820400.0,,10899000.0,,995300.0,,,1786900.0,,876.0,9909800.0,,,,12959100.0,,11203600.0,,,2814700.0,,28779400.0,,1624000.0,,20249600.0,,17429900.0,,4158300.0,,3374000.0,,5711400.0,,,1976000.0,,26200.0,,,,1585300.0,,1014600.0,,5238900.0,,,7133800.0,160238,,5001000.0,,8842200.0,,12298200.0,,17878500.0,,17860000.0,,258600.0,,,,6234600.0,,22068300.0,,46351.0,11728800.0,,5450500.0,3536,139740300.0,,13255600.0,,49157100.0,,11262000.0,,0.0,2527600.0,,,,436400.0,193364.0,0.0,26262000.0,,,7537800.0,,2442800.0,,,,28959800.0,,1904000.0,,20503000.0,,23157800.0,,,,,,140.0,,,,14262700.0,,2921300.0,6064.0,5553700.0,,1763700.0,,,,24735600.0,,2248300.0,,38006400.0,,41377.0,,,,41613300.0,,11011700.0,,384700.0,,,,229800.0,,,1247800.0,,4919300.0,,37244200.0,,58780700.0,,5125900.0,,920700.0,,3191100.0,,6580390.0,,6741600.0,,217700.0,,8069900.0,,3478600.0,,2017000.0,,2532800.0,0,3351600.0,,3395500.0,,9003800.0,,,,5653900.0,,17884500.0,,,,,,1188900.0,0.0
2025-12-27,,,,,,,,,,,,,,,,,,,,,,,,,,,,,,,,,,,,,,,,,,,,,,,,,,,,,,,,,,,,,,,,,,,,,,,,,,,,,,,773,,,,,,,,,,,,,,,,,,,,,,,,,,,,151027,,,,,,,,,,,,,,,,,,,,,,,,,,,,,,,,,,,,,,,,,,,,,,,,,,,,,,,,,,,,,,,,,,,66273,,,,,,,,,,,,,,,,,,,,,,,,4238,,,,,,,,,,,,,,,179511.0,,,,,,,,,,,,,,,,,,,,,,,,,,,,,,3974.0,,,,,,,,,,,,,,,,,,,,,,,,,,,,,,,,,,,,,,,,,,,,,,,,,,,,,,,0,,,,,,,,,,,,,,,,,,18.0
2025-12-28,,,,,,,,,,,,,,,,,,,,,,,,,,,,,,,,,,,,,,,,,,,,,,,,,,,,,,,,,,,,,,,,,,,,,,,,,,,,,410.0,,0,,,,,,,,,,,,,,,,,,,,,,,,,,,,188758,,,,,,,,,,,,,,,,,,,,,,,,,,,,,,,,,,,,,,,,,,,,,,,,,,,,,,,,,,,,,,,,,,,173494,,,,,,,,,,,,,,,,,,,,,,,,3536,,,,,,,,,,,,,,,165086.0,,,,,,,,,,,,,,,,,,,,,,,,,,,,,,2307.0,,,,,,,,,,,,,,,,,,,,,,,,,,,,,,,,,,,,,,,,,,,,,,,,,,,,,,,0,,,,,,,,,,,,,,,,,,0.0
2025-12-29,4176151.0,697450.0,19676004.0,376430.0,1067392.0,1959990.0,373276.0,12193580.0,18502650.0,22217367.0,195594721.0,24112583.0,56811243.0,,8784310.0,3743700.0,,23715200.0,,2794000.0,,1939500.0,,2601600.0,,20326900.0,,19797900.0,,3222400.0,,3347700.0,,424300.0,,14202000.0,,21946900.0,,7188800.0,,8900000.0,,,,7680800.0,,40065600.0,,28409700.0,,180600.0,,,,3056200.0,,,,,1508400.0,,,9170.0,2585700.0,,,,1755600.0,,,178590.0,2023200.0,,6362600.0,,,1792500.0,129,7400500.0,,2828700.0,,4300100.0,,5258400.0,,14033100.0,,17941800.0,,,,3112000.0,,7966000.0,,6926500.0,,,,4975200.0,,4629100.0,,1845200.0,350996,7582200.0,,16277500.0,,1994500.0,,2719200.0,,813500.0,,2044.0,2186100.0,,,2580400.0,,6005600.0,,19621800.0,,1578000.0,,,3790000.0,,2538.0,9225200.0,,,,15386400.0,,13836300.0,,,4664500.0,,38062300.0,,2241600.0,,22027500.0,,25218800.0,,8635300.0,,6415000.0,,9686900.0,,,2522000.0,,166600.0,,,,2965700.0,,1653000.0,,6663300.0,,,8506500.0,217817,,9677700.0,,10893400.0,,14073500.0,,26642900.0,,22108000.0,,511200.0,,,,8076100.0,,24493700.0,,163457.0,11980800.0,,7157700.0,2143,120006100.0,,16895900.0,,29712000.0,,14748100.0,,65.0,2660000.0,,,,527600.0,173104.0,13375.0,28242000.0,,,12910100.0,,3978400.0,,,,32458300.0,,3901200.0,,20707600.0,,18294100.0,,,,,,1608.0,,,,19595400.0,,4874400.0,4064.0,5706200.0,,2073000.0,,,,26021100.0,,2805400.0,,54612100.0,,72363.0,,,,62559500.0,,19643900.0,,527300.0,,,,121100.0,,,1717900.0,,4637200.0,,50635300.0,,66263000.0,,6205100.0,,1076200.0,,4163200.0,,6630190.0,,12072600.0,,287700.0,,6666100.0,,5015800.0,,3989900.0,,3075200.0,0,3906300.0,,4496700.0,,12979600.0,,,,7372200.0,,31352100.0,,,,,,1917000.0,25.0
2025-12-30,4094603.0,628188.0,19746349.0,351562.0,652269.0,1589454.0,418596.0,10982220.0,13582535.0,13797838.0,107157354.0,26114540.0,32946951.0,,16233916.0,2312500.0,,22139600.0,,2252600.0,,2401600.0,,2185100.0,,16409600.0,,21910500.0,,2249100.0,,3616900.0,,807300.0,,17385300.0,,16633600.0,,9330000.0,,6832300.0,,,,5043800.0,,51531200.0,,30681000.0,,255000.0,,,,2897100.0,,,,,1429400.0,,,30567.0,1216700.0,,,,1163000.0,,,143802.0,1259500.0,,5652100.0,,130.0,1680800.0,0,7561700.0,,2182700.0,,3291800.0,,4672400.0,,13291800.0,,13952200.0,,,,2754500.0,,6883900.0,,5855900.0,,,,3458400.0,,3748800.0,,2232500.0,635206,4291400.0,,20209400.0,,1614400.0,,2719000.0,,851400.0,,1837.0,1207000.0,,,2043900.0,,4569500.0,,17380900.0,,1833300.0,,,2392600.0,,3056.0,11262600.0,,,,16471600.0,,9611600.0,,,1883700.0,,61935300.0,,5348800.0,,19073000.0,,22123600.0,,7904300.0,,3843000.0,,8610900.0,,,1404000.0,,60500.0,,,,1610100.0,,1251500.0,,5670800.0,,,9187500.0,679947,,9583000.0,,13944500.0,,12740200.0,,23056400.0,,29378000.0,,536100.0,,,,5802300.0,,23422000.0,,136981.0,16917900.0,,5110600.0,7409,97687300.0,,11902500.0,,56951500.0,,14197400.0,,33.0,2847600.0,,,,705100.0,167552.0,1820.0,23336300.0,,,11277900.0,,3429300.0,,,,31226800.0,,2489800.0,,38607700.0,,30151700.0,,,,,,992.0,,,,21568200.0,,2927000.0,4573.0,6617000.0,,1593300.0,,,,28429400.0,,2437800.0,,40697400.0,,45782.0,,,,47160700.0,,16168500.0,,334800.0,,,,243200.0,,,1989400.0,,3552900.0,,38976800.0,,59238500.0,,6190600.0,,1073400.0,,3904600.0,,7202330.0,,9500700.0,,496400.0,,6886800.0,,4010000.0,,3366500.0,,3764300.0,0,6008000.0,,4041000.0,,11730600.0,,,,7879400.0,,18654700.0,,,,,,1732200.0,0.0
2025-12-31,,,,,,,,,0.0,0.0,0.0,22560412.0,0.0,,0.0,2744200.0,,27293600.0,,2116200.0,,2438500.0,,3025800.0,,17591600.0,,24383700.0,,1930000.0,,3455600.0,,561300.0,,10438000.0,,15346100.0,,5081900.0,,6116000.0,,,,5464700.0,,45757200.0,,33878400.0,,208400.0,,,,3105200.0,,,,,1843100.0,,,30919.0,1163900.0,,,,1170200.0,,,157160.0,2170000.0,,6678200.0,,,1490000.0,1337,5754000.0,,2521600.0,,3367900.0,,6644000.0,,18122800.0,,13570500.0,,,,2925700.0,,6608000.0,,6317600.0,,,,3103700.0,,4445000.0,,1774100.0,342402,4480900.0,,6526600.0,,2018200.0,,2041000.0,,519000.0,,785.0,1259900.0,,,3334000.0,,6422300.0,,16377700.0,,1221500.0,,,2317500.0,,1095.0,14117900.0,,,,15992200.0,,14245400.0,,,3430100.0,,51524700.0,,2079200.0,,20982400.0,,35352000.0,,5048500.0,,6080000.0,,8127800.0,,,3046000.0,,51300.0,,,,1595000.0,,1646700.0,,4935800.0,,,7940400.0,105735,,7234100.0,,15601600.0,,15918100.0,,17573800.0,,17310000.0,,410100.0,,,,7055900.0,,23495200.0,,132231.0,10509500.0,,5256100.0,3339,120100500.0,,10803900.0,,156334100.0,,10341500.0,,0.0,3253100.0,,,,976500.0,165759.0,640.0,22997400.0,,,13027300.0,,4682600.0,,,,40746500.0,,2149100.0,,21573800.0,,17594200.0,,,,,,343.0,,,,24845000.0,,2687300.0,3044.0,4180400.0,,2249300.0,,,,34070300.0,,2054900.0,,44754800.0,,51021.0,,,,74144800.0,,19400200.0,,580300.0,,,,286800.0,,,1193900.0,,6312300.0,,57199400.0,,49078000.0,,8175100.0,,808000.0,,3426900.0,,9340500.0,,8428400.0,,196900.0,,7623200.0,,5205300.0,,3503200.0,,2575500.0,0,3552200.0,,4294400.0,,11487400.0,,,,7327700.0,,16965900.0,,,,,,1651000.0,0.0
2026-01-01,,,,,,,,,,,,,,,,,,,,,,,,,,,,,,,,,,,,,,,,,,,,,,,,,,,,,,,,,,,,,,,,,,,,,,,,,,,,,129.0,,0,,,,,,,,,,,,,,,,,,,,,,,,,,,,490642,,,,,,,,,,,,,,,,,,,,,,,,,,,,,,,,,,,,,,,,,,,,,,,,,,,,,,,,,,,,,,,,,,,47102,,,,,,,,,,,,,,,,,,,,,,,,1916,,,,,,,,,,,,,,,163943.0,,,,,,,,,,,,,,,,,,,,,,,,,,,,,,6303.0,,,,,,,,,,,,,,,,,,,,,,,,,,,,,,,,,,,,,,,,,,,,,,,,,,,,,,,0,,,,,,,,,,,,,,,,,,0.0
2026-01-02,4181895.0,955205.0,30463279.0,714957.0,1362199.0,3357195.0,467181.0,10756090.0,16200058.0,17459733.0,61202300.0,,24476486.0,,4572569.0,4857600.0,,37838100.0,,5643500.0,,5658900.0,,7553200.0,,36446200.0,,51456200.0,,5611200.0,,6711800.0,,2697900.0,,19106700.0,,25398600.0,,10390400.0,,15778300.0,,,,11573700.0,,57156900.0,,58445100.0,,275300.0,,,,5876600.0,,,,,2921800.0,,,33381.0,2761600.0,,,,1985000.0,,,189503.0,3515100.0,,8760200.0,,,2373400.0,0,8382500.0,,5797600.0,,9680600.0,,13300000.0,,30050000.0,,15749800.0,,,,4959300.0,,8906200.0,,10158200.0,,,,3948700.0,,7874000.0,,2802800.0,459330,8772400.0,,19263600.0,,2661100.0,,6109700.0,,1054400.0,,589.0,2741800.0,,,4587000.0,,4551700.0,,32009400.0,,2817600.0,,,3763000.0,,1307.0,13320900.0,,,,25793500.0,,11238800.0,,,4662800.0,,95396400.0,,5408800.0,,30533300.0,,40007700.0,,8054000.0,,8321000.0,,12151300.0,,,3526000.0,,114200.0,,,,2819300.0,,2469100.0,,11957400.0,,,13726500.0,154115,,14987500.0,,25571600.0,,20185600.0,,42604300.0,,38334000.0,,728100.0,,,,9099500.0,,41155400.0,,133024.0,26556700.0,,9896600.0,28903,148240500.0,,12134100.0,,136003400.0,,14540700.0,,0.0,6909600.0,,,,1139000.0,181561.0,225.0,60634100.0,,,14693100.0,,6532200.0,,,,61859200.0,,3547100.0,,42740200.0,,31517600.0,,,,,,602.0,,,,30675100.0,,8972400.0,5280.0,11104300.0,,3464200.0,,,,55065600.0,,3030600.0,,132719700.0,,154190.0,,,,89377200.0,,37902400.0,,829700.0,,,,436100.0,,,3224100.0,,5102600.0,,107226600.0,,85535400.0,,18526900.0,,1317900.0,,6133600.0,,12609660.0,,13095100.0,,1058700.0,,11394900.0,,6229700.0,,5403800.0,,7348200.0,0,6808300.0,,6092400.0,,14306600.0,,,,8840800.0,,31935500.0,,,,,,2841400.0,0.0
2026-01-03,,,,,,,,,,,,,,,,,,,,,,,,,,,,,,,,,,,,,,,,,,,,,,,,,,,,,,,,,,,,,,,,,,,,,,,,,,,,,,,0,,,,,,,,,,,,,,,,,,,,,,,,,,,,305516,,,,,,,,,,,,,,,,,,,,,,,,,,,,,,,,,,,,,,,,,,,,,,,,,,,,,,,,,,,,,,,,,,,130439,,,,,,,,,,,,,,,,,,,,,,,,58521,,,,,,,,,,,,,,,195323.0,,,,,,,,,,,,,,,,,,,,,,,,,,,,,,4842.0,,,,,,,,,,,,,,,,,,,,,,,,,,,,,,,,,,,,,,,,,,,,,,,,,,,,,,,0,,,,,,,,,,,,,,,,,,0.0
2026-01-04,,,,,,,,,,,,,,,,,,,,,,,,,,,,,,,,,,,,,,,,,,,,,,,,,,,,,,,,,,,,,,,,,,,,,,,,,,,,,149.0,,0,,,,,,,,,,,,,,,,,,,,,,,,,,,,347923,,,,,,,,,,,,,,,,,,,,,,,,,,,,,,,,,,,,,,,,,,,,,,,,,,,,,,,,,,,,,,,,,,,121620,,,,,,,,,,,,,,,,,,,,,,,,1696,,,,,,,,,,,,,,,191921.0,,,,,,,,,,,,,,,,,,,,,,,,,,,,,,2020.0,,,,,,,,,,,,,,,,,,,,,,,,,,,,,,,,,,,,,,,,,,,,,,,,,,,,,,,0,,,,,,,,,,,,,,,,,,0.0
2026-01-05,4337511.0,1292161.0,42863376.0,650319.0,1011640.0,6479709.0,753679.0,14492680.0,19947025.0,135106867.0,159063197.0,30204157.0,40887247.0,,11365327.0,6609600.0,,45647200.0,,5012100.0,,7579600.0,,10398700.0,,31941100.0,,49733300.0,,3846900.0,,6859500.0,,3290600.0,,20610000.0,,31136000.0,,9076400.0,,14744000.0,,,,11384800.0,,60914000.0,,54163800.0,,414800.0,,,,5145300.0,,,,,3508100.0,,,45681.0,3444800.0,,,,3215900.0,,,301483.0,5235400.0,,13695300.0,,1320.0,2805600.0,14595,9112400.0,,8056400.0,,6421500.0,,10462800.0,,27206500.0,,16328800.0,,,,8471000.0,,12029000.0,,7683900.0,,,,5101500.0,,6465700.0,,5187700.0,350601,9523400.0,,31075300.0,,3389900.0,,3825900.0,,631800.0,,618.0,2446600.0,,,9762200.0,,7673700.0,,30195600.0,,3742000.0,,,4725300.0,,775.0,17344400.0,,,,26231000.0,,18144700.0,,,4190000.0,,96665400.0,,7000800.0,,47924800.0,,37428100.0,,10752600.0,,13199000.0,,21186600.0,,,3214000.0,,78500.0,,,,5787800.0,,4084800.0,,16268200.0,,,12213700.0,152822,,21328400.0,,25250300.0,,22859000.0,,34608600.0,,34818000.0,,902700.0,,,,10025600.0,,39183300.0,,228737.0,32654000.0,,9854900.0,46605,183529700.0,,30028700.0,,142435600.0,,22635500.0,,21.0,6582900.0,,,,1189600.0,191231.0,324.0,39511700.0,,,17115900.0,,8972200.0,,,,46828400.0,,3365200.0,,31071500.0,,33498600.0,,,,,,883.0,,,,38591800.0,,9071300.0,5673.0,9812600.0,,4986900.0,,,,73826300.0,,4253400.0,,94987500.0,,112771.0,,,,71927200.0,,32142800.0,,859400.0,,,,380500.0,,,4271600.0,,4772500.0,,77968000.0,,67940800.0,,17446300.0,,1108700.0,,6755000.0,,12441720.0,,24036800.0,,906100.0,,11796300.0,,5397600.0,,7592200.0,,5860200.0,0,9826700.0,,7422100.0,,19557600.0,,,,11833100.0,,94961000.0,,,,,,3064900.0,0.0
2026-01-06,4830275.0,3346949.0,45321341.0,641565.0,2462129.0,6073528.0,870410.0,17793210.0,24168431.0,54590686.0,196715183.0,33558327.0,47681423.0,,12626474.0,5061800.0,,52352100.0,,3187400.0,,8028800.0,,7237900.0,,40033200.0,,53764700.0,,4584400.0,,3290100.0,,1895800.0,,18215500.0,,27135500.0,,9566000.0,,12998100.0,,,,11218600.0,,56669900.0,,42062400.0,,383500.0,,,,4040000.0,,,,,3341400.0,,,48263.0,2706800.0,,,,3456200.0,,,292067.0,4647500.0,,8672500.0,,521.0,2742300.0,2404,7456700.0,,7360800.0,,6103300.0,,9360400.0,,25473300.0,,17017200.0,,,,6595600.0,,7388300.0,,10131400.0,,,,4648800.0,,9209100.0,,3825800.0,337121,9754800.0,,26944300.0,,2911500.0,,3733200.0,,970000.0,,459.0,2490800.0,,,6351500.0,,3405000.0,,31212100.0,,1966000.0,,,4680300.0,,1480.0,11836300.0,,,,20349800.0,,17048400.0,,,4147300.0,,66395100.0,,4069600.0,,38993600.0,,40677800.0,,7660800.0,,11414000.0,,21019900.0,,,3496000.0,,74100.0,,,,5619700.0,,2690700.0,,18787600.0,,,11074400.0,404803,,24322700.0,,23037700.0,,22627800.0,,48732400.0,,37212000.0,,2396400.0,,,,18739600.0,,43331000.0,,145165.0,23058700.0,,6428200.0,11212,176862600.0,,32942200.0,,92109800.0,,16474500.0,,0.0,5959300.0,,,,2394100.0,188841.0,258.0,34838600.0,,,11110800.0,,11033900.0,,,,43137500.0,,4159900.0,,34687800.0,,43669700.0,,,,,,580.0,,,,29127500.0,,10201200.0,5058.0,24249700.0,,5208600.0,,,,120271300.0,,5968300.0,,92678600.0,,166504.0,,,,69273800.0,,35013700.0,,516300.0,,,,363600.0,,,3377900.0,,5798700.0,,68915800.0,,89093800.0,,15599600.0,,922100.0,,13219400.0,,11161240.0,,27508700.0,,811000.0,,17567100.0,,5104200.0,,6775400.0,,7813700.0,0,17178400.0,,6798700.0,,20120800.0,,,,8364800.0,,69568200.0,,,,,,3186100.0,121.0
2026-01-07,5693115.0,7764177.0,46317413.0,699885.0,1886634.0,4801481.0,1018835.0,17669660.0,21378622.0,41694040.0,190926334.0,28001455.0,43863326.0,,9870050.0,3814400.0,,48309800.0,,3183100.0,,5045900.0,,6148400.0,,29715500.0,,42236500.0,,2934700.0,,5117600.0,,1351200.0,,24433800.0,,20249300.0,,12595300.0,,12613200.0,,,,15065600.0,,53548100.0,,39821700.0,,946000.0,,,,4445100.0,,,,,8699200.0,,,71788.0,3312400.0,,,,3220700.0,,,383128.0,3064300.0,,7488900.0,,,2680100.0,0,6610400.0,,9879300.0,,5976200.0,,15868400.0,,14413400.0,,20347400.0,,,,10343400.0,,8296300.0,,13272100.0,,,,4332100.0,,6011500.0,,3035400.0,317325,8365000.0,,17908500.0,,3400500.0,,4666200.0,,630500.0,,972.0,2601100.0,,,4069900.0,,10674100.0,,35104400.0,,2683300.0,,,4442700.0,,1055.0,10986400.0,,,,18916800.0,,23267100.0,,,2833300.0,,166028400.0,,15512000.0,,21816500.0,,33052000.0,,9815200.0,,9045000.0,,20223400.0,,,3076000.0,,256100.0,,,,4716300.0,,4652800.0,,15121000.0,,,12846300.0,2948386,,17230800.0,,25564200.0,,28406900.0,,32781100.0,,23710000.0,,1866300.0,,,,10185800.0,,36525700.0,,151941.0,52745400.0,,6195600.0,49667,153543200.0,,17538400.0,,70855300.0,,11171200.0,,0.0,7613600.0,,,,7020200.0,179233.0,126.0,45349000.0,,,18044300.0,,9853000.0,,,,44880300.0,,3002300.0,,42136800.0,,28603500.0,,,,,,2093.0,,,,22808200.0,,6058900.0,5390.0,14886100.0,,2916900.0,,,,43444900.0,,5518500.0,,65698500.0,,90600.0,,,,75588300.0,,35817500.0,,771400.0,,,,324700.0,,,2518400.0,,8126800.0,,65588300.0,,59828800.0,,11744800.0,,1192400.0,,8341300.0,,11315110.0,,25293400.0,,556600.0,,12573700.0,,5587600.0,,6333900.0,,5205600.0,0,14305000.0,,5015200.0,,23306000.0,,,,19350100.0,,42739200.0,,,,,,3074700.0,0.0
2026-01-08,6496379.0,3053301.0,41449329.0,1301057.0,1311262.0,5532705.0,767354.0,12739580.0,18742539.0,35450887.0,173278787.0,29196168.0,71725824.0,,7426756.0,8578800.0,,50419300.0,,3107700.0,,3936000.0,,5500700.0,,27505000.0,,39509800.0,,3029300.0,,4701000.0,,1682300.0,,14773600.0,,24385200.0,,14154300.0,,20981700.0,,,,25328600.0,,54677700.0,,39942400.0,,643300.0,,,,4807700.0,,,,,4314100.0,,,64136.0,2075400.0,,,,4574100.0,,,334134.0,5985000.0,,6897200.0,,16.0,5207200.0,555,5375000.0,,6231100.0,,5243500.0,,9822000.0,,20472200.0,,17192200.0,,,,11522100.0,,9778200.0,,12425000.0,,,,3454900.0,,5791200.0,,7019000.0,407199,7974600.0,,18826200.0,,4301200.0,,5537900.0,,886300.0,,2423.0,4310100.0,,,5137700.0,,4131800.0,,31896100.0,,1960800.0,,,5196500.0,,1385.0,15611100.0,,,,20102400.0,,27026500.0,,,3343300.0,,88242000.0,,7606400.0,,34060200.0,,37957000.0,,11737100.0,,9485000.0,,19237000.0,,,2264000.0,,302600.0,,,,5137300.0,,3156000.0,,13928600.0,,,11921700.0,9332029,,10695900.0,,18162600.0,,25159400.0,,33897700.0,,40148000.0,,656400.0,,,,12952000.0,,40068700.0,,193218.0,40584600.0,,7426100.0,2341,172457000.0,,17505600.0,,137379500.0,,19468500.0,,0.0,6451300.0,,,,2562600.0,178021.0,25.0,47304300.0,,,13105200.0,,8353500.0,,,,50435900.0,,3015200.0,,36672600.0,,29874200.0,,,,,,1447.0,,,,21598200.0,,5724000.0,4722.0,21404400.0,,4348700.0,,,,50496100.0,,3785900.0,,79844800.0,,140293.0,,,,64019200.0,,35295900.0,,811100.0,,,,156500.0,,,3141800.0,,4708300.0,,83760300.0,,57041100.0,,10850800.0,,1567800.0,,6857300.0,,12181250.0,,15499200.0,,433000.0,,7156500.0,,6546500.0,,6357600.0,,7684900.0,0,11902300.0,,6385000.0,,24058300.0,,,,14907800.0,,51451000.0,,,,,,2137800.0,0.0
2026-01-09,4343703.0,3104258.0,29520566.0,632342.0,918991.0,2622280.0,1547720.0,13826150.0,17813669.0,39815626.0,124268815.0,38572337.0,71605201.0,,7567110.0,5546300.0,,39997000.0,,3250100.0,,4093700.0,,9427600.0,,24217300.0,,34560000.0,,3553700.0,,5292900.0,,2394500.0,,24430300.0,,22482500.0,,18179400.0,,11437900.0,,,,15572900.0,,59797000.0,,37670300.0,,431600.0,,,,3432100.0,,,,,2846200.0,,,56568.0,1822000.0,,,,2772100.0,,,360309.0,5456500.0,,8104500.0,,,2895400.0,172,7686400.0,,7517300.0,,5174400.0,,9590000.0,,26303200.0,,19104100.0,,,,7001500.0,,8935200.0,,9605900.0,,,,3485900.0,,7885300.0,,3561000.0,173442,6512400.0,,20505900.0,,2761200.0,,4351600.0,,608500.0,,237.0,3105800.0,,,6113300.0,,5034900.0,,26214200.0,,1334100.0,,,7093500.0,,965.0,25399600.0,,,,18094800.0,,25301900.0,,,2718800.0,,186691400.0,,12831200.0,,41300400.0,,36301500.0,,6738100.0,,11024000.0,,19638600.0,,,2068000.0,,166300.0,,,,5914400.0,,2561900.0,,16758600.0,,,11634900.0,3903329,,13486300.0,,18491000.0,,27962600.0,,33387500.0,,27702000.0,,597000.0,,,,11735300.0,,55579500.0,,322218.0,30426300.0,,11845400.0,8990,131327500.0,,29064400.0,,114278000.0,,26152700.0,,0.0,5306500.0,,,,1356300.0,175893.0,3.0,31362900.0,,,15061500.0,,9662200.0,,,,49688700.0,,5542500.0,,32467400.0,,23780400.0,,,,,,254.0,,,,27159800.0,,6490800.0,4657.0,19353200.0,,4650000.0,,,,43777000.0,,5190700.0,,87214400.0,,132997.0,,,,80125500.0,,42801200.0,,1169100.0,,,,311200.0,,,2569900.0,,6643100.0,,78706300.0,,67331500.0,,12325100.0,,1013600.0,,6018300.0,,12591640.0,,15881500.0,,759200.0,,11013700.0,,6870000.0,,4902900.0,,5665300.0,0,9887700.0,,6142400.0,,21902900.0,,,,9956800.0,,38839900.0,,,,,,1926400.0,0.0
2026-01-10,,,,,,,,,,,,,,,,,,,,,,,,,,,,,,,,,,,,,,,,,,,,,,,,,,,,,,,,,,,,,,,,,,,,,,,,,,,,,,,0,,,,,,,,,,,,,,,,,,,,,,,,,,,,242910,,,,,,,,,,,,,,,,,,,,,,,,,,,,,,,,,,,,,,,,,,,,,,,,,,,,,,,,,,,,,,,,,,,443989,,,,,,,,,,,,,,,,,,,,,,,,3048,,,,,,,,,,,,,,,238971.0,,,,,,,,,,,,,,,,,,,,,,,,,,,,,,5399.0,,,,,,,,,,,,,,,,,,,,,,,,,,,,,,,,,,,,,,,,,,,,,,,,,,,,,,,0,,,,,,,,,,,,,,,,,,0.0
2026-01-11,,,,,,,,,,,,,,,,,,,,,,,,,,,,,,,,,,,,,,,,,,,,,,,,,,,,,,,,,,,,,,,,,,,,,,,,,,,,,,,23,,,,,,,,,,,,,,,,,,,,,,,,,,,,225163,,,,,,,,,,,,,,,,,,,,,,,,,,,,,,,,,,,,,,,,,,,,,,,,,,,,,,,,,,,,,,,,,,,217649,,,,,,,,,,,,,,,,,,,,,,,,3151,,,,,,,,,,,,,,,204691.0,,,,,,,,,,,,,,,,,,,,,,,,,,,,,,4897.0,,,,,,,,,,,,,,,,,,,,,,,,,,,,,,,,,,,,,,,,,,,,,,,,,,,,,,,0,,,,,,,,,,,,,,,,,,105.0
2026-01-12,3329793.0,3027809.0,26271134.0,768166.0,1328415.0,2436807.0,1165681.0,13454910.0,27530129.0,84959451.0,213876786.0,38360752.0,108743770.0,,12873597.0,3848700.0,,45263800.0,,3541400.0,,4439100.0,,6612800.0,,27287300.0,,35867800.0,,4375400.0,,4443100.0,,1488600.0,,13268900.0,,20949600.0,,9887300.0,,35379000.0,,,,12366800.0,,65129700.0,,33629500.0,,486800.0,,,,4209300.0,,,,,3142200.0,,,56900.0,1856800.0,,,,2240000.0,,,309700.0,5984600.0,,5957300.0,,2664.0,3246400.0,167,6863200.0,,4636500.0,,4927700.0,,7755600.0,,43610500.0,,20985700.0,,,,5203400.0,,10833800.0,,8440300.0,,,,3822300.0,,6171000.0,,3685100.0,192492,8059700.0,,17784400.0,,2772100.0,,5243200.0,,561800.0,,156.0,2828900.0,,,5583900.0,,3563700.0,,33923900.0,,2179600.0,,,5859800.0,,1078.0,25633800.0,,,,17111700.0,,14571600.0,,,3895200.0,,101989100.0,,5629600.0,,53225800.0,,28423400.0,,12805100.0,,8556000.0,,20582500.0,,,2276000.0,,333300.0,,,,5803900.0,,2380200.0,,10749100.0,,,14797200.0,375441,,10146600.0,,23519900.0,,16182000.0,,23152600.0,,16862000.0,,501300.0,,,,16033500.0,,36290600.0,,248893.0,24617700.0,,9900000.0,25779,137968500.0,,19311500.0,,121385400.0,,25428500.0,,0.0,4281400.0,,,,1015800.0,172958.0,21.0,34954500.0,,,19898900.0,,13657600.0,,,,37388700.0,,2595300.0,,29279100.0,,22125000.0,,,,,,575.0,,,,24840600.0,,5532000.0,4690.0,14603900.0,,3345000.0,,,,49134000.0,,3639500.0,,53193700.0,,73576.0,,,,63976000.0,,31377100.0,,1765300.0,,,,197500.0,,,2448100.0,,4758000.0,,59673900.0,,61649600.0,,12714800.0,,1177100.0,,6502600.0,,9197450.0,,12687800.0,,701100.0,,11991800.0,,4771900.0,,13281300.0,,4181100.0,6,7465400.0,,5858200.0,,49182100.0,,,,10175000.0,,28264400.0,,,,,,2466100.0,0.0
2026-01-13,3771944.0,5463622.0,22384699.0,658840.0,1671879.0,1392596.0,1125930.0,13474250.0,24212695.0,64443100.0,209118651.0,32055944.0,52013088.0,10433965.0,16968705.0,3169000.0,,45730800.0,,7217300.0,,4457100.0,,7146500.0,,56894900.0,,38371800.0,,3778600.0,,7749400.0,,1374200.0,,11662600.0,,18308000.0,,5273400.0,,18850400.0,,,,13052500.0,,55262600.0,,42165500.0,,490400.0,,,,4257600.0,,,,,3067100.0,,,80180.0,1959100.0,,,,1699200.0,,,411190.0,4541300.0,,9027000.0,,20869.0,2222100.0,2687,8436100.0,,4604700.0,,13661000.0,,10773200.0,,20414100.0,,17809900.0,,,,5641600.0,,8945700.0,,9140000.0,,,,4025800.0,,5177300.0,,4129100.0,155108,7995300.0,,19152800.0,,3099800.0,,4960200.0,,1096600.0,,239.0,2090200.0,,,4272300.0,,4121100.0,,33517600.0,,1969600.0,,,4785800.0,,1211.0,15262300.0,,,,20026100.0,,11503000.0,,,4507800.0,,168656400.0,,14418400.0,,42181900.0,,33882400.0,,19371200.0,,9966000.0,,18324800.0,,,2566000.0,,283000.0,,,,3834500.0,,2194200.0,,12737000.0,,,18030400.0,208450,,9133500.0,,28545800.0,,27656200.0,,23881300.0,,23200000.0,,862200.0,,,,10405200.0,,45221100.0,,187132.0,24621900.0,,12898300.0,1385,160128900.0,,16912900.0,,130778300.0,,15857400.0,,0.0,5419600.0,,,,937900.0,171718.0,74.0,27769400.0,,,15900500.0,,9993300.0,,,,44481400.0,,4516300.0,,24788400.0,,21759500.0,,,,,,341.0,,,,52519700.0,,5281600.0,3068.0,10818600.0,,8054400.0,,,,45562900.0,,6205300.0,,61895400.0,,125952.0,,,,78309700.0,,40141900.0,,1753700.0,,,,211300.0,,,2313900.0,,4199800.0,,88611000.0,,53719200.0,,11473600.0,,1158600.0,,4135000.0,,10967090.0,,14809300.0,,585700.0,,14604500.0,,8853900.0,,20383500.0,,3648000.0,0,6485600.0,,4592600.0,,31222100.0,,,,8421700.0,,50469200.0,,,,,,3368400.0,0.0
2026-01-14,4885051.0,2861932.0,18444394.0,440111.0,1574617.0,3285414.0,2215408.0,11019340.0,28677291.0,71249443.0,176626667.0,41732994.0,80092305.0,1715426.0,12673010.0,2088000.0,,40019400.0,,5712600.0,,3622800.0,,6545200.0,,40466500.0,,41410600.0,,8443400.0,,7570100.0,,1536500.0,,11702600.0,,30094700.0,,4113600.0,,17475100.0,,,,10651200.0,,66498400.0,,68448300.0,,531600.0,,,,5033700.0,,,,,2944300.0,,,96568.0,2105700.0,,,,1776700.0,,,410261.0,2882800.0,,10804500.0,,1783.0,2894900.0,1233,14373600.0,,4918400.0,,10149300.0,,15019600.0,,28378300.0,,17801300.0,,,,4788300.0,,8950900.0,,11100500.0,,,,3468000.0,,7046000.0,,4030200.0,401027,7408600.0,,29892700.0,,3613200.0,,4656800.0,,824100.0,,1313.0,2396200.0,,,4446000.0,,4112800.0,,28525600.0,,2513000.0,,,4959900.0,,1011.0,15132500.0,,,,17838700.0,,14093700.0,,,3779000.0,,148225800.0,,10384800.0,,38744000.0,,37164300.0,,25951500.0,,8965000.0,,16739100.0,,,2310000.0,,138000.0,,,,3665000.0,,1912600.0,,18187200.0,,,15527900.0,192310,,15295700.0,,28184300.0,,40257000.0,,20277200.0,,18544000.0,,1452000.0,,,,10468000.0,,49737700.0,,215332.0,34580700.0,,15646900.0,3235,159586100.0,,16344100.0,,83593700.0,,22473200.0,,0.0,5658100.0,,,,1088900.0,197338.0,7.0,33651400.0,,,16039900.0,,7959900.0,,,,72598700.0,,4829900.0,,53011100.0,,28346000.0,,,,,,470.0,,,,25019200.0,,6696500.0,547.0,10862500.0,,4780100.0,,,,40864200.0,,3814300.0,,70434900.0,,144947.0,,,,94676700.0,,50152000.0,,1970100.0,,,,276900.0,,,2423500.0,,4867300.0,,117421500.0,,57259500.0,,11210800.0,,1454700.0,,7988800.0,,12258950.0,,15510800.0,,1242900.0,,16068000.0,,12722900.0,,9388400.0,,3780800.0,0,5611900.0,,9395200.0,,32764000.0,,,,10927700.0,,80750200.0,,,,,,2213500.0,0.0
2026-01-15,3003414.0,2864894.0,24701126.0,450431.0,2397110.0,1266591.0,1123935.0,10321910.0,26194252.0,36872005.0,116208908.0,45903824.0,39093176.0,845665.0,9475158.0,5691200.0,,39388600.0,,4774300.0,,3906800.0,,11262800.0,,55270200.0,,43003600.0,,4158700.0,,5775800.0,,2858400.0,,17604500.0,,22218800.0,,7919400.0,,12607000.0,,,,10165700.0,,64250800.0,,46884200.0,,187600.0,,,,4165200.0,,,,,2436400.0,,,54944.0,2052800.0,,,,1747700.0,,,113642.0,7028800.0,,12098900.0,,,2185900.0,29838,16933700.0,,5677000.0,,11489600.0,,11340000.0,,40670400.0,,18213000.0,,,,6834000.0,,7958500.0,,12584000.0,,,,5346100.0,,5601600.0,,6585800.0,421962,9862200.0,,23720200.0,,4259300.0,,7091800.0,,488100.0,,4358.0,2394900.0,,,5501300.0,,4995400.0,,28442400.0,,3773700.0,,,2990100.0,,1068.0,13666300.0,,,,33323900.0,,14910500.0,,,4932500.0,,132328900.0,,9840800.0,,38235000.0,,33465200.0,,14751400.0,,16576000.0,,15464100.0,,,5636000.0,,367800.0,,,,3651700.0,,4183400.0,,15249800.0,,,13076100.0,117489,,16593500.0,,23225800.0,,21486500.0,,25370200.0,,22666000.0,,862200.0,,,,11190900.0,,36945100.0,,180723.0,50093600.0,,14582800.0,6511,206188600.0,,25752300.0,,96377300.0,,16418600.0,,28.0,6530300.0,,,,922400.0,220654.0,0.0,31109200.0,,,16405300.0,,9241600.0,,,,53934900.0,,10876300.0,,29245400.0,,24810300.0,,,,,,390.0,,,,33266300.0,,9948100.0,3550.0,14146600.0,,4919800.0,,,,47958300.0,,9476600.0,,89664300.0,,126994.0,,,,77862000.0,,41135500.0,,1179300.0,,,,223900.0,,,3459800.0,,3891100.0,,90483000.0,,49465800.0,,42188500.0,,1083900.0,,6942600.0,,10718110.0,,18892900.0,,1101500.0,,11331700.0,,7637200.0,,8587700.0,,4104000.0,0,7536200.0,,4666500.0,,34559400.0,,,,10400500.0,,49328800.0,,,,,,2354900.0,0.0
2026-01-16,3712326.0,2589883.0,30000219.0,609718.0,1898586.0,1282769.0,4653041.0,16458710.0,20616793.0,37472974.0,197999131.0,37272376.0,37523001.0,2842330.0,33074322.0,4257900.0,,72142800.0,,8534400.0,,5422800.0,,11399300.0,,42545600.0,,45888300.0,,8576800.0,,5291100.0,,2469100.0,,33680200.0,,31291200.0,,6544600.0,,18598300.0,,,,15929600.0,,51356300.0,,44329000.0,,329000.0,,,,4807400.0,,,,,4126600.0,,,35235.0,2554900.0,,,,2056200.0,,,113794.0,3592300.0,,7622400.0,,325.0,3862900.0,0,9931600.0,,4370800.0,,13902600.0,,13751600.0,,34781400.0,,25743300.0,,,,9023300.0,,12049600.0,,28029900.0,,,,4991900.0,,4181200.0,,2497200.0,321843,7804100.0,,23603300.0,,2549900.0,,6205300.0,,659300.0,,352.0,4986800.0,,,7146600.0,,3731500.0,,40341600.0,,3071600.0,,,3709000.0,,868.0,14591200.0,,,,30258500.0,,15541600.0,,,6199600.0,,127314700.0,,7507200.0,,53965900.0,,33844900.0,,14652500.0,,15317000.0,,20027500.0,,,2722000.0,,468900.0,,,,3780700.0,,3829000.0,,14392700.0,,,17012500.0,1623750,,15011200.0,,34246700.0,,19462500.0,,47901900.0,,46836000.0,,878400.0,,,,15674400.0,,48130500.0,,139667.0,27843000.0,,20052400.0,2627,187967200.0,,43377000.0,,168234800.0,,19224700.0,,5.0,7053100.0,,,,787300.0,180281.0,55.0,59483600.0,,,15116900.0,,11990800.0,,,,61058100.0,,5450400.0,,26925000.0,,36105300.0,,,,,,685.0,,,,79038200.0,,5485900.0,3834.0,15703000.0,,5250800.0,,,,40832300.0,,5238600.0,,58559500.0,,102135.0,,,,79289200.0,,34516400.0,,925800.0,,,,285200.0,,,2298000.0,,5376500.0,,75855900.0,,60220600.0,,18246100.0,,1718300.0,,6944800.0,,8666320.0,,20738900.0,,1796200.0,,9708300.0,,6791400.0,,8341600.0,,4502300.0,0,8972800.0,,5838800.0,,415144600.0,,,,9758200.0,,30796300.0,,,,,,2375600.0,0.0
2026-01-17,,,,,,,,,,,,,,,,,,,,,,,,,,,,,,,,,,,,,,,,,,,,,,,,,,,,,,,,,,,,,,,,,,,,,,,,,,,,,,,678,,,,,,,,,,,,,,,,,,,,,,,,,,,,349747,,,,,,,,,,,,,,,,,,,,,,,,,,,,,,,,,,,,,,,,,,,,,,,,,,,,,,,,,,,,,,,,,,,538329,,,,,,,,,,,,,,,,,,,,,,,,1710,,,,,,,,,,,,,,,173945.0,,,,,,,,,,,,,,,,,,,,,,,,,,,,,,4426.0,,,,,,,,,,,,,,,,,,,,,,,,,,,,,,,,,,,,,,,,,,,,,,,,,,,,,,,73,,,,,,,,,,,,,,,,,,72.0
2026-01-18,,,,,,,,,,,,,,,,,,,,,,,,,,,,,,,,,,,,,,,,,,,,,,,,,,,,,,,,,,,,,,,,,,,,,,,,,,,,,,,1130,,,,,,,,,,,,,,,,,,,,,,,,,,,,327565,,,,,,,,,,,,,,,,,,,,,,,,,,,,,,,,,,,,,,,,,,,,,,,,,,,,,,,,,,,,,,,,,,,150777,,,,,,,,,,,,,,,,,,,,,,,,3040,,,,,,,,,,,,,,,489884.0,,,,,,,,,,,,,,,,,,,,,,,,,,,,,,4938.0,,,,,,,,,,,,,,,,,,,,,,,,,,,,,,,,,,,,,,,,,,,,,,,,,,,,,,,0,,,,,,,,,,,,,,,,,,69.0
2026-01-19,3392008.0,5990850.0,22762497.0,454162.0,1689244.0,968084.0,3808484.0,12430230.0,13233330.0,24646651.0,182457077.0,22307862.0,37288820.0,2004668.0,15996345.0,,,,,,,,,,,,,,,,,,,,,,,,,,,,,,,,,,,,,,,,,,,,,,,,,,,,,,,,,,,,,,,,220,,,,,,,,,,,,,,,,,,,,,,,,,,,,459244,,,,,,,,,,,,,,,,,,,,,,,,,,,,,,,,,,,,,,,,,,,,,,,,,,,,,,,,,,,,,,,,,,,514109,,,,,,,,,,,,,,,,,,,,,,,,5215,,,,,,,,,,,,,,,193016.0,,,,,,,,,,,,,,,,,,,,,,,,,,,,,,2324.0,,,,,,,,,,,,,,,,,,,,,,,,,,,,,,,,,,,,,,,,,,,,,,,,,,,,,,,0,,,,,,,,,,,,,,,,,,0.0
2026-01-20,2762369.0,5235613.0,24059218.0,565656.0,1205903.0,974249.0,1913232.0,16270500.0,24332228.0,21277879.0,224571684.0,26290035.0,45401371.0,1755875.0,29986602.0,4089700.0,,80267500.0,,6962000.0,,5298300.0,,9387300.0,,44327700.0,,47737900.0,,9763600.0,,7318200.0,,2970800.0,,18437700.0,,32293900.0,,6868900.0,,9885000.0,,,,16605200.0,,53396600.0,,51116900.0,,353800.0,,,,5521500.0,,,,,4107700.0,,,78657.0,2659000.0,,,,2737900.0,,,499595.0,4305500.0,,9757900.0,,322.0,3209900.0,3776,12061500.0,,6083800.0,,13050800.0,,12926000.0,,26822500.0,,23999700.0,,,,11625700.0,,9818200.0,,17499200.0,,,,6154000.0,,9402500.0,,6277100.0,383501,8252000.0,,34469700.0,,4328600.0,,6874700.0,,932800.0,,175.0,3901900.0,,,4574600.0,,6826500.0,,35361000.0,,2629100.0,,,5353700.0,,772.0,16471800.0,,,,23515700.0,,26347300.0,,,7275500.0,,150153000.0,,8332800.0,,45490100.0,,47911500.0,,12900600.0,,17340000.0,,22152200.0,,,3474000.0,,124600.0,,,,5318000.0,,2484900.0,,11601700.0,,,15169600.0,2359712,,18688000.0,,26130000.0,,25666700.0,,49744900.0,,48752000.0,,1214700.0,,,,16768600.0,,109729700.0,,410520.0,38151900.0,,19712200.0,7782,223345300.0,,30424600.0,,150704200.0,,29129500.0,,28.0,7287900.0,,,,997000.0,191145.0,79.0,36708500.0,,,19744400.0,,11971400.0,,,,81988900.0,,3748000.0,,29808100.0,,29300900.0,,,,,,543.0,,,,39742100.0,,7158500.0,5407.0,17872400.0,,3766900.0,,,,37001100.0,,9451900.0,,71408300.0,,173649.0,,,,111623300.0,,48533000.0,,1696900.0,,,,1034700.0,,,2627800.0,,11728300.0,,129209100.0,,63187300.0,,22809900.0,,1350400.0,,9516600.0,,13060910.0,,19429300.0,,1636000.0,,22785800.0,,17095800.0,,8279900.0,,4690500.0,0,7125400.0,,5156400.0,,45334000.0,,,,10780000.0,,50178700.0,,,,,,2397900.0,0.0
2026-01-21,5108442.0,7830202.0,31703610.0,581814.0,1022540.0,1012880.0,2536425.0,16073530.0,16003431.0,34754820.0,266881560.0,25095900.0,38515912.0,2301482.0,12653014.0,3450300.0,,54641700.0,,5645300.0,,6687300.0,,7914000.0,,62385600.0,,47276100.0,,6676800.0,,13666000.0,,2387200.0,,25915500.0,,32006600.0,,7070500.0,,11713700.0,,,,12675400.0,,85113000.0,,51539700.0,,334900.0,,,,5730200.0,,,,,4156700.0,,,52906.0,2490700.0,,,,2884900.0,,,333062.0,5978400.0,,8476500.0,,,4073700.0,0,8343200.0,,9437800.0,,12616600.0,,10747200.0,,29676600.0,,18210200.0,,,,9162300.0,,10041400.0,,11483700.0,,,,4366800.0,,12139300.0,,4967000.0,469019,10876700.0,,51924400.0,,2877200.0,,4196000.0,,1016400.0,,1706.0,4022700.0,,,3861000.0,,8366900.0,,35386600.0,,2251300.0,,,5169800.0,,744.0,27909600.0,,,,20051300.0,,20480300.0,,,5185000.0,,220565300.0,,16241600.0,,62001200.0,,59952800.0,,10270100.0,,14999000.0,,21660600.0,,,3756000.0,,165500.0,,,,4969400.0,,3685900.0,,12454800.0,,,14494700.0,408229,,17134300.0,,37980500.0,,18440800.0,,56712800.0,,47030000.0,,1315800.0,,,,15470500.0,,127940700.0,,367003.0,25016200.0,,16119600.0,11913,200381000.0,,30601900.0,,148204900.0,,38190000.0,,5.0,6301000.0,,,,1371600.0,183329.0,6.0,47851200.0,,,15117000.0,,9181900.0,,,,79837900.0,,5204300.0,,23601500.0,,30538700.0,,,,,,231.0,,,,37885100.0,,8754600.0,4957.0,21365000.0,,2883700.0,,,,50248300.0,,5703100.0,,103027300.0,,193419.0,,,,127844500.0,,65272600.0,,1391200.0,,,,695600.0,,,3005500.0,,8601900.0,,150230100.0,,68124000.0,,16789800.0,,1267600.0,,7272000.0,,13341730.0,,21171900.0,,1461400.0,,24234500.0,,12163800.0,,8974600.0,,5587300.0,0,9447100.0,,5115500.0,,34811700.0,,,,8406000.0,,58996000.0,,,,,,2979600.0,0.0
2026-01-22,3545309.0,7176207.0,32073624.0,475584.0,1341056.0,1034728.0,1726668.0,17632700.0,27168713.0,30687098.0,134701337.0,40194425.0,34480371.0,2567043.0,21998753.0,4269100.0,,39708300.0,,4974500.0,,4011400.0,,6036100.0,,37945000.0,,31913300.0,,5650600.0,,14162100.0,,1844200.0,,19503100.0,,24275400.0,,6642900.0,,32031100.0,,,,8307200.0,,59308600.0,,32774400.0,,129700.0,,,,4054200.0,,,,,3269000.0,,,49453.0,1565700.0,,,,2095000.0,,,324349.0,4101300.0,,7088800.0,,,2074400.0,0,7345900.0,,7268000.0,,9483000.0,,6058800.0,,19946400.0,,12879800.0,,,,8372200.0,,12437700.0,,17973200.0,,,,4137400.0,,5129800.0,,4850100.0,380347,6094100.0,,60462900.0,,2975800.0,,5654800.0,,518300.0,,1175.0,2858800.0,,,5764100.0,,15763000.0,,26253600.0,,2468300.0,,,4828100.0,,981.0,14169200.0,,,,14834400.0,,14748500.0,,,3670200.0,,190066400.0,,15016800.0,,32969600.0,,35110800.0,,10535800.0,,10260000.0,,13962800.0,,,2524000.0,,123600.0,,,,4465600.0,,2478200.0,,11958600.0,,,21394700.0,311651,,12997600.0,,25349400.0,,11116000.0,,39607600.0,,47000000.0,,1270200.0,,,,10237100.0,,69113300.0,,310947.0,30657300.0,,12944200.0,2291,139636600.0,,20302000.0,,117527800.0,,21141900.0,,7.0,7018000.0,,,,1272800.0,184120.0,39.0,28499500.0,,,14540700.0,,7450300.0,,,,42254800.0,,2708200.0,,20350000.0,,30063000.0,,,,,,548.0,,,,29917800.0,,5462600.0,5148.0,20607500.0,,3539100.0,,,,35356300.0,,9550100.0,,62594200.0,,89883.0,,,,77112200.0,,42429200.0,,943800.0,,,,480500.0,,,2807300.0,,5547700.0,,90992300.0,,71546700.0,,12801000.0,,1625500.0,,7264000.0,,9221320.0,,19457200.0,,1326100.0,,30961600.0,,6410900.0,,6938700.0,,5508700.0,0,8926900.0,,4878500.0,,24547300.0,,,,9726200.0,,50869500.0,,,,,,3901000.0,0.0
2026-01-23,3508272.0,4774169.0,25407497.0,1221617.0,5042292.0,644666.0,1221871.0,14908170.0,19177660.0,37445685.0,178365582.0,39656041.0,37200891.0,1413782.0,33169806.0,2976200.0,,41689000.0,,4368700.0,,6106400.0,,6201000.0,,47525900.0,,33778500.0,,4835100.0,,6814500.0,,1556300.0,,11544700.0,,30259500.0,,4282700.0,,13064100.0,,,,7806600.0,,65932900.0,,28633800.0,,327200.0,,,,5436600.0,,,,,4132100.0,,,34015.0,2267800.0,,,,1806100.0,,,283419.0,2564900.0,,12975100.0,,2571.0,1680600.0,880,7506200.0,,4348200.0,,9408000.0,,7083200.0,,20375000.0,,13125500.0,,,,6342800.0,,10819800.0,,17140600.0,,,,3165200.0,,13051000.0,,14318500.0,337157,8550200.0,,48162600.0,,2015100.0,,3854600.0,,504800.0,,169.0,2009600.0,,,4246800.0,,10347500.0,,27280000.0,,3872600.0,,,3138300.0,,767.0,14237400.0,,,,17691100.0,,9391800.0,,,3298400.0,,294675400.0,,35724800.0,,56562200.0,,42636700.0,,11107900.0,,10102000.0,,18307100.0,,,3534000.0,,78900.0,,,,3469400.0,,2592900.0,,10156800.0,,,22797700.0,127835,,13924600.0,,38000200.0,,14879300.0,,35404200.0,,36538000.0,,1423500.0,,,,10064600.0,,64520400.0,,107108.0,33434000.0,,16605400.0,2014,142748100.0,,28013400.0,,79504300.0,,23011300.0,,16.0,5791000.0,,,,794500.0,188056.0,41.0,30285700.0,,,8758900.0,,7106700.0,,,,43645800.0,,2612800.0,,20442100.0,,24381000.0,,,,,,283.0,,,,34482400.0,,5869500.0,5324.0,21061100.0,,2905300.0,,,,34264200.0,,6203300.0,,58613600.0,,142960.0,,,,63059600.0,,40892600.0,,1178300.0,,,,400300.0,,,1830500.0,,7651400.0,,78066100.0,,56771400.0,,12904400.0,,1174900.0,,6691300.0,,9600650.0,,14703800.0,,1416500.0,,26609900.0,,7253000.0,,5667900.0,,3496300.0,0,6115700.0,,5176900.0,,20806900.0,,,,11376600.0,,51431200.0,,,,,,2653000.0,0.0
2026-01-24,,,,,,,,,,,,,,,,,,,,,,,,,,,,,,,,,,,,,,,,,,,,,,,,,,,,,,,,,,,,,,,,,,,,,,,,,,,,,1225.0,,0,,,,,,,,,,,,,,,,,,,,,,,,,,,,346510,,,,,,,,,,,,,,,,,,,,,,,,,,,,,,,,,,,,,,,,,,,,,,,,,,,,,,,,,,,,,,,,,,,140599,,,,,,,,,,,,,,,,,,,,,,,,2094,,,,,,,,,,,,,,,205756.0,,,,,,,,,,,,,,,,,,,,,,,,,,,,,,5290.0,,,,,,,,,,,,,,,,,,,,,,,,,,,,,,,,,,,,,,,,,,,,,,,,,,,,,,,0,,,,,,,,812.0,,,,,,,,,,0.0
2026-01-25,,,,,,,,,,,,,,,,,,,,,,,,,,,,,,,,,,,,,,,,,,,,,,,,,,,,,,,,,,,,,,,,,,,,,,,,,,,,,2729.0,,1746,,,,,,,,,,,,,,,,,,,,,,,,,,,,370186,,,,,,,,,,,,,,,,,,,,,,,,,,,,,,,,,,,,,,,,,,,,,,,,,,,,,,,,,,,,,,,,,,,382480,,,,,,,,,,,,,,,,,,,,,,,,6038,,,,,,,,,,,,,,,217306.0,,,,,,,,,,,,,,,,,,,,,,,,,,,,,,5779.0,,,,,,,,,,,,,,,,,,,,,,,,,,,,,,,,,,,,,,,,,,,,,,,,,,,,,,,0,,,,,,,,,,,,,,,,,,0.0
2026-01-26,3133330.0,3680159.0,20561689.0,698696.0,2706664.0,753397.0,1442337.0,14355830.0,17439619.0,33355337.0,156493519.0,26088115.0,31250095.0,917733.0,19084555.0,3243000.0,,55969200.0,,4115300.0,,4026900.0,,4777200.0,,30672500.0,,32825500.0,,5657000.0,,3716600.0,,2001300.0,,11810400.0,,25006400.0,,4835700.0,,10166100.0,,,,9099100.0,,62722000.0,,32814300.0,,373600.0,,,,5077200.0,,,,,4118800.0,,,25795.0,2532900.0,,,,1471500.0,,,281062.0,3097000.0,,7077500.0,,,2458700.0,0,7238000.0,,4894700.0,,7239600.0,,7828400.0,,49349000.0,,24714400.0,,,,6309400.0,,8859800.0,,15616400.0,,,,3909500.0,,12120800.0,,8628000.0,398403,5085800.0,,51719100.0,,2751000.0,,4526700.0,,591800.0,,180.0,2662100.0,,,5586200.0,,37432200.0,,26042100.0,,2655900.0,,,3984800.0,,720.0,12684500.0,,,,11501600.0,,10641900.0,,,3726900.0,,149407800.0,,15804000.0,,42447700.0,,32119300.0,,11752700.0,,12599000.0,,14017400.0,,,2752000.0,,72400.0,,,,2726800.0,,2244900.0,,10625600.0,,,16327400.0,272170,,12464600.0,,29291200.0,,14516500.0,,29193900.0,,28034000.0,,833400.0,,,,14675900.0,,40941900.0,,99498.0,34604700.0,,17489700.0,6826,124799600.0,,20108000.0,,79825500.0,,21100400.0,,24.0,5356700.0,,,,1015300.0,187678.0,18.0,22777200.0,,,9971400.0,,8004200.0,,,,35983000.0,,2621500.0,,17863800.0,,21659900.0,,,,,,537.0,,,,19400400.0,,4326900.0,2408.0,13435200.0,,3463800.0,,,,36320300.0,,5546100.0,,42592400.0,,113612.0,,,,60473800.0,,33951800.0,,1276800.0,,,,616700.0,,,2084300.0,,6225600.0,,58084300.0,,49397400.0,,8646400.0,,1204700.0,,9169300.0,,12179340.0,,16556400.0,,2482500.0,,122598300.0,,4765400.0,,7540200.0,,3020100.0,0,7128300.0,,8490200.0,,19552200.0,,,,6799300.0,,40122600.0,,,,,,10339500.0,0.0
2026-01-27,5660198.0,4492400.0,29423670.0,676611.0,4948006.0,1620819.0,1125191.0,13660430.0,23887447.0,19079456.0,113268822.0,38728671.0,27407450.0,1065609.0,11364023.0,3134000.0,,49648300.0,,4166300.0,,3385300.0,,8033000.0,,25691600.0,,38029200.0,,4658200.0,,4500600.0,,3473900.0,,10650700.0,,25537600.0,,7150200.0,,8931300.0,,,,13071900.0,,60475500.0,,31650900.0,,197700.0,,,,6314500.0,,,,,2952600.0,,,34327.0,1827500.0,,,,1971300.0,,,360208.0,4140200.0,,7465500.0,,1165.0,2077900.0,0,10213400.0,,4884200.0,,9838400.0,,11338000.0,,49218800.0,,17756700.0,,,,5058300.0,,8956900.0,,12058700.0,,,,2956900.0,,14767500.0,,7785000.0,386323,11017000.0,,58981000.0,,2584800.0,,5896700.0,,710400.0,,34.0,4714700.0,,,25446500.0,,16600900.0,,21636200.0,,2012500.0,,,3466100.0,,917.0,16634000.0,,,,18339500.0,,10058800.0,,,2954900.0,,121832200.0,,10781600.0,,55177900.0,,26975500.0,,11527400.0,,11742000.0,,13239200.0,,,3570000.0,,106700.0,,,,3618600.0,,2587900.0,,12005900.0,,,13297400.0,206377,,11307900.0,,29213900.0,,13962200.0,,36212100.0,,34756000.0,,816900.0,,,,11670900.0,,37790800.0,,77676.0,44784600.0,,11804200.0,14691,143711600.0,,13426500.0,,92724300.0,,27093700.0,,0.0,5540000.0,,,,1054600.0,190469.0,0.0,26542300.0,,,14240700.0,,8354600.0,,,,38997200.0,,7123100.0,,21218500.0,,17676500.0,,,,,,131.0,,,,20774600.0,,6145600.0,3534.0,14015600.0,,2855400.0,,4395200.0,,38768100.0,,6685000.0,,61155400.0,,117765.0,,,,55506100.0,,31578500.0,,1067800.0,,,,327000.0,,,2805200.0,,5310900.0,,51981200.0,,37733100.0,,11298100.0,,1173800.0,,10748800.0,,9472250.0,,19993700.0,,1794200.0,,49427400.0,,4608500.0,,6365800.0,,4390300.0,0,7483000.0,,7776400.0,,22968600.0,,,,6965800.0,,39840300.0,,,,,,5687400.0,0.0
2026-01-28,6708497.0,2514604.0,29456431.0,678513.0,2822531.0,2220792.0,1273383.0,13993660.0,25577066.0,42786278.0,149736767.0,32926375.0,39950423.0,1702343.0,22905576.0,11717700.0,,41288000.0,,3942800.0,,3801200.0,,8470000.0,,27061200.0,,40882700.0,,4767700.0,,7947400.0,,5036800.0,,18458200.0,,23001700.0,,3722200.0,,9001500.0,,,,12861800.0,,56285400.0,,34159000.0,,290600.0,,,,4563900.0,,,,,4658700.0,,,23555.0,2720700.0,,,,2073000.0,,,354864.0,4303500.0,,9046600.0,,39799.0,2474800.0,0,16300600.0,,5147000.0,,8465900.0,,9530000.0,,36455600.0,,14022900.0,,,,5300400.0,,9016600.0,,11391800.0,,,,2628400.0,,9157700.0,,4774900.0,369866,14622700.0,,62461200.0,,2663900.0,,6062600.0,,552700.0,,112054.0,5776300.0,,,18534400.0,,8514500.0,,27434400.0,,1674100.0,,,3371500.0,,1681.0,15053600.0,,,,22380200.0,,16653000.0,,,5790300.0,,201995100.0,,16969600.0,,44007300.0,,37139100.0,,9556700.0,,10915000.0,,14633700.0,,,5406000.0,,163900.0,,,,4356800.0,,3300200.0,,15630600.0,,,25709600.0,251081,,10311000.0,,36875400.0,,14082600.0,,42725700.0,,44554000.0,,611400.0,,,,11834100.0,,37762600.0,,235065.0,64275500.0,,21254100.0,4703,148552700.0,,16235900.0,,100928200.0,,35882700.0,,34.0,4159800.0,,,,922100.0,180679.0,243.0,44822800.0,,,19222700.0,,8539000.0,,,,50691700.0,,4372400.0,,19042100.0,,16263000.0,,,,,,1436.0,,,,24239900.0,,7641900.0,5048.0,16486300.0,,4807200.0,,25386400.0,,48776100.0,,7569300.0,,74205500.0,,168901.0,,,,61172200.0,,45293900.0,,1092400.0,,,,297800.0,,,3909300.0,,6147200.0,,76172100.0,,54857400.0,,12140100.0,,1554600.0,,19603400.0,,12406110.0,,19317300.0,,2736400.0,,37193200.0,,7369400.0,,8106000.0,,4935700.0,0,16090500.0,,6561000.0,,16342000.0,,,,8477500.0,,41890400.0,,,,,,4482600.0,0.0
2026-01-29,6837983.0,5431226.0,36087223.0,613112.0,2812259.0,7160116.0,1479925.0,21702200.0,22951530.0,42265026.0,181865895.0,24894040.0,27680308.0,816703.0,12933327.0,8572100.0,,67253000.0,,7410800.0,,4376600.0,,7350500.0,,31685200.0,,47229600.0,,5289400.0,,6154700.0,,2818900.0,,13282200.0,,20447500.0,,4061000.0,,12062500.0,,,,11850400.0,,87709500.0,,58389800.0,,490900.0,,,,5380500.0,,,,,8265500.0,,,26980.0,4441900.0,,,,2262400.0,,,560007.0,4535800.0,,14604300.0,,37917.0,1825000.0,153,16968100.0,,5588100.0,,18555600.0,,20921200.0,,30885900.0,,22642900.0,,,,6246400.0,,11079000.0,,15954000.0,,,,3562400.0,,13444000.0,,4493300.0,309558,13187000.0,,58265300.0,,4077600.0,,7098300.0,,955600.0,,23709.0,3491000.0,,,11681800.0,,7555100.0,,39785600.0,,2335400.0,,,4744500.0,,3804.0,22116300.0,,,,29463800.0,,15125000.0,,,10124900.0,,124256600.0,0.0,9528000.0,,49193900.0,,43922900.0,,11580000.0,,15064000.0,,20862100.0,,,7242000.0,,3209800.0,,,,4006600.0,,2293000.0,,16801600.0,,,59852900.0,623577,,13944900.0,,128855300.0,,34618500.0,,42675700.0,,65110000.0,,1071300.0,,,,13332200.0,,42278100.0,,234642.0,82216400.0,,55125100.0,8045,171764400.0,,15841900.0,,87794500.0,,37254500.0,,11.0,12925300.0,,,,814600.0,169737.0,91.0,59846800.0,0.0,,19463500.0,,9142900.0,,,,79944000.0,,3936200.0,,23475000.0,,15857300.0,,,,,,1261.0,,,,28135500.0,,9352500.0,4547.0,23010300.0,,7999600.0,,63664800.0,,67935300.0,,9212900.0,,78058200.0,,205194.0,,,,97486200.0,,77620900.0,,1929900.0,,,,501300.0,,,2695100.0,,8672200.0,,122642300.0,,81686100.0,,13844800.0,,1907100.0,,14120000.0,,15468650.0,,26857800.0,,2375300.0,,41577000.0,,10733300.0,,10214200.0,,5662000.0,0,15770500.0,,8751700.0,,16381100.0,,,,6083400.0,,77520700.0,,,,,,4077300.0,0.0
2026-01-30,7875195.0,3032673.0,40557267.0,711202.0,1819960.0,4364912.0,1139046.0,16021980.0,21479886.0,24698462.0,142212291.0,35759200.0,28956959.0,1049463.0,11374562.0,12001000.0,,92443400.0,,5713000.0,,4281200.0,,9814100.0,,40035700.0,,46585000.0,,12170500.0,,4950700.0,,2358800.0,,19691800.0,,28313000.0,,10870600.0,,10846100.0,,,,11489400.0,,58191400.0,,45469400.0,,590500.0,,,,5082200.0,,,,,3862600.0,,,85305.0,3300100.0,,,,3246900.0,,0.0,449325.0,7083200.0,,9635400.0,,10001.0,2396300.0,5,15737900.0,,6759200.0,,11090400.0,,10381600.0,,25314900.0,0.0,26458400.0,,,,10734700.0,,17895200.0,,26511100.0,,,,4401000.0,,7254100.0,,6749100.0,506497,15376500.0,,63815900.0,,3793300.0,,7341100.0,,1017500.0,,8374.0,3865700.0,,,13378700.0,,16706700.0,,31024000.0,,1893700.0,,,3755600.0,,1981.0,21908300.0,,,,23773100.0,,19367800.0,,,5940700.0,,114920100.0,0.0,8502400.0,,48061800.0,,59164200.0,0.0,11953200.0,,27881000.0,,26420500.0,,,5846000.0,,175600.0,,,,7098800.0,,3303100.0,,18352900.0,,,23744600.0,244711,,12581400.0,,58566800.0,,22768000.0,,51022900.0,,75352000.0,,789000.0,,,,18182300.0,,45755000.0,,351649.0,40681700.0,,28053900.0,1728,179489500.0,,12085800.0,,79362400.0,,27362400.0,,15.0,7628100.0,,,,761200.0,171335.0,34.0,47271000.0,0.0,,18607800.0,,9577200.0,,,,65650700.0,,4248200.0,,25350700.0,0.0,22707000.0,,,,,,841.0,,,,24089600.0,,9029000.0,4956.0,40932100.0,0.0,5753500.0,,91844000.0,,131667900.0,,10641400.0,,83504200.0,,208903.0,,,,101835100.0,,81551000.0,,1242000.0,,,,358700.0,,,3704500.0,,7317500.0,,110170700.0,,82626100.0,,12028100.0,,9097800.0,,9086800.0,,12903000.0,,24344100.0,,2303700.0,0.0,29838100.0,0.0,9137900.0,,11199100.0,,4502700.0,0,21695100.0,,9077600.0,,22215400.0,,,,10206300.0,,74039400.0,,,,,,3434800.0,0.0
2026-01-31,,,,,,,,,,,,,,,,,,,,,,,,,,,,,,,,,,,,,,,,,,,,,,,,,,,,,,,,,,,,,,,,,,,,,,,0.0,,,,,,6897.0,,5245,,,,,,,,,,0.0,,,,,,,,,,,,,,,,,,417960,,,,,,,,,,,,,,,,,,,,,,,,,,,,,,,,,,,,,,,0.0,,,,,,0.0,,,,,,,,,,,,,,,,,,,,,,12852165,,,,,,,,,,,,,,,,,,,,,,,,18468,,,,,,,,,,,,,,,181432.0,,,0.0,,,,,,,,,,,,,0.0,,,,,,,,,,,,,,4983.0,,0.0,,,,,,,,,,,,,,,,,,,,,,,,,,,,,,,,,,,,,,,,,,,,,0.0,,0.0,,,,,,0,,,,,,,,91.0,,,,,,,,,,278.0
2026-02-01,,,,,,,,,,,,,,,,,,,,,,,,,,,,,,,,,,,,,,,,,,,,,,,,,,,,,,,,,,,,,,,,,,,,,,,0.0,,,,,,6086.0,,622,,,,,,,,,,0.0,,,,,,,,,,,,,,,,,,329439,,,,,,,,,,,,,,,,,,,,,,,,,,,,,,,,,,,,,,,0.0,,,,,,0.0,,,,,,,,,,,,,,,,,,,,,,1472132,,,,,,,,,,,,,,,,,,,,,,,,19832,,,,,,,,,,,,,,,172014.0,,,0.0,,,,,,,,,,,,,0.0,,,,,,,,,,,,,,3267.0,,0.0,,,,,,,,,,,,,,,,,,,,,,,,,,,,,,,,,,,,,,,,,,,,,0.0,,0.0,,,,,,215,,,,,,,,,,,,,,,,,,59.0
2026-02-02,7634191.0,2652237.0,39748369.0,1476234.0,1862631.0,2807793.0,1073877.0,27331580.0,27926332.0,36958786.0,184610777.0,55998048.0,54620063.0,1286021.0,13139114.0,8889400.0,,73913400.0,,4357000.0,,3132600.0,,7409600.0,,36308100.0,,37546100.0,,6043700.0,,5001100.0,,1766600.0,,12921800.0,,17278200.0,,9206500.0,,6551800.0,,,,9204700.0,,80939600.0,,54839800.0,,327300.0,,,,5064600.0,,,,,4411300.0,,,80104.0,4450000.0,,,,2534000.0,,0.0,414083.0,5212000.0,,12288700.0,,10415.0,2451300.0,622,14468200.0,,5572900.0,,7950900.0,,8294800.0,,19489100.0,0.0,28238600.0,,,,8019700.0,,37778500.0,,17359500.0,,,,3669600.0,,7060300.0,,4015200.0,423764,15395900.0,,31607200.0,,3298300.0,,5818900.0,,1498000.0,,3588.0,4074400.0,,,11926300.0,,24507600.0,,32006100.0,,1802000.0,,,4757200.0,,1104.0,13612500.0,,,,59741800.0,,16061700.0,,,4581200.0,,101414600.0,0.0,10312000.0,,40905300.0,,42896200.0,0.0,9839400.0,,16038000.0,,19301500.0,,,7428000.0,,172300.0,,,,5799100.0,,2757100.0,,13299300.0,,,14365200.0,1129577,,14513000.0,,42219900.0,,27171500.0,,37771200.0,,56796000.0,,1010400.0,,,,10501300.0,,41445300.0,,554857.0,28776200.0,,18889100.0,4394,165794100.0,,16647900.0,,92683800.0,,47421000.0,,40.0,4978100.0,,,,698000.0,,160.0,72811100.0,0.0,,27452900.0,,9099100.0,,,,49020300.0,,5887600.0,,19269300.0,0.0,18337000.0,,,,,,388.0,,,,26817000.0,,5946300.0,,28765800.0,0.0,4746800.0,,84873600.0,,64063800.0,,7134200.0,,66961000.0,,195642.0,,,,79286500.0,,46862600.0,,1375600.0,,,,466800.0,,,6576500.0,,8342000.0,,74665800.0,,58739500.0,,12459100.0,,4345800.0,,11194900.0,,11548630.0,,18434500.0,,1437900.0,0.0,48633500.0,0.0,8572700.0,,8502400.0,,4112100.0,215,16019300.0,,9233200.0,,31210100.0,,,,5748400.0,,61479900.0,,,,,,4326200.0,
2026-02-03,5272538.0,2275995.0,36529813.0,1354513.0,1894227.0,1841243.0,1037039.0,15709260.0,65128647.0,69863157.0,141720849.0,42918019.0,50436330.0,961524.0,13637250.0,5659400.0,,64394700.0,,8324900.0,,5290000.0,,10697000.0,,53097100.0,,53831300.0,,7127700.0,,7058000.0,,2205100.0,,15625100.0,,36914800.0,,5137900.0,,10066600.0,,,,13742700.0,,104882100.0,,47026200.0,,508200.0,,,,6641200.0,,,,,12011000.0,,,83736.0,3524700.0,,,,3186600.0,,0.0,381144.0,6938800.0,,12610300.0,,,2960700.0,2041,16819300.0,,10940600.0,,20194200.0,,15339600.0,,25101400.0,0.0,34962100.0,,,,8764600.0,,24827100.0,,16586600.0,,,,4267400.0,,12779800.0,,4651800.0,381470,12727800.0,,68252400.0,,6518800.0,,5705400.0,,1564500.0,,1213.0,3856200.0,,,11596900.0,,15876400.0,,36506700.0,,2321900.0,,,5684400.0,,699.0,21365600.0,,,,36550000.0,,20537400.0,,,11466500.0,,122205100.0,0.0,7083200.0,,36286500.0,,54588000.0,0.0,12688000.0,,20559000.0,,27007100.0,,,6074000.0,,154600.0,,,,8109400.0,,5483900.0,,13500400.0,,,13760700.0,430135,,22563900.0,,61424100.0,,26169000.0,,42763300.0,,52542000.0,,1750800.0,,,,9743100.0,,49789000.0,,238550.0,34317800.0,,34729600.0,19796,204019600.0,,69933200.0,,102072700.0,,43260100.0,,0.0,9945900.0,,,,3560100.0,178052.0,20.0,113169200.0,0.0,,141690600.0,,11966400.0,,,,81234000.0,,6876700.0,,25673300.0,0.0,19000600.0,,,,,,840.0,,,,42513900.0,,12188600.0,4888.0,31213200.0,0.0,13814000.0,,81530400.0,,92380200.0,,7780300.0,,101338500.0,,260699.0,,,,107904600.0,,56719700.0,,1510400.0,,,,247700.0,,,11795000.0,,5876600.0,,129992200.0,,56886500.0,,12540000.0,,5266500.0,,15207600.0,,11719970.0,,29490800.0,,1371500.0,0.0,51895800.0,0.0,13430100.0,,9081200.0,,4433000.0,0,15378400.0,,8030800.0,,32018700.0,,,371.0,8920200.0,,83754100.0,,,,,,4900400.0,133.0
2026-02-04,3800763.0,1706630.0,29943042.0,735734.0,1700411.0,1487504.0,1383130.0,19180980.0,60374834.0,33102956.0,181137056.0,52721001.0,53329150.0,671212.0,14174227.0,7206200.0,,90545700.0,,8554200.0,,5743600.0,,14719400.0,,107173300.0,,51299900.0,,15434600.0,,12213700.0,,2479400.0,,20039900.0,,43330300.0,,7046400.0,,11851400.0,,,,17407800.0,,67491300.0,,55408000.0,,415100.0,,,,10591700.0,,,,,9627700.0,,,98236.0,7146700.0,,,,5577100.0,,0.0,446588.0,13363100.0,,16627600.0,,9147.0,2631500.0,826,14496000.0,,14406000.0,,23010000.0,,18932000.0,,26247800.0,0.0,39765700.0,,,,10914500.0,,19070400.0,,15474400.0,,,,12644400.0,,11696700.0,,8695400.0,350476,21545500.0,,59490500.0,,10057600.0,,10331600.0,,1319300.0,,3886.0,5058000.0,,,12468300.0,,9779700.0,,70618400.0,,3561900.0,,,5574700.0,,831.0,31676000.0,,,,62547900.0,,29903000.0,,,8708000.0,,128702300.0,0.0,8650400.0,,66531600.0,,48826500.0,0.0,9848800.0,,15838000.0,,28607300.0,,,6998000.0,,71400.0,,,,12144900.0,,7119400.0,,19608000.0,,,16882800.0,128135,,17506200.0,,45012400.0,,25775600.0,,58074900.0,,71662000.0,,731400.0,,,,15962800.0,,48963200.0,,194662.0,46800100.0,,36718100.0,13305,207014100.0,,46859700.0,,125055500.0,,42323400.0,,0.0,10470800.0,,,,2840300.0,159983.0,85.0,113199500.0,0.0,,58018000.0,,19249300.0,,,,81850700.0,,9451400.0,,23370800.0,0.0,26237400.0,,,,,,158.0,,,,115558200.0,,16908500.0,2566.0,29007600.0,0.0,17295400.0,,98302400.0,,85930900.0,,12618500.0,,139149400.0,,357774.0,,,,105204600.0,,81393000.0,,1728400.0,,,,186200.0,,,7187400.0,,7582500.0,,142536200.0,,74606900.0,,18176000.0,,5743300.0,,14542500.0,,11752110.0,,63045000.0,,1647600.0,0.0,34313800.0,0.0,15310400.0,,8472300.0,,8287200.0,0,14795800.0,,10469100.0,,27531800.0,,,,12029000.0,,78149900.0,,,,,,5611900.0,0.0
2026-02-05,5473720.0,1653286.0,38435228.0,587435.0,1551427.0,1211016.0,824988.0,23642880.0,79306977.0,36182435.0,203360331.0,31867515.0,39784843.0,597103.0,21758823.0,3848700.0,,52977400.0,,6293600.0,,4476900.0,,8514300.0,,62196400.0,,103509200.0,,8725500.0,,24625000.0,,1790200.0,,16389300.0,,42775800.0,,7147900.0,,10936700.0,,,,14082300.0,,104282900.0,,75287200.0,,525800.0,,,,5033900.0,,,,,12941400.0,,,65248.0,2792800.0,,,,3316200.0,,0.0,389763.0,12867100.0,,29610500.0,,36334.0,2988800.0,1127,15489000.0,,8225300.0,,21956300.0,,24212800.0,,23637700.0,0.0,24236500.0,,,,9298400.0,,11859500.0,,15607300.0,,,,6998200.0,,9245200.0,,6533500.0,382486,16250400.0,,39207300.0,,6506100.0,,19885200.0,,1770500.0,,793.0,3608600.0,,,9929700.0,,10155500.0,,88205800.0,,3214300.0,,,3759700.0,,884.0,71253500.0,,,,56483100.0,,23404300.0,,,5532800.0,,114307800.0,0.0,13107200.0,,71587100.0,,48279600.0,0.0,9388000.0,,13017000.0,,21633500.0,,,4704000.0,,4388000.0,,,,8673000.0,,7742400.0,,10928900.0,,,17131800.0,409091,,19202000.0,,66289200.0,,60129700.0,,38899500.0,,50604000.0,,1040700.0,,,,17441100.0,,54805700.0,,202389.0,24095600.0,,36178800.0,830368,206312900.0,,54446100.0,,100976900.0,,42789000.0,,0.0,12780500.0,,,,1238600.0,205172.0,42.0,93690800.0,0.0,,42842800.0,,30229600.0,,,,89354500.0,,11083900.0,,29469100.0,0.0,22675400.0,,,,,,422.0,,,,60314000.0,,12007800.0,3849.0,27725500.0,0.0,8089400.0,,111031200.0,,87454700.0,,9906400.0,,109350300.0,,328336.0,,,,113610800.0,,79551300.0,,3369100.0,,,,849900.0,,,3896600.0,,7873700.0,,158712900.0,,72819800.0,,14812000.0,,3995400.0,,11044200.0,,10402390.0,,33111500.0,,1332000.0,0.0,21439600.0,0.0,15047700.0,,8339000.0,,6144600.0,0,10663900.0,,5998600.0,,30517800.0,,,,14456700.0,,54235600.0,,,,,,5538500.0,221.0
2026-02-06,5581574.0,2023516.0,36358081.0,545238.0,1919017.0,1470302.0,802143.0,23275180.0,35402860.0,22361878.0,134239254.0,32867590.0,39226920.0,674888.0,13705279.0,5410400.0,,50453400.0,,5448400.0,,7290600.0,,8344400.0,,54504500.0,,179210900.0,,6463800.0,,15789000.0,,1971000.0,,15910000.0,,33003400.0,,6988900.0,,10972100.0,,,,20937000.0,,70076800.0,,74458600.0,,329200.0,,,,4421600.0,,,,,11661500.0,,,79538.0,3359700.0,,,,33471400.0,,0.0,448924.0,6589900.0,,19776100.0,,16571.0,2358600.0,1413,17508700.0,,9896600.0,,13652600.0,,19772000.0,,36852800.0,0.0,23936600.0,,,,7918000.0,,12105600.0,,17740700.0,,,,6139600.0,,7409000.0,,5793100.0,309601,11990100.0,,44557200.0,,5504600.0,,12000000.0,,1549500.0,,1386.0,3283900.0,,,12151200.0,,10022600.0,,56380500.0,,2473200.0,,,4685400.0,,421.0,46351700.0,,,,54593900.0,,15011600.0,,,3744300.0,,115600200.0,0.0,8956000.0,,75224200.0,,43354900.0,0.0,17797400.0,,15711000.0,,18512400.0,,,5196000.0,,107700.0,,,,6735500.0,,4887100.0,,13848800.0,,,18159300.0,254651,,22581800.0,,53515300.0,,57771000.0,,37196000.0,,61356000.0,,1690500.0,,,,16895700.0,,46154100.0,,215129.0,29303700.0,,34727000.0,177622,231346200.0,,36856600.0,,87820600.0,,29962400.0,,19.0,9902500.0,,,,1900500.0,156071.0,20.0,62661400.0,0.0,,34921700.0,,15036800.0,,,,78019300.0,,22081600.0,,31308200.0,0.0,20049600.0,,,,,,118.0,,,,49279800.0,,13460300.0,4613.0,21327300.0,0.0,9619300.0,,84969600.0,,67020900.0,,14121300.0,,108594200.0,,195360.0,,,,89127600.0,,62455700.0,,1916300.0,,,,341400.0,,,5021100.0,,5908000.0,,117934600.0,,62677100.0,,17025500.0,,3100300.0,,9397500.0,,9097510.0,,24470200.0,,1034200.0,0.0,17289800.0,0.0,8150300.0,,7798800.0,,7197300.0,0,9913300.0,,7532200.0,,26593400.0,,,,9603100.0,,41669600.0,,,,,,3764200.0,0.0
2026-02-07,,,,,,,,,,,,,,,,,,,,,,,,,,,,,,,,,,,,,,,,,,,,,,,,,,,,,,,,,,,,,,,,,,,,,,,0.0,,,,,,11933.0,,1161,,,,,,,,,,0.0,,,,,,,,,,,,,,,,,,312654,,,,,,,,,,,,,,,,,,,,,,,,,,,,,,,,,,,,,,,0.0,,,,,,0.0,,,,,,,,,,,,,,,,,,,,,,1164583,,,,,,,,,,,,,,,,,,,,,,,,19656,,,,,,,,,,,,,,,159467.0,,,0.0,,,,,,,,,,,,,0.0,,,,,,,,,,,,,,2776.0,,0.0,,,,,,,,,,,,,,,,,,,,,,,,,,,,,,,,,,,,,,,,,,,,,0.0,,0.0,,,,,,0,,,,,,,,,,,,,,,,,,0.0
2026-02-08,,,,,,,,,,,,,,,,,,,,,,,,,,,,,,,,,,,,,,,,,,,,,,,,,,,,,,,,,,,,,,,,,,,,,,,0.0,,,,,,,,5235,,,,,,,,,,0.0,,,,,,,,,,,,,,,,,,332432,,,,,,,,,,,,,,,,,,,,,,,,,,,,,,,,,,,,,,,0.0,,,,,,0.0,,,,,,,,,,,,,,,,,,,,,,36007994,,,,,,,,,,,,,,,,,,,,,,,,6381,,,,,,,,,,,,,,,217362.0,,,0.0,,,,,,,,,,,,,0.0,,,,,,,,,,,,,,4734.0,,0.0,,,,,,,,,,,,,,,,,,,,,,,,,,,,,,,,,,,,,,,,,,,,,0.0,,0.0,,,,,,0,,,,,,,,,,,,,,,,,,0.0
2026-02-09,4228584.0,1518143.0,25098971.0,685190.0,1426634.0,1365865.0,899239.0,17295870.0,26375723.0,81408157.0,123593633.0,36663337.0,42466515.0,1279570.0,20915159.0,5961900.0,,44623400.0,,6576300.0,,7420600.0,,7458900.0,,38810800.0,,91178400.0,,10320500.0,,6817400.0,,1125100.0,,11587300.0,,30091000.0,,14000300.0,,7260500.0,,,,11387600.0,,82804200.0,,48465700.0,,194900.0,,,,4573000.0,,,,,8577100.0,,,51346.0,2496800.0,,,,4303800.0,,0.0,298005.0,5940600.0,,10618500.0,,2357.0,1861700.0,0,10755400.0,,9063700.0,,12112000.0,,11303600.0,,25424400.0,0.0,22908400.0,,,,5016800.0,,10515400.0,,12417600.0,,,,4815000.0,,9877600.0,,3554300.0,356993,10426600.0,,43170000.0,,3250300.0,,7086000.0,,567200.0,,170.0,3105800.0,,,15696600.0,,5328400.0,,39640100.0,,2322600.0,,,3639300.0,,542.0,144202400.0,,,,41278100.0,,14122000.0,,,4627800.0,,94841400.0,0.0,6664800.0,,48851000.0,,29064800.0,0.0,11477500.0,,16392000.0,,23415600.0,,,5394000.0,,101600.0,,,,5903800.0,,3423800.0,,9976700.0,,,14837500.0,2551040,,13775400.0,,45480500.0,,34291600.0,,31009600.0,,48458000.0,,1253700.0,,,,13235600.0,,42200200.0,,211763.0,27973100.0,,23127400.0,1079,196387400.0,,30096900.0,,88727400.0,,49936500.0,,0.0,20917700.0,,,,1475400.0,150674.0,0.0,58042500.0,0.0,,26034300.0,,11022700.0,,,,56797600.0,,8487300.0,,31858800.0,0.0,16394400.0,,,,,,443.0,,,,32251900.0,,5915200.0,4974.0,15290700.0,0.0,8828800.0,,48140000.0,,64079400.0,,5848800.0,,66670500.0,,142206.0,,,,73885200.0,,45536800.0,,1052000.0,,,,231500.0,,,5345100.0,,4717100.0,,71272700.0,,54484300.0,,14594900.0,,4129000.0,,9246700.0,,6217890.0,,17959100.0,,1040700.0,0.0,12873200.0,0.0,4765900.0,,8513400.0,,7638400.0,0,8044900.0,,8065700.0,,27197300.0,,,,5285300.0,,38798500.0,,,,,,3782700.0,0.0
2026-02-10,3441377.0,1738747.0,19369566.0,755851.0,1475536.0,825009.0,1117921.0,14716930.0,29211865.0,38285514.0,107406481.0,21715825.0,74372071.0,826745.0,22536513.0,4352300.0,,34376900.0,,5718600.0,,8429900.0,,6785800.0,,25326700.0,,67175000.0,,6146100.0,,8913500.0,,1200600.0,,10353700.0,,19542700.0,,7298400.0,,10990000.0,,,,9852300.0,,61522500.0,,39536500.0,,171200.0,,,,3789100.0,,,,,8074900.0,,,45779.0,4008700.0,,,,2274500.0,,0.0,276292.0,7514100.0,,8835200.0,,2580.0,1781500.0,48,7515500.0,,12592700.0,,13393000.0,,12485600.0,,14088200.0,0.0,32113800.0,,,,6194100.0,,9815500.0,,18726000.0,,,,3598500.0,,21601700.0,,3131400.0,340217,7838600.0,,28963300.0,,5399500.0,,8253000.0,,676700.0,,281.0,2458300.0,,,12712200.0,,5797500.0,,39170000.0,,3324900.0,,,3160800.0,,445.0,51693900.0,,,,41823800.0,,12868400.0,,,3837300.0,,99832900.0,0.0,6920800.0,,35751800.0,,24661700.0,0.0,9902200.0,,8432000.0,,28848200.0,,,2274000.0,,82200.0,,,,4787700.0,,3539400.0,,7909500.0,,,10455800.0,426982,,10561400.0,,44857900.0,,23002100.0,,35433800.0,,34756000.0,,549600.0,,,,10388600.0,,43595800.0,,175754.0,24522400.0,,21869600.0,3263,136764800.0,,15847900.0,,56340300.0,,40092200.0,,0.0,30141600.0,,,,1111600.0,154506.0,0.0,56061300.0,0.0,,22787700.0,,9762900.0,,,,53938900.0,,9003200.0,,37616400.0,0.0,13195600.0,,,,,,112.0,,,,24777500.0,,5645300.0,4124.0,15904000.0,0.0,9400500.0,,47994400.0,,55796600.0,,6384600.0,,58273900.0,,150143.0,,,,65185700.0,,40834900.0,,924100.0,,,,379900.0,,,2930500.0,,6681700.0,,70660900.0,,64450200.0,,14622100.0,,4145200.0,,5101000.0,,8821880.0,,18958700.0,,530400.0,0.0,10085600.0,0.0,6134100.0,,5801800.0,,6707800.0,0,9560700.0,,10168700.0,,24662000.0,,,,5884200.0,,32146000.0,,,,,,3652400.0,0.0
2026-02-11,3125590.0,3270111.0,22760242.0,431768.0,1133876.0,670835.0,13160492.0,12643100.0,23759058.0,22115145.0,223116919.0,39713551.0,37829736.0,637760.0,17052083.0,3537900.0,,51931300.0,,8759900.0,,16419400.0,,7160900.0,,33384700.0,,65545500.0,,10648600.0,,4145200.0,,1139300.0,,13701600.0,,17004700.0,,8779900.0,,8756900.0,,,,13649400.0,,84996400.0,,33392400.0,,323300.0,,,,3614400.0,,,,,6578200.0,,,49482.0,3926300.0,,,,3525900.0,,0.0,340194.0,5608400.0,,13923800.0,,5466.0,1769400.0,0,8585500.0,,9878800.0,,16350200.0,,9883600.0,,21192300.0,0.0,34455800.0,,,,5431200.0,,9374900.0,,11632100.0,,,,6978200.0,,12280200.0,,6242800.0,306225,12884200.0,,43813500.0,,3843600.0,,10396200.0,,735200.0,,2681.0,2821000.0,,,10030500.0,,4755900.0,,45406400.0,,2654300.0,,,3229900.0,,653.0,33587600.0,,,,68727600.0,,15772900.0,,,7628200.0,,107681200.0,0.0,9416800.0,,37394900.0,,41829400.0,0.0,8703500.0,,10928000.0,,22649700.0,,,5370000.0,,74100.0,,,,4011200.0,,2599900.0,,9555800.0,,,14323800.0,352384,,11636700.0,,42491000.0,,25837800.0,,48475000.0,,56524000.0,,429900.0,,,,13933000.0,,40840300.0,,174848.0,32206000.0,,26076000.0,8417,144192700.0,,12245000.0,,67427300.0,,24538900.0,,0.0,43667300.0,,,,827600.0,134227.0,0.0,52796100.0,0.0,,21538900.0,,9379300.0,,,,58575100.0,,8409700.0,,27135500.0,0.0,17563100.0,,,,,,11.0,,,,24547200.0,,6211200.0,5018.0,20472700.0,0.0,6242800.0,,81002400.0,,52565000.0,,5118100.0,,89724200.0,,292055.0,,,,76353900.0,,55861800.0,,930400.0,,,,269400.0,,,3651400.0,,6958200.0,,92393800.0,,57362000.0,,18651300.0,,4207300.0,,9132600.0,,11352350.0,,28045000.0,,811400.0,0.0,12335400.0,0.0,8882700.0,,8264300.0,,19793500.0,62,9362700.0,,11288800.0,,19232100.0,,,,7805400.0,,57349700.0,,,,,,4822200.0,0.0
2026-02-12,4619344.0,1733637.0,41296011.0,513056.0,1404228.0,5790612.0,5121457.0,19692360.0,39790780.0,27116566.0,143588099.0,30178611.0,90415198.0,3324406.0,11582570.0,4200100.0,,81077200.0,,8657000.0,,11444100.0,,9764400.0,,32181000.0,,83975400.0,,18794900.0,,5982000.0,,1518100.0,,30244200.0,,22007300.0,,6758700.0,,11457800.0,,,,13284800.0,,61325800.0,,39889800.0,,267200.0,,,,4689900.0,,,,,9828700.0,,,48058.0,4893400.0,,,,2871500.0,,0.0,369303.0,6733700.0,,19986100.0,,1932.0,2970400.0,154,8567200.0,,6440700.0,,16849100.0,,13990800.0,,20441400.0,0.0,68098600.0,,,,11756600.0,,25319600.0,,28707900.0,,,,5304200.0,,10269700.0,,6979800.0,289417,16591800.0,,46826500.0,,5075400.0,,6982600.0,,874100.0,,484.0,2677700.0,,,12282800.0,,6684500.0,,47761300.0,,3188700.0,,,3702200.0,,1109.0,31825600.0,,,,57569300.0,,30321300.0,,,12565400.0,,88321200.0,0.0,6006400.0,,30323000.0,,47628200.0,0.0,13443400.0,,10491000.0,,26043500.0,,,6848000.0,,87200.0,,,,4605700.0,,3592200.0,,10662100.0,,,14960100.0,408016,,13643800.0,,40802400.0,,20960700.0,,45639100.0,,65746000.0,,419100.0,,,,25735500.0,,73516100.0,,222258.0,35874700.0,,27213100.0,7686,189932500.0,,11708500.0,,59629600.0,,23285400.0,,0.0,19646500.0,,,,721900.0,147163.0,0.0,74090600.0,0.0,,28004800.0,,12416600.0,,,,81378900.0,,8703500.0,,38024300.0,0.0,18313700.0,,,,,,78.0,,,,25527900.0,,7379100.0,3705.0,23321100.0,0.0,5683400.0,,93688000.0,,63515100.0,,7982600.0,,90896100.0,,285367.0,,,,118829000.0,,61833000.0,,1993900.0,,,,407900.0,,,5023400.0,,7736900.0,,131150000.0,,61933400.0,,16835400.0,,5020800.0,,8474700.0,,11039140.0,,33541400.0,,786100.0,0.0,31336500.0,0.0,13125300.0,,9392600.0,,12438800.0,0,16651700.0,,19569500.0,,33382700.0,,,,6850000.0,,67427800.0,,,,,,4352200.0,0.0
2026-02-13,3534047.0,1147006.0,34454192.0,368404.0,820046.0,1093939.0,2261854.0,18091480.0,26900740.0,31010133.0,127717263.0,26043610.0,99656113.0,3369277.0,13138628.0,2745300.0,,56290700.0,,6589700.0,,7735800.0,,15706000.0,,26123900.0,,66321600.0,,9094400.0,,4417600.0,,1248900.0,,12963300.0,,18397200.0,,3740000.0,,16045600.0,,,,8275100.0,,68805800.0,,49138800.0,,349600.0,,,,4685900.0,,,,,5819200.0,,,42167.0,3232800.0,,,,3088200.0,,0.0,255793.0,4052200.0,,32410100.0,,1777.0,2661600.0,0,12023900.0,,4520600.0,,14822900.0,,14146800.0,,23117000.0,0.0,42886400.0,,,,10480400.0,,12845300.0,,65835000.0,,,,6153700.0,,11219200.0,,5554000.0,392405,16584300.0,,51693600.0,,4208400.0,,4802500.0,,912600.0,,232.0,2020900.0,,,10952700.0,,6331600.0,,38499700.0,,2623000.0,,,2875900.0,,1584.0,26248400.0,,,,43506900.0,,16791300.0,,,6842600.0,,69740400.0,0.0,4187200.0,,31579600.0,,45360300.0,0.0,9114500.0,,10122000.0,,16711900.0,,,4328000.0,,376300.0,,,,4973000.0,,2698700.0,,9905400.0,,,12336400.0,604777,,7615400.0,,34091600.0,,24573900.0,,33807600.0,,41862000.0,,400800.0,,,,20543800.0,,42292100.0,,125822.0,22525000.0,,22771200.0,765,161888000.0,,10156100.0,,56681700.0,,18597000.0,,14.0,12577000.0,,,,768400.0,140760.0,0.0,49438100.0,0.0,,25092400.0,,13134400.0,,,,69237500.0,,7462400.0,,127927300.0,0.0,14737900.0,,,,,,63.0,,,,21660700.0,,6481600.0,3822.0,23640400.0,0.0,8333900.0,,86528800.0,,43139300.0,,6887800.0,,79931300.0,,220007.0,,,,96267500.0,,78110800.0,,1037100.0,,,,657700.0,,,2600600.0,,8496500.0,,123216600.0,,51434100.0,,10468200.0,,2575400.0,,5011900.0,,11368090.0,,26526700.0,,681300.0,0.0,12602500.0,0.0,13565400.0,,11653900.0,,6785200.0,0,9901700.0,,19220800.0,,24131200.0,,,,8805000.0,,48392100.0,,,,,,3159600.0,45.0
2026-02-14,,,,,,,,,,,,,,,,,,,,,,,,,,,,,,,,,,,,,,,,,,,,,,,,,,,,,,,,,,,,,,,,,,,,,,,0.0,,,,,,9384.0,,0,,,,,,,,,,0.0,,,,,,,,,,,,,,,,,,285881,,,,,,,,,,,,,,,,,,,,,,,,,,,,,,,,,,,,,,,0.0,,,,,,0.0,,,,,,,,,,,,,,,,,,,,,,5447153,,,,,,,,,,,,,,,,,,,,,,,,735,,,,,,,,,,,,,,,137571.0,,,0.0,,,,,,,,,,,,,0.0,,,,,,,,,,,,,,5339.0,,0.0,,,,,,,,,,,,,,,,,,,,,,,,,,,,,,,,,,,,,,,,,,,,,0.0,,0.0,,,,,,0,,,,,,,,,,,,,,,,,,0.0
2026-02-15,,,,,,,,,,,,,,,,,,,,,,,,,,,,,,,,,,,,,,,,,,,,,,,,,,,,,,,,,,,,,,,,,,,,,,,0.0,,,,,,2482.0,,172,,,,,,,,,,0.0,,,,,,,,,,,,,,,,,,176781,,,,,,,,,,,,,,,,,,,,,,,,,,,,,,,,,,,,,,,0.0,,,,,,0.0,,,,,,,,,,,,,,,,,,,,,,2574545,,,,,,,,,,,,,,,,,,,,,,,,712,,,,,,,,,,,,,,,138909.0,,,0.0,,,,,,,,,,,,,0.0,,,,,,,,,,,,,,4188.0,,0.0,,,,,,,,,,,,,,,,,,,,,,,,,,,,,,,,,,,,,,,,,,,,,0.0,,0.0,,,,,,0,,,,,,,,,,,,,,,,,,0.0
2026-02-16,,,,,,,,,0.0,0.0,0.0,,0.0,0.0,0.0,,,,,,,,,,,,,,,,,,,,,,,,,,,,,,,,,,,,,,,,,,,,,,,,,,,,,,,,0.0,,,,,,341.0,,185,,,,,,,,,,0.0,,,,,,,,,,,,,,,,,,154064,,,,,,,,,,,,,,,,,,,,,,,,,,,,,,,,,,,,,,,0.0,,,,,,0.0,,,,,,,,,,,,,,,,,,,,,,278323,,,,,,,,,,,,,,,,,,,,,,,,4307,,,,,,,,,,,,,,,144432.0,,,0.0,,,,,,,,,,,,,0.0,,,,,,,,,,,,,,4242.0,,0.0,,,,,,,,,,,,,,,,,,,,,,,,,,,,,,,,,,,,,,,,,,,,,0.0,,0.0,,,,,,0,,,,,,,,,,,,,,,,,,0.0
2026-02-17,,,,,,,,,,,,,,,,3326500.0,,58469100.0,,5208300.0,,7105700.0,,8791300.0,,33712100.0,,69879200.0,,5212100.0,,4268900.0,,1097200.0,,9366200.0,,23469700.0,,4381700.0,,6803600.0,,,,7769100.0,,70300800.0,,30266300.0,,562300.0,,,,4263300.0,,,,,6807200.0,,,74745.0,3450300.0,,,,2182200.0,,0.0,328727.0,4616600.0,,16770600.0,,,1732200.0,0,9686900.0,,4931900.0,,13692900.0,,17712400.0,,17482200.0,0.0,24792700.0,,,,5303700.0,,10467400.0,,25553000.0,,,,6254000.0,,21815200.0,,5038400.0,164971,16472200.0,,22984900.0,,3273200.0,,4542200.0,,594500.0,,540.0,2221600.0,,,12102600.0,,4338300.0,,39247600.0,,2008500.0,,,3485300.0,,941.0,22435100.0,,,,31818500.0,,13720900.0,,,4929700.0,,65802200.0,0.0,3065600.0,,23513900.0,,33734800.0,0.0,8896800.0,,6231000.0,,16260200.0,,,3968000.0,,52000.0,,,,5625000.0,,2984600.0,,7368500.0,,,12674700.0,127446,,10568500.0,,32078800.0,,18881000.0,,28549500.0,,26986000.0,,469500.0,,,,11665200.0,,35961500.0,,183610.0,65856700.0,,27343000.0,1142,162276900.0,,9892700.0,,76272200.0,,19610800.0,,7.0,16586500.0,,,,566500.0,143453.0,0.0,48407100.0,0.0,,20342500.0,,10670700.0,,,,69013800.0,,5470600.0,,55972100.0,0.0,12059200.0,,,,,,61.0,,,,20377400.0,,7312700.0,2784.0,19143200.0,0.0,5778400.0,,60897600.0,,49681800.0,,4929000.0,,79420400.0,,274622.0,,,,81354700.0,,71549400.0,,1104000.0,,,,337300.0,,,2383300.0,,4915200.0,,117089700.0,,59678800.0,,10063800.0,,2160800.0,,5454800.0,,9338500.0,,20286100.0,,787900.0,0.0,15183900.0,0.0,10369200.0,,8591700.0,,6449600.0,0,5524200.0,,22540400.0,,37995900.0,,,,7777600.0,,50499600.0,,,,,,2808500.0,0.0
2026-02-18,,,,,,,,,,,,,,,,1858600.0,,34203300.0,,5033200.0,,4355200.0,,8784300.0,,35664100.0,,51003300.0,,5754200.0,,4275600.0,,1334400.0,,10338500.0,,13565300.0,,3054700.0,,4506600.0,,,,10069800.0,,76844400.0,,31158700.0,,196400.0,,,,3732500.0,,,,,5392800.0,,,56115.0,2563700.0,,,,2223800.0,,0.0,115379.0,3227100.0,,13792200.0,,551.0,1926800.0,0,7462500.0,,3918900.0,,9852900.0,,11010800.0,,17481800.0,0.0,20648800.0,,,,5783400.0,,8791600.0,,19849200.0,,,,11305000.0,,9336300.0,,3366400.0,138747,12057700.0,,38968100.0,,3819800.0,,2704800.0,,509800.0,,544.0,1808900.0,,,8257500.0,,5007800.0,,28482100.0,,1864900.0,,,2982600.0,,1156.0,17282700.0,,,,25655400.0,,17104600.0,,,3949200.0,,65306100.0,0.0,4032800.0,,28281700.0,,36034700.0,0.0,7209600.0,,6510000.0,,16304900.0,,,3436000.0,,667900.0,,,,2995100.0,,3236900.0,,10095400.0,,,14649200.0,166167,,8408200.0,,23223400.0,,17307700.0,,32306600.0,,37590000.0,,288000.0,,,,13132500.0,,29883100.0,,142497.0,61876300.0,,18138700.0,3772,164749100.0,,11296400.0,,110468200.0,,14801100.0,,0.0,26756800.0,,,,1407900.0,139360.0,0.0,59677100.0,0.0,,17925500.0,,9944500.0,,,,64250700.0,,5965900.0,,30101700.0,0.0,19118400.0,,,,511000.0,,18.0,,,,16814700.0,,5839900.0,4905.0,25097600.0,0.0,4155100.0,,82036800.0,,59588800.0,,4946000.0,,69349000.0,,194625.0,,,,73570300.0,,55758200.0,,634900.0,,,,272800.0,,,2753700.0,,4936800.0,,81370800.0,,45921400.0,,7310500.0,,1931000.0,,6667800.0,,11692430.0,,18235600.0,,1486700.0,0.0,12387100.0,0.0,6833700.0,,7091900.0,,5350700.0,0,12173000.0,,25812500.0,,36485000.0,,,,6237900.0,,59196100.0,,,,,,3061600.0,0.0
2026-02-19,3285109.0,1907584.0,27049388.0,1471530.0,806208.0,817087.0,1916025.0,19298740.0,,,,,,,,3208400.0,,30845300.0,,3616200.0,,2904600.0,,6640100.0,,25842300.0,,35669600.0,,6165600.0,,3108800.0,,1135200.0,,8590800.0,,15180900.0,,3376200.0,,6582500.0,,,,8551300.0,,76054400.0,,31224300.0,,185700.0,,,,2610400.0,,,,,11095000.0,,,73081.0,2908000.0,,,,2389500.0,,0.0,113408.0,4084700.0,,8001700.0,,973.0,1750000.0,196,6951600.0,,3358200.0,,9565100.0,,8001600.0,,10807600.0,0.0,18443200.0,,,,7042300.0,,7492900.0,,13529600.0,,,,15876900.0,,10448700.0,,2572000.0,179896,13191900.0,,33544200.0,,2957500.0,,5688700.0,,516300.0,,37.0,1655600.0,,,9169400.0,,3626300.0,,25834400.0,,1974200.0,,,2930900.0,,993.0,32798100.0,,,,20780400.0,,12195200.0,,,4948700.0,,72724900.0,0.0,4339200.0,,26594300.0,,31006000.0,0.0,6737700.0,,6257000.0,,14924700.0,,,3616000.0,,110400.0,,,,4206200.0,,2145800.0,,6384200.0,,,10035700.0,10475876,,6512200.0,,28234000.0,,15457200.0,,21651300.0,,23772000.0,,241800.0,,,,17315000.0,,30139200.0,,120477.0,50212100.0,,13224700.0,655,126554500.0,,8289400.0,,102375900.0,,14976300.0,,0.0,13545800.0,,,,623800.0,137816.0,0.0,42197200.0,0.0,,24646900.0,,8219400.0,,,,60960800.0,,4097100.0,,28703600.0,0.0,14693400.0,,,,111500.0,,208.0,,,,42320100.0,,4056400.0,4755.0,19601600.0,0.0,3139500.0,,55512800.0,,53391100.0,,4366400.0,,68827500.0,,180268.0,,,,58649400.0,,50295400.0,,418900.0,,,,283700.0,,,1826700.0,,3262600.0,,83447500.0,,51019600.0,,6346500.0,,2139600.0,,5002200.0,,11375890.0,,15897800.0,,1093100.0,0.0,19583400.0,0.0,7330900.0,,5967600.0,,3929800.0,0,10399800.0,,13317700.0,,42993300.0,,,,9191400.0,,62513500.0,,8.0,,,,2938100.0,0.0
2026-02-20,5054333.0,1251835.0,24213880.0,1178359.0,948594.0,836127.0,1906702.0,16572300.0,21351884.0,18191244.0,93269892.0,,27220396.0,1047372.0,6523085.0,7979700.0,,42070500.0,,6590800.0,,3640700.0,,8178700.0,,36317300.0,,65881600.0,,8669800.0,,4056000.0,,1102500.0,,10209500.0,,17658900.0,,14460700.0,,8758700.0,,,,10179300.0,,61141200.0,,36001300.0,,293900.0,,,,4326700.0,,,,,14610300.0,,,40579.0,2095100.0,,,,2527700.0,,0.0,351351.0,6285900.0,,13692200.0,,3650.0,1662200.0,0,9415100.0,,5201500.0,,10816200.0,,33443200.0,,46247700.0,0.0,29461600.0,,,,7763500.0,,9043600.0,,11779200.0,,,,8665100.0,,10905700.0,,4814600.0,135197,19435400.0,,47513800.0,,4125600.0,,6014300.0,,476600.0,,134.0,1709100.0,,,10971200.0,,4169400.0,,53210800.0,,2009100.0,,,3984100.0,,658.0,25353500.0,,,,30283900.0,,12602300.0,,,4708600.0,,90743600.0,0.0,5937600.0,,41944000.0,,47126600.0,0.0,7792700.0,,6841000.0,,17175100.0,,,8418000.0,,118800.0,,,,4289500.0,,3249400.0,,8601200.0,,,14183500.0,1263840,,8795300.0,,34015200.0,,17625400.0,,29894900.0,,31592000.0,,296700.0,,,,17238800.0,,32411300.0,,90717.0,70938400.0,,15700300.0,604,178422300.0,,12285800.0,,111577200.0,,29621900.0,,2.0,25857800.0,,,,1169900.0,130719.0,0.0,53726800.0,0.0,,23174000.0,,10265100.0,,,,74127300.0,,7636900.0,,20860500.0,0.0,18253500.0,,,,237200.0,,30.0,,,,26058900.0,,5715800.0,5227.0,17001000.0,0.0,5857600.0,,51086400.0,,68549800.0,,5430500.0,,81017900.0,,252441.0,,,,100034000.0,,75740300.0,,457700.0,,,,336900.0,,,2603500.0,,6781200.0,,118813800.0,,57912200.0,,9009200.0,,1872600.0,,5457500.0,,11865650.0,,20242200.0,,721700.0,0.0,13472400.0,0.0,10299700.0,,6831100.0,,3879200.0,0,10510500.0,,10495800.0,,35151000.0,,,,13356300.0,,50833500.0,,0.0,,,,3061400.0,0.0
2026-02-21,,,,,,,,,,,,,,,,,,,,,,,,,,,,,,,,,,,,,,,,,,,,,,,,,,,,,,,,,,,,,,,,,,,,,,,0.0,,,,,,397.0,,0,,,,,,,,,,0.0,,,,,,,,,,,,,,,,,,149982,,,,,,,,,,,,,,,,,,,,,,,,,,,,,,,,,,,,,,,0.0,,,,,,0.0,,,,,,,,,,,,,,,,,,,,,,325106,,,,,,,,,,,,,,,,,,,,,,,,346,,,,,,,,,,,,,,,130546.0,,,0.0,,,,,,,,,,,,,0.0,,,,,,,,,,,,,,4010.0,,0.0,,,,,,,,,,,,,,,,,,,,,,,,,,,,,,,,,,,,,,,,,,,,,0.0,,0.0,,,,,,0,,,,,,,,,,,,,0.0,,,,,0.0
2026-02-22,,,,,,,,,,,,,,,,,,,,,,,,,,,,,,,,,,,,,,,,,,,,,,,,,,,,,,,,,,,,,,,,,,,,,,,0.0,,,,,,,,74,,,,,,,,,,0.0,,,,,,,,,,,,,,,,,,188517,,,,,,,,,,,,,,,,,,,,,,,,,,,,,,,,,,,,,,,0.0,,,,,,0.0,,,,,,,,,,,,,,,,,,,,,,1508658,,,,,,,,,,,,,,,,,,,,,,,,1676,,,,,,,,,,,,,,,145428.0,,,0.0,,,,,,,,,,,,,0.0,,,,,,,,,,,,,,1537.0,,0.0,,,,,,,,,,,,,,,,,,,,,,,,,,,,,,,,,,,,,,,,,,,,,0.0,,0.0,,,,,,0,,,,,,,,,,,,,,,,,,0.0
2026-02-23,3523887.0,2094265.0,26364684.0,1645328.0,747019.0,939820.0,5519357.0,20224730.0,22136687.0,16026815.0,85749873.0,,65205703.0,614104.0,5182275.0,6239100.0,,37308200.0,,7602400.0,,3023600.0,,6077400.0,,28187900.0,,53581500.0,,7207700.0,,3393800.0,,1284200.0,,12971200.0,,16472400.0,,6203100.0,,6751000.0,,,,10049000.0,,73329100.0,,30544500.0,,357100.0,,,,3556500.0,,,,,18370400.0,,,28933.0,2289600.0,,,,2197400.0,,0.0,270365.0,4712700.0,,12685500.0,,1409.0,1489300.0,507,8797200.0,,3814500.0,,15498600.0,,60305200.0,,21774800.0,0.0,24485900.0,,,,6962300.0,,10626500.0,,13838200.0,,,,6852200.0,,7862000.0,,3751200.0,302470,15725300.0,,39610800.0,,3440600.0,,6039100.0,,693800.0,,779.0,1438200.0,,,18558800.0,,5669400.0,,31423000.0,,2535900.0,,,5495700.0,,764.0,43356400.0,,,,30422700.0,,14414700.0,,,19522900.0,,57130900.0,0.0,3509600.0,,30811400.0,,44001100.0,0.0,12955400.0,,8499000.0,,17157700.0,,,10606000.0,,315500.0,,,,4493000.0,,4767600.0,,9488000.0,,,8605900.0,379442,,11622600.0,,43238300.0,,18858900.0,,25426600.0,,29310000.0,,600300.0,,,,8882200.0,,38363000.0,,55412.0,32001000.0,,24200000.0,3489,171584800.0,,98664000.0,,68820900.0,,31749800.0,,2.0,20861500.0,,,,942100.0,142849.0,0.0,52512200.0,0.0,,75619500.0,,8260100.0,,,,63859100.0,,4529900.0,,17459800.0,0.0,13795700.0,,,,140500.0,,41.0,,,,21437200.0,,5842800.0,2770.0,18569400.0,0.0,11128600.0,,69216800.0,,82932900.0,,4776000.0,,66926300.0,,164627.0,,,,90558100.0,,54439400.0,,774900.0,,,,288200.0,,,2567600.0,,5607400.0,,91951800.0,,69680000.0,,9550200.0,,1962800.0,,7877400.0,,12295570.0,,22921600.0,,514500.0,0.0,14887700.0,0.0,10086200.0,,13048000.0,,4026100.0,0,8617300.0,,10223900.0,,25662800.0,,,,10952000.0,,44013500.0,,,,,,6187500.0,
2026-02-24,4102382.0,1490869.0,28060617.0,1410621.0,652490.0,1645860.0,1918668.0,19422600.0,36134943.0,36470646.0,142300259.0,35655753.0,67807380.0,2719840.0,14485953.0,4197500.0,,47014600.0,,5529100.0,,2894000.0,,5711800.0,,81367000.0,,41137200.0,,5191800.0,,4273000.0,,1538900.0,,7553600.0,,23614400.0,,9840900.0,,6655200.0,,,,11074000.0,,69341300.0,,30341800.0,,207300.0,,,,3224300.0,,,,,10059200.0,,,37988.0,2615300.0,,,,2270200.0,,0.0,312124.0,4618900.0,,10442900.0,,,1671100.0,190,8283500.0,,4042300.0,,15564700.0,,28554800.0,,24587600.0,0.0,19485100.0,,,,4937700.0,,13594800.0,,12468300.0,,,,5929700.0,,8912900.0,,8219700.0,335630,20212900.0,,45452900.0,,3223500.0,,3691100.0,,1319100.0,,88.0,2305300.0,,,15041600.0,,5466700.0,,25615600.0,,1971500.0,,,5675800.0,,937.0,63952600.0,,,,23571800.0,,12215100.0,,,13379800.0,,98872300.0,0.0,8310400.0,,37593200.0,,34884200.0,0.0,13554100.0,,6669000.0,,16448500.0,,,7806000.0,,126800.0,,,,3573400.0,,2803100.0,,9087100.0,,,10135600.0,579630,,8396200.0,,33884700.0,,15352700.0,,33389200.0,,52986000.0,,348600.0,,,,7436000.0,,33079100.0,,69623.0,30379000.0,,18461700.0,919,175123600.0,,43931700.0,,69619700.0,,21336600.0,,0.0,23692200.0,,,,1647900.0,136342.0,0.0,47121400.0,0.0,,58557200.0,,11085700.0,,,,55023700.0,,4012700.0,,21025300.0,0.0,12858300.0,,,,275000.0,,268.0,,,,17982600.0,,7828900.0,373.0,30408300.0,0.0,8608800.0,,140620800.0,,62839300.0,,5321000.0,,66892100.0,,202262.0,,,,73798700.0,,45294000.0,,635500.0,,,,235600.0,,,2271300.0,,4347100.0,,71023300.0,,58579500.0,,13269500.0,,1982500.0,,9494300.0,,10390190.0,,19581100.0,,825300.0,0.0,16687700.0,0.0,6203300.0,,9120200.0,,5458200.0,0,8679700.0,,5892300.0,,20161200.0,,,,9478000.0,,42921700.0,,,,,,4186400.0,0.0
2026-02-25,3462525.0,4149696.0,26987996.0,1024495.0,937503.0,1064978.0,1265443.0,26181980.0,22838866.0,25693979.0,95406041.0,21479209.0,39932923.0,1590591.0,10279324.0,3649000.0,,33714300.0,,5108600.0,,5330300.0,,9745000.0,,44588100.0,,41346400.0,,5922700.0,,4322700.0,,1306900.0,,7512800.0,,20182300.0,,10321800.0,,5813400.0,,,,10984600.0,,101186500.0,,60436300.0,,180900.0,,,,3475500.0,,,,,8244000.0,,,18491.0,2606500.0,,,,2348300.0,,0.0,306780.0,7096800.0,,23793900.0,,2056.0,1554600.0,1090,63849900.0,,5359600.0,,21875100.0,,22791600.0,,20881000.0,0.0,22721800.0,,,,8220000.0,,8556500.0,,10845400.0,,,,6452300.0,,6061200.0,,6292800.0,362613,16893200.0,,31584300.0,,3160600.0,,4128500.0,,935500.0,,1772.0,2293100.0,,,17977200.0,,4568100.0,,29963600.0,,1763600.0,,,5036900.0,,29280.0,38317800.0,,,,32366200.0,,13677700.0,,,8569700.0,,75645300.0,0.0,6432800.0,,32306300.0,,26012100.0,0.0,8095500.0,,8762000.0,,18086900.0,,,10096000.0,,106300.0,,,,4667700.0,,2481900.0,,9835400.0,,,11330700.0,335769,,10524700.0,,43625500.0,,24152100.0,,27296300.0,,34240000.0,,307800.0,,,,8737200.0,,69319300.0,,133499.0,20380800.0,,15493100.0,15198,250637100.0,,55460000.0,,68949400.0,,27303900.0,,3403.0,11157900.0,,,,1693500.0,169168.0,206.0,53078300.0,0.0,,42794100.0,,7358300.0,,,,55710700.0,,4499400.0,,19283200.0,0.0,11793700.0,,,,89700.0,,36156.0,,,,32402900.0,,7714500.0,4713.0,18561500.0,0.0,13379500.0,,78489600.0,,67462500.0,,5031800.0,,52929300.0,,121089.0,,,,56369500.0,,40385600.0,,1248300.0,,,,193700.0,,,3102700.0,,3609900.0,,54217200.0,,54809700.0,,10948400.0,,2416600.0,,6997300.0,,7763560.0,,19820800.0,,909200.0,0.0,11029100.0,0.0,5973900.0,,7624200.0,,6580300.0,20,10801200.0,,7603600.0,,17345700.0,,,,9733900.0,,36207500.0,,,,,,6915100.0,0.0
2026-02-26,4461976.0,2894222.0,30095763.0,836633.0,1890166.0,6002195.0,4568151.0,24723190.0,25547825.0,47953773.0,122377342.0,25279991.0,40036885.0,1429217.0,10394463.0,5508400.0,,32345100.0,,6208100.0,,3800700.0,,7717100.0,,35020500.0,,47756800.0,,5884600.0,,4136000.0,,2177900.0,,9312300.0,,33025300.0,,8007700.0,,10256400.0,,,,10828600.0,,103772300.0,,41862400.0,,224400.0,,,,4577000.0,,,,,9118600.0,,,17725.0,3350900.0,,,,2612900.0,,0.0,498542.0,7894000.0,,12746600.0,,,1804400.0,0,41836500.0,,7864100.0,,26680500.0,,24799200.0,,27329400.0,0.0,19608000.0,0.0,,,14418100.0,,9578500.0,,12650100.0,,,,4957100.0,,6763900.0,,7854300.0,267388,42546300.0,,38499900.0,,2944100.0,,6744800.0,,864600.0,,1520.0,2796700.0,,,17594700.0,,5070500.0,,36431200.0,,2220300.0,,,2889400.0,,7727.0,29431200.0,,,,22685800.0,,16599100.0,,,7343100.0,0.0,71457500.0,0.0,4664000.0,,26661500.0,,41206500.0,0.0,7007800.0,,11840000.0,,12843200.0,,,23926000.0,,140100.0,,,,5468000.0,,2666400.0,,10700300.0,,,10637700.0,168609,,12326500.0,,34405900.0,,18110800.0,,35433500.0,,41386000.0,,399000.0,,,,8529300.0,,85642500.0,,139781.0,44024000.0,,26565100.0,2748,360807900.0,,35499000.0,,67386300.0,,20652200.0,,825.0,12124900.0,,,,2139100.0,191835.0,65.0,45100000.0,0.0,,48091800.0,,8642100.0,,,,96178900.0,,4908800.0,,23469700.0,0.0,18411600.0,,,,81100.0,,6626.0,,,,28496100.0,,14811300.0,4733.0,23672700.0,0.0,16645300.0,,130643200.0,,69888000.0,,7239300.0,,97787900.0,,329687.0,,,,71671000.0,,57715800.0,,795400.0,,,,297700.0,,,4915300.0,,3561200.0,,105583800.0,,53602500.0,,14535700.0,,2231300.0,,6041500.0,,11734330.0,,22449200.0,,724600.0,0.0,11556000.0,0.0,8953600.0,,8725500.0,,8566400.0,0,10841400.0,,7050900.0,,18638300.0,,,89.0,9223800.0,,47033500.0,,,,,,16824700.0,0.0
2026-02-27,6453062.0,4354409.0,51774768.0,1072933.0,1259511.0,6701641.0,2611013.0,32570370.0,32229030.0,42879063.0,136362387.0,34712470.0,42462533.0,1404761.0,8908117.0,24886200.0,,72366500.0,,5098200.0,,5156500.0,,9041400.0,,31312400.0,,57422800.0,,4889900.0,,3112500.0,,1358300.0,,24037700.0,,28004200.0,,8290600.0,,9780300.0,,,,11523500.0,,93444100.0,,33344900.0,,315000.0,,,,6364900.0,,,,,10191100.0,,,79435.0,3441900.0,,,,3083000.0,,0.0,437053.0,15226100.0,,11427900.0,,1794.0,3935000.0,0,19295200.0,,7420500.0,,16346500.0,,20503200.0,,67921300.0,0.0,27498000.0,0.0,,,33475600.0,,13954000.0,,18102300.0,,,,6450900.0,,7723500.0,,5911500.0,324873,17173000.0,,28466800.0,,4003900.0,,3967900.0,,590300.0,,354.0,2456200.0,,,14555400.0,,4338000.0,,44640600.0,,5552300.0,,,4819500.0,,3035.0,23484600.0,,,,23485300.0,,30874100.0,,,6642200.0,0.0,79327200.0,0.0,5372800.0,,52659300.0,,40631500.0,0.0,18620800.0,,11069000.0,,28483500.0,,,9012000.0,,163500.0,,,,8912200.0,,4325900.0,,12988900.0,,,15703000.0,242589,,20253800.0,,51367200.0,,14027700.0,,28653900.0,,24628000.0,,525600.0,,,,22945200.0,,200767000.0,,109106.0,39828500.0,,19085200.0,8377,311636500.0,,24222700.0,,65528400.0,,36425200.0,,41.0,9430600.0,,,,1068200.0,140602.0,21.0,59412400.0,0.0,,23641200.0,,12439900.0,,,,68125200.0,,4747700.0,,34214300.0,0.0,25729800.0,,,,136200.0,,1134.0,,,,27204800.0,,9049100.0,3923.0,18208200.0,0.0,10251900.0,,58292800.0,,115602700.0,,6082400.0,,70112700.0,,243064.0,,,,83308900.0,,57208800.0,,898600.0,,,,636700.0,,,4426300.0,,6014900.0,,93802200.0,,56890100.0,,9186600.0,,2234800.0,,8275100.0,,10579060.0,,20427900.0,,478100.0,0.0,10920600.0,0.0,10294100.0,,12412900.0,,6967900.0,0,9899000.0,,5988900.0,,29205500.0,,,,5937500.0,,59071500.0,,,,,,7572100.0,0.0
2026-02-28,,,,,,,,,,,,,,,,,,,,,,,,,,,,,,,,,,,,,,,,,,,,,,,,,,,,,,,,,,,,,,,,,,,,,,,0.0,,,,,,2235.0,,0,,,,,,,,,,0.0,,0.0,,,,,,,,,,,,,,,,307572,,,,,,,,,,,,,,,,,,,,,,,,,,,,,,,,,,,,,0.0,,0.0,,,,,,0.0,,,,,,,,,,,,,,,,,,,,,,1739016,,,,,,,,,,,,,,,,,,,,,,,,1148,,,,,,,,,,,,,,,136460.0,,,0.0,,,,,,,,,,,,,0.0,,,,,,,,,,,,,,3784.0,,0.0,,,,,,,,,,,,,,,,,,,,,,,,,,,,,,,,,,,,,,,,,,,,,0.0,,0.0,,,,,,0,,,,,,,,,,,,,,,,,,0.0
2026-03-01,,,,,,,,,,,,,,,,,,,,,,,,,,,,,,,,,,,,,,,,,,,,,,,,,,,,,,,,,,,,,,,,,,,,,,,0.0,,,,,,,,0,,,,,,,,,,0.0,,0.0,,,,,,,,,,,,,,,,338420,,,,,,,,,,,,,,,,,,,,,,,,,,,,,,,,,,,,,0.0,,0.0,,,,,,0.0,,,,,,,,,,,,,,,,,,,,,,479693,,,,,,,,,,,,,,,,,,,,,,,,68222,,,,,,,,,,,,,,,154156.0,,,0.0,,,,,,,,,,,,,0.0,,,,,,,,,,,,,,4979.0,,0.0,,,,,,,,,,,,,,,,,,,,,,,,,,,,,,,,,,,,,,,,,,,,,0.0,,0.0,,,,,,0,,,,,,,,,,,,,,,,,,0.0
2026-03-02,,,,,,,,,30816358.0,47704329.0,316564745.0,49310342.0,57081668.0,1237917.0,9202088.0,27112800.0,,41827900.0,,3486900.0,,4652100.0,,5802100.0,,34120200.0,,46001000.0,,4099000.0,,3832000.0,,1492400.0,,13561800.0,,20567200.0,,13494400.0,,9428300.0,,,,8368900.0,,133364500.0,,52864200.0,,178600.0,,,,11725300.0,,,,,9537800.0,,,143671.0,2473100.0,,,,2527500.0,,0.0,881329.0,10243400.0,,12306800.0,,,1986900.0,803,32855500.0,,12477400.0,,9932700.0,,15086000.0,,25514200.0,0.0,18540400.0,0.0,,,12554200.0,,14178600.0,,13431900.0,,,,4401800.0,,17218100.0,,10905100.0,295139,33984800.0,,42442500.0,,3549600.0,,4999400.0,,1343800.0,,72.0,2421400.0,,,15338500.0,,4620600.0,,34790200.0,,2873200.0,,,4537600.0,,1695.0,32836200.0,,,,26904700.0,,15744500.0,,,6220300.0,0.0,60705100.0,0.0,5819200.0,,27535200.0,,53495700.0,0.0,8508900.0,,7591000.0,,18137200.0,,,18380000.0,,293000.0,,,,6888700.0,,3094300.0,,10294000.0,,,9816100.0,271085,,15228500.0,,35474900.0,,25456100.0,,30049200.0,,31720000.0,,565800.0,,,,11049500.0,,79915400.0,,174543.0,125013200.0,,14780500.0,6836,209095300.0,,22094200.0,,181539000.0,,22418800.0,,25.0,8281300.0,,,,846200.0,150274.0,23.0,72683900.0,0.0,,17355300.0,,8963900.0,,,,75264600.0,,3473100.0,,20187700.0,0.0,18845500.0,,,,408800.0,,1338.0,,,,28730000.0,,11490200.0,4605.0,17519900.0,0.0,4776800.0,,69568800.0,,74612700.0,,7155200.0,,81699800.0,,332117.0,,,,87477200.0,,68259800.0,,1430700.0,,,,1108500.0,,,2488700.0,,6037400.0,,108545900.0,,55088300.0,,12571600.0,,1966800.0,,6811300.0,,12782930.0,,25779100.0,,1274500.0,0.0,13759600.0,0.0,11303500.0,,6674900.0,,5382300.0,0,7408700.0,,7149700.0,,17091500.0,,,,9334600.0,,135633300.0,,,,,,5796900.0,0.0
2026-03-03,6818327.0,3763225.0,54879010.0,1221152.0,1507045.0,2299627.0,2709473.0,39338160.0,27370602.0,34870591.0,279341876.0,39310100.0,64441703.0,1279838.0,13355928.0,16983300.0,,38568900.0,,6206600.0,,5896200.0,,7982000.0,,37785700.0,,43184900.0,,5193600.0,,5303800.0,,2012500.0,,21783400.0,,20826200.0,,13429600.0,,18476800.0,,,,10771900.0,,107639800.0,,37218400.0,,189300.0,,,,6348700.0,,,,,15189400.0,,,229556.0,3332700.0,,,,3014100.0,,0.0,1009753.0,8099500.0,,12828800.0,,,1947100.0,1094,33367000.0,,19706000.0,,13208900.0,,30852800.0,,24549400.0,0.0,17521100.0,0.0,,,15258200.0,,13608400.0,,16791100.0,,,,4280200.0,,29746600.0,,21664700.0,346749,65699600.0,,98268100.0,,3409300.0,,8393900.0,,736800.0,,1776.0,3558100.0,,,14816800.0,,4124000.0,,35497000.0,,3782100.0,,,3964700.0,,1489.0,27508200.0,,,,26929200.0,,18494400.0,,,6960400.0,0.0,83971000.0,0.0,4948000.0,,31251300.0,,59537000.0,0.0,10278200.0,,12669000.0,,20549300.0,,,62818000.0,,328900.0,,,,7208700.0,,2846000.0,,12442300.0,,,12263800.0,214740,,15826400.0,,38199200.0,,19405900.0,,39010900.0,,37806000.0,,743700.0,,,,10158200.0,,59149000.0,,225190.0,85546500.0,,17606100.0,19836,178099400.0,,34247800.0,,100359300.0,,20120800.0,,22.0,10319500.0,,,,848900.0,84573.0,0.0,67460200.0,0.0,,22406400.0,,10372400.0,,,,97015500.0,,4480500.0,,25283000.0,0.0,17405200.0,,,,420600.0,,1600.0,,,,26566000.0,,13768900.0,3449.0,20533500.0,0.0,7890300.0,,77135200.0,,71879300.0,,12244700.0,,131198300.0,,420941.0,,,,105003100.0,,94170600.0,,2007200.0,,,,895000.0,,,3698500.0,,6783500.0,,163365500.0,,62617300.0,,18580200.0,,2367200.0,,7496500.0,,12829100.0,,21892500.0,,1527500.0,0.0,10243700.0,0.0,18140700.0,,5474300.0,,6866600.0,0,9983000.0,,5587600.0,,16480400.0,,,,13501200.0,,154770800.0,,,,,,4513700.0,0.0
2026-03-04,9253420.0,4855346.0,89427954.0,1314788.0,2051989.0,4796391.0,2558128.0,70124750.0,32965198.0,40670155.0,205303841.0,30742945.0,62511701.0,2401480.0,10038430.0,10474500.0,,39803100.0,,4329200.0,,5440100.0,,5980400.0,,40912600.0,,54731100.0,,8394400.0,,2984500.0,,1486700.0,,20805400.0,,34895800.0,,11175800.0,,14293900.0,,,,9851100.0,,113133100.0,,62294000.0,,168600.0,,,,4369100.0,,,,,8267800.0,,,152390.0,2823700.0,,,,2708600.0,,0.0,617822.0,10520100.0,,27200300.0,,893.0,1806600.0,904,24171000.0,,9137900.0,,11583700.0,,33410000.0,,25322800.0,0.0,20388100.0,0.0,,,8505500.0,,9672300.0,,20249600.0,,,,4594200.0,,14258200.0,,8752700.0,365321,65494500.0,0.0,31229500.0,,2388100.0,,4469800.0,,1461500.0,,679.0,1817500.0,,,12683900.0,,3485600.0,,29536200.0,,2081700.0,,,4324400.0,,736.0,20438100.0,,,,38493800.0,,10252800.0,,,6085000.0,0.0,96628100.0,0.0,5875200.0,,39073900.0,,37979700.0,0.0,8055700.0,,7982000.0,,21011800.0,,,64844000.0,,206500.0,,,,7905300.0,,1965500.0,,8614400.0,,,10810100.0,191697,,14677500.0,,35808000.0,,37382600.0,,32644900.0,,33906000.0,,676500.0,,0.0,,12975800.0,,52604300.0,,155742.0,69147600.0,,17432000.0,16521,177731200.0,,26808100.0,,104822000.0,,17585400.0,,18.0,9541900.0,,,,723300.0,34115.0,5.0,60062200.0,0.0,,14612800.0,,9309800.0,,,,70943900.0,,5053300.0,,23847600.0,0.0,17073000.0,,,,93100.0,,502.0,,,,31472400.0,,8767200.0,3752.0,15614300.0,0.0,3841200.0,,64631200.0,,62745900.0,,6244800.0,,78143300.0,,286038.0,,,,79182200.0,,63022100.0,,1506800.0,,,,348900.0,,,3358900.0,,4338100.0,,99738400.0,,68305500.0,,12131100.0,,2471000.0,,5451500.0,,10373880.0,,19818600.0,,626200.0,0.0,9629400.0,0.0,10370800.0,,5257900.0,,4298500.0,0,9724800.0,,8687100.0,,16434100.0,,,,8470000.0,,70732700.0,,,,,,7805100.0,0.0
2026-03-05,6442459.0,2663493.0,53959129.0,1220260.0,1671549.0,3089855.0,1954025.0,43909100.0,23955443.0,28402081.0,134042468.0,37900360.0,44459291.0,1733391.0,10981363.0,10217700.0,,49658600.0,,5822300.0,,6435300.0,,5899700.0,,36000700.0,,60943400.0,,7623800.0,,3437800.0,,1804500.0,,15788500.0,,57076600.0,,6438000.0,,18612900.0,,,,9596300.0,,105372400.0,,39345900.0,,321600.0,,,,8963400.0,,,,,8985100.0,,,146018.0,3713200.0,,,,7847000.0,,0.0,707030.0,8812300.0,,15036600.0,,,2766000.0,369,20902200.0,,11716200.0,,15860900.0,,23784800.0,,22667500.0,0.0,26844800.0,0.0,,,7027600.0,,11751500.0,,16663700.0,,,,5809500.0,,18638500.0,,10060900.0,361143,61265800.0,0.0,56544300.0,,4061300.0,,3512300.0,,925700.0,,1701.0,3203700.0,,,18285500.0,,5288100.0,,35752300.0,,3093700.0,,,4752200.0,,1705.0,19004100.0,,,,39868300.0,,12822200.0,,,9894600.0,0.0,78229400.0,0.0,4530400.0,,45269300.0,,60414600.0,0.0,12732500.0,,10777000.0,,23165700.0,,,59144000.0,,92200.0,,,,6743800.0,,3769900.0,,10241000.0,,,13341400.0,221732,,42620200.0,,39001300.0,,21286000.0,,29960100.0,,33362000.0,,4531200.0,,0.0,,8769300.0,,53403000.0,,148177.0,45999800.0,,26568000.0,3684,198779700.0,,21579000.0,,86235300.0,,24094800.0,,175.0,9220500.0,,,,749500.0,35052.0,205.0,50714500.0,0.0,,18317700.0,,8981000.0,,,,89602400.0,,6249900.0,,27696900.0,0.0,14528800.0,,,,62900.0,,597.0,,,,26932500.0,,11793700.0,2121.0,15433600.0,0.0,6950700.0,,57934400.0,,68834400.0,,7898100.0,,110055800.0,,512786.0,,,,106606500.0,,79927100.0,,1333700.0,,,,514600.0,,,3936100.0,,4982500.0,,129713200.0,,51925900.0,,16249800.0,,2112200.0,,8051800.0,,19823350.0,,17894000.0,,1495300.0,0.0,10233000.0,0.0,14845900.0,,8267200.0,,5291500.0,0,6296300.0,,6695600.0,,28604900.0,,,,10130700.0,,85177800.0,,,,,,5585100.0,0.0
2026-03-06,3744322.0,1582300.0,29522650.0,611215.0,1042652.0,2232244.0,1179043.0,25625900.0,30359878.0,35578752.0,293556057.0,21966767.0,81436279.0,1352664.0,8742905.0,15240700.0,,41120000.0,,4802300.0,,4434000.0,,8655200.0,,33913800.0,,51152700.0,,5177300.0,,4331100.0,,1900100.0,,13624900.0,,39152200.0,,9909700.0,,10957000.0,,,,14852800.0,,105997700.0,,43815400.0,,116200.0,,,,5564400.0,,,,,10342200.0,,,197523.0,3564400.0,,,,3924200.0,,0.0,996251.0,8055900.0,,11504900.0,,,2708900.0,229,19662200.0,,6948700.0,,9657400.0,,18416800.0,,25591600.0,0.0,20621200.0,0.0,,,7100400.0,,10448600.0,,12103800.0,,,,4137300.0,,11412100.0,,9022500.0,255150,43780300.0,0.0,34586100.0,,2982600.0,,2489900.0,,948800.0,,148.0,2678600.0,,,19123600.0,,5825300.0,,25576900.0,,2473000.0,,,4167400.0,,1171.0,21093800.0,,,,28734400.0,,16611800.0,,,6234400.0,0.0,74698300.0,0.0,4330400.0,,34750200.0,,64192000.0,0.0,13496500.0,,11179000.0,,15516000.0,,,25150000.0,,84300.0,,,,8754300.0,,2627800.0,,13597800.0,,,13159400.0,109307,,90071100.0,,31123900.0,,19538800.0,,34458800.0,,37124000.0,,7473900.0,,0.0,,7829400.0,,41196300.0,,196840.0,43507300.0,,25972300.0,1026,189021900.0,,15632400.0,,160635300.0,,38000600.0,,2.0,7202500.0,,,,654700.0,39935.0,0.0,74980900.0,0.0,,15900100.0,,9197000.0,,,,86302300.0,,5084000.0,,24930200.0,0.0,22272800.0,,,,125000.0,,282.0,,,,21134600.0,,12423200.0,5034.0,16108900.0,0.0,6039600.0,,60681600.0,,76383800.0,,3956100.0,,125241500.0,,840440.0,,,,100687000.0,,59856700.0,,2667200.0,,,,413400.0,,,5896900.0,,7091400.0,,141012200.0,,64054600.0,,13803000.0,,1587400.0,,7220500.0,,16152760.0,,14771200.0,,683300.0,0.0,14107600.0,0.0,13327500.0,,6439700.0,,8772600.0,0,6352700.0,,7798000.0,,21553000.0,,,,11373300.0,,68219000.0,,,,,,4475000.0,0.0
2026-03-07,,,,,,,,,,,,,,,,,,,,,,,,,,,,,,,,,,,,,,,,,,,,,,,,,,,,,,,,,,,,,,,,,,,,,,,0.0,,,,,,419.0,,180,,,,,,,,,,0.0,,0.0,,,,,,,,,,,,,,,,334210,,0.0,,,,,,,,,,,,,,,,,,,,,,,,,,,,,,,,,,,0.0,,0.0,,,,,,0.0,,,,,,,,,,,,,,,,,,,,,,38672,,,,,,,,,,,,,,0.0,,,,,,,,,,2996,,,,,,,,,,,,,,,34181.0,,,0.0,,,,,,,,,,,,,0.0,,,,,,,,,,,,,,1694.0,,0.0,,,,,,,,,,,,,,,,,,,,,,,,,,,,,,,,,,,,,,,,,,,,,0.0,,0.0,,,,,,0,,,,,,,,25.0,,,,,,,,,,0.0
2026-03-08,,,,,,,,,,,,,,,,,,,,,,,,,,,,,,,,,,,,,,,,,,,,,,,,,,,,,,,,,,,,,,,,,,,,,,,0.0,,,,,,670.0,,39,,,,,,,,,,0.0,,0.0,,,,,,,,,,,,,,,,298367,,0.0,,,,,,,,,,,,,,,,,,,,,,,,,,,,,,,,,,,0.0,,0.0,,,,,,0.0,,,,,,,,,,,,,,,,,,,,,,314129,,,,,,,,,,,,,,0.0,,,,,,,,,,5680,,,,,,,,,,,,,,,33174.0,,,0.0,,,,,,,,,,,,,0.0,,,,,,,,,,,,,,3208.0,,0.0,,,,,,,,,,,,,,,,,,,,,,,,,,,,,,,,,,,,,,,,,,,,,0.0,,0.0,,,,,,0,,,,,,,,,,,,,,,,,,0.0
2026-03-09,7253621.0,1913094.0,43066020.0,689302.0,940462.0,1519978.0,1042771.0,32610060.0,31383491.0,34975196.0,176802011.0,31474315.0,67180598.0,1371130.0,17437356.0,13838000.0,,38218500.0,,4728400.0,,5939900.0,,9504100.0,,38877200.0,,54642900.0,,5332500.0,,3990700.0,,1808900.0,,10640100.0,,40605800.0,,8660300.0,,10072400.0,,,,12964500.0,,129374000.0,,50899000.0,,491000.0,,,,5833600.0,,,,,10438800.0,,,235965.0,3584400.0,,,,3070300.0,,0.0,1107193.0,10589700.0,,12064600.0,,240.0,2348200.0,2579,21509600.0,,7272300.0,,10754800.0,,15401600.0,,21551500.0,0.0,32855900.0,0.0,,,7400600.0,,11715100.0,,14989700.0,,,,4230400.0,,20330900.0,,11202900.0,375831,46248500.0,0.0,43894500.0,,4021600.0,,4881200.0,,820700.0,,639.0,2878000.0,,,15927600.0,,7210900.0,,29312100.0,,3258200.0,,,4224500.0,,1061.0,174964100.0,,,,25186600.0,,34704400.0,,,6126600.0,0.0,82937400.0,0.0,4706400.0,,31856500.0,,65369500.0,0.0,12241100.0,,11207000.0,,18554100.0,,,43294000.0,,137300.0,,,,7822700.0,,2802200.0,,13421000.0,,,13489700.0,147659,,38873500.0,,30131900.0,,20433000.0,,35547200.0,,46914000.0,,3118800.0,,0.0,,9983800.0,,48589000.0,,233306.0,46247300.0,,20324700.0,7305,177213600.0,,23796000.0,,91130900.0,,31173500.0,,52.0,9194300.0,,,,709600.0,39448.0,0.0,47574200.0,0.0,,18908300.0,,12304600.0,,,,93068200.0,,7991100.0,,25666200.0,0.0,18434200.0,,,,134300.0,,497.0,,,,27705300.0,,16338100.0,1263.0,21205500.0,0.0,4836200.0,,105984000.0,,75562800.0,,6449900.0,,114897700.0,,863680.0,,,,102667700.0,,77827900.0,,3156800.0,,,,338000.0,,,6533700.0,,6829000.0,,159005500.0,,67018900.0,,19182800.0,,1876300.0,,7597500.0,,18457090.0,,21208900.0,,901700.0,0.0,11393200.0,0.0,13917600.0,,8381500.0,,20427900.0,0,10377400.0,,7619900.0,,19375900.0,,,,12194300.0,,88747400.0,,,,,,3374400.0,0.0
2026-03-10,5304897.0,1270933.0,33530170.0,979618.0,935756.0,1602070.0,1051235.0,22322810.0,57862244.0,33703532.0,144887256.0,28309414.0,46241432.0,1341297.0,11554549.0,13617300.0,,30590800.0,,4591600.0,,4284900.0,,6121100.0,,29139200.0,,35678800.0,,6688500.0,,3659800.0,,1650900.0,,11452400.0,,29531700.0,,14525000.0,,15264300.0,,,,10774600.0,,145313100.0,,35360400.0,,477800.0,,,,3598700.0,,,,,6944600.0,,,144614.0,3089100.0,,,,3020900.0,,0.0,801564.0,7866100.0,,10846100.0,,,1613400.0,2885,24161100.0,,5691500.0,,14467400.0,,13267200.0,,16449300.0,0.0,24836000.0,0.0,,,7518700.0,,7833100.0,,12336100.0,,,,4474800.0,,12730100.0,,8586200.0,371135,35090800.0,0.0,32098900.0,,2883600.0,,4685500.0,,729600.0,,4300.0,2393600.0,,,16870600.0,,5144400.0,,23239700.0,,1871900.0,,,3986000.0,,737.0,118638500.0,,,,22663600.0,,36131400.0,,,4938000.0,0.0,85233300.0,0.0,7236000.0,,28138200.0,,55879100.0,0.0,8344900.0,,8912000.0,,17243900.0,,,30520000.0,,274100.0,,,,7129000.0,,1663700.0,,10699700.0,,,9859300.0,138358,,26499500.0,,31706400.0,,18325000.0,,33745400.0,,48540000.0,,5655900.0,,0.0,,7125500.0,,41027200.0,,205911.0,60837800.0,,21872600.0,2601,179118500.0,,20832600.0,,90578700.0,,51544600.0,,0.0,6847000.0,,,,1591400.0,51914.0,200.0,47501400.0,0.0,,17575900.0,,10447300.0,,,,64078900.0,,6156800.0,,51139300.0,0.0,18248800.0,,,,181500.0,,106.0,,,,19233100.0,,13687700.0,3646.0,18133200.0,0.0,4428200.0,,88738400.0,,62077100.0,,6905900.0,,104717600.0,,505639.0,,,,81505300.0,,64533300.0,,4394200.0,,,,504600.0,,,2829500.0,,6418200.0,,115057200.0,,59258700.0,,12985600.0,,1877800.0,,5929200.0,,21581270.0,,17581500.0,,1001000.0,0.0,16666600.0,0.0,9770500.0,,5271300.0,,11306800.0,0,9668000.0,,8123200.0,,18793600.0,,,,10042000.0,,88817900.0,,,,,,3364100.0,0.0
2026-03-11,3916098.0,1415825.0,24311356.0,603440.0,757145.0,1091554.0,1047058.0,20831090.0,47623240.0,22914593.0,127324683.0,23897170.0,39917143.0,1331127.0,8969552.0,10310400.0,,26218900.0,,4862400.0,,5401700.0,,4517200.0,,23076400.0,,34199300.0,,5712900.0,,2447700.0,,1164700.0,0.0,10197400.0,,20104100.0,,11187100.0,,6685100.0,,,,9360000.0,,136567800.0,,30490500.0,0.0,182800.0,,,,3845700.0,,,,,8917400.0,,,101940.0,1947500.0,,,,2058400.0,,0.0,538020.0,6806900.0,,9531700.0,,86.0,1260500.0,0,19437400.0,,6121200.0,,9580000.0,,11622000.0,,33672100.0,0.0,14719900.0,0.0,,,5405700.0,,8152800.0,,15193200.0,,,,4888100.0,,8068300.0,,6500200.0,294932,25279400.0,0.0,24819600.0,,4011900.0,,6950000.0,,1262500.0,,633.0,1706700.0,,,13334300.0,,5152600.0,,24125700.0,,2227000.0,,,3197100.0,,853.0,111773500.0,,,,22677200.0,,23240200.0,,,4008500.0,0.0,72480600.0,0.0,4544000.0,,39131200.0,,50418100.0,0.0,10205000.0,,8164000.0,,11546800.0,,,18822000.0,,274900.0,,,,4080600.0,,1446900.0,,7160500.0,,,8977200.0,93660,,18446200.0,,25512100.0,,15637600.0,,30191400.0,,46762000.0,,1377600.0,,0.0,,34845300.0,,33962900.0,,141651.0,34696500.0,,14594900.0,8546,145280400.0,,13208200.0,,88367400.0,,83247500.0,,16.0,5480900.0,,,,878900.0,47963.0,0.0,33955900.0,0.0,,13794100.0,,7830500.0,,,,60114800.0,,5087300.0,,21360700.0,0.0,18140600.0,,,,48600.0,,1455.0,,,,22009200.0,,6024900.0,2707.0,15815800.0,0.0,3481300.0,,66544800.0,,59435000.0,,4798800.0,,83007700.0,,374588.0,,,,68441700.0,,54975600.0,,4617800.0,,,,479800.0,,,2580500.0,,7927400.0,,91104300.0,,62559900.0,,10683300.0,,1868800.0,,4995200.0,,15602750.0,,21010800.0,,444100.0,0.0,13560300.0,0.0,8733300.0,,6376700.0,,7103200.0,0,5672200.0,,11039600.0,,18176500.0,,,14.0,7379400.0,,48743700.0,,,,,,3512000.0,0.0
2026-03-12,3711742.0,1146292.0,20440753.0,480216.0,700973.0,790870.0,956070.0,12702610.0,19663840.0,18845973.0,78757356.0,23911726.0,37947010.0,731696.0,7808698.0,15398400.0,,40794000.0,,10895000.0,,3620700.0,,5978200.0,,28886900.0,,44349500.0,,5004700.0,,3451000.0,,1780200.0,0.0,9899800.0,,21982700.0,,11952900.0,,7591800.0,,,,9228800.0,,114238000.0,,32206900.0,0.0,481900.0,,,,4170900.0,,,,,15162000.0,,,92219.0,3231800.0,,,,2641100.0,,0.0,548999.0,5718800.0,,7967100.0,,1763.0,1669200.0,571,12296200.0,,6053300.0,,26309700.0,,9440000.0,,16174700.0,0.0,19969500.0,0.0,,,7340900.0,,10309400.0,,14743700.0,,,,3951900.0,,13356700.0,,8822000.0,323763,32466900.0,0.0,39459200.0,,4627100.0,,3853100.0,,898100.0,,410.0,2142900.0,,,8024000.0,,5201800.0,,24928300.0,,3533000.0,,,3893600.0,,636.0,68303400.0,,,,22668300.0,,21180600.0,,,5547700.0,0.0,85110200.0,0.0,4159200.0,,29491900.0,,61802900.0,0.0,13760500.0,,12596000.0,,16842200.0,,,38282000.0,,75300.0,,,,4922500.0,,2340100.0,,9932900.0,,,11617500.0,61343,,16854400.0,,27263900.0,,15229400.0,,31720900.0,,43584000.0,,654900.0,,0.0,,13302400.0,,34206900.0,,150134.0,88769700.0,,18372100.0,8804,155762700.0,,17123000.0,,136065200.0,,37133700.0,,2.0,7961500.0,,12338800.0,,712500.0,33201.0,0.0,54409800.0,0.0,,15293100.0,,9162800.0,,,,71836600.0,,3330300.0,,37373900.0,0.0,17683000.0,,,,111700.0,,284.0,,,,16569400.0,,9845200.0,4697.0,17284100.0,0.0,3896000.0,,59812800.0,,63114900.0,,5821000.0,,105674400.0,,369717.0,,,,108882200.0,,54968800.0,,7468600.0,,,,320300.0,,,2956400.0,,6451300.0,,130823900.0,,60973800.0,,17549400.0,,1351900.0,,8156800.0,,15893680.0,,17082700.0,,433100.0,0.0,10667300.0,0.0,6476700.0,,7514900.0,,7465400.0,0,5426400.0,,8095700.0,,21751600.0,,,27.0,11524800.0,,69358700.0,,,,,,2932600.0,0.0
2026-03-13,3645102.0,950437.0,19566331.0,374842.0,706127.0,830276.0,733098.0,18409990.0,17183958.0,21726887.0,90631843.0,21198169.0,18836697.0,971600.0,5887631.0,14962100.0,,36930000.0,,17406400.0,,3447100.0,,5332200.0,,27561900.0,,35662100.0,,3791400.0,,2462500.0,,1179000.0,0.0,8347600.0,,34725000.0,,10703900.0,,6438400.0,,,,7664400.0,,131081600.0,,80720500.0,0.0,359700.0,,,,3565700.0,,,,,11075700.0,,,71698.0,2042200.0,,,,2425800.0,,0.0,436700.0,3932600.0,,12137100.0,,822.0,1469700.0,1558,11354300.0,,4495300.0,,14834700.0,,8908400.0,,17700700.0,0.0,19080400.0,0.0,,,6441100.0,,9551500.0,,11303400.0,,,,4544000.0,,10036500.0,,7039700.0,325393,23355500.0,0.0,42802600.0,,2632900.0,,3394800.0,,975600.0,,479.0,2271100.0,,,6673400.0,,6399400.0,,23693100.0,,2567400.0,,,2531900.0,,546.0,42982500.0,,,,33417500.0,,14179100.0,,,4338400.0,0.0,68386200.0,0.0,4272000.0,,34432200.0,,53933300.0,0.0,9091200.0,,12718000.0,,11974500.0,,,23190000.0,,732500.0,,,,3849700.0,,1984400.0,,8906500.0,,,18957600.0,105956,,14108100.0,,26848000.0,,23685400.0,,39261000.0,,56760000.0,,682800.0,,0.0,,15433700.0,,29876700.0,,129471.0,82307400.0,,14846400.0,1568,160988400.0,,11608600.0,,73311700.0,,26350400.0,,0.0,6258600.0,,14116800.0,,715000.0,32917.0,0.0,42460600.0,0.0,,13962500.0,,7786700.0,,,,63145500.0,,3049100.0,,30983100.0,0.0,16039800.0,,,,119800.0,,856.0,,,,18279100.0,,7636100.0,4869.0,18806900.0,0.0,3915100.0,,81815200.0,,56401700.0,,4178100.0,,83244300.0,,341045.0,,,,97200200.0,,61870300.0,,3027100.0,,,,419800.0,,,2166100.0,,6485100.0,,141952500.0,,58504100.0,,17299900.0,,1633800.0,,3688400.0,,14786620.0,,16400700.0,,768500.0,0.0,11460500.0,0.0,6576400.0,,4814100.0,,6981200.0,0,8201200.0,,9889500.0,,15194100.0,,,,10405300.0,,43374600.0,,,,,,2743000.0,0.0
2026-03-14,,,,,,,,,,,,,,,,,,,,,,,,,,,,,,,,,,,0.0,,,,,,,,,,,,,,,,0.0,,,,,,,,,,,,,,,,,,,,0.0,,,,,,,,0,,,,,,,,,,0.0,,0.0,,,,,,,,,,,,,,,,296291,,0.0,,,,,,,,,,,,,,,,,,,,,,,,,,,,,,,,,,,0.0,,0.0,,,,,,0.0,,,,,,,,,,,,,,,,,,,,,,72632,,,,,,,,,,,,,,0.0,,,,,,,,,,2775,,,,,,,,,,,,,,,48883.0,,,0.0,,,,,,,,,,,,,0.0,,,,,,,,,,,,,,5003.0,,0.0,,,,,,,,,,,,,,,,,,,,,,,,,,,,,,,,,,,,,,,,,,,,,0.0,,0.0,,,,,,0,,,,,,,,,,,,,,,,,,0.0
2026-03-15,,,,,,,,,,,,,,,,,,,,,,,,,,,,,,,,,,,0.0,,,,,,,,,,,,,,,,0.0,,,,,,,,,,,,,,,,,,,,0.0,,,,,,620.0,,462,,,,,,,,,,0.0,,0.0,,,,,,,,,,,,,,,,299632,,0.0,,,,,,,,,,,,,,,,,,,,,,,,,,,,,,,,,,,0.0,,0.0,,,,,,0.0,,,,,,,,,,,,,,,,,,,,,,336804,,,,,,,,,,,,,,0.0,,,,,,,,,,3385,,,,,,,,,,,,,,,33515.0,,,0.0,,,,,,,,,,,,,0.0,,,,,,,,,,,,,,6322.0,,0.0,,,,,,,,,,,,,,,,,,,,,,,,,,,,,,,,,,,,,,,,,,,,,0.0,,0.0,,,,,,0,,,,,,,,,,,,,,,,,,0.0
2026-03-16,3829496.0,1348089.0,19747901.0,703241.0,531797.0,879249.0,648220.0,17076990.0,24217363.0,25723198.0,227090440.0,27431981.0,38287519.0,3359069.0,12829074.0,10815600.0,,32074200.0,,11679200.0,,4610400.0,,4427000.0,,30285200.0,,42209300.0,,3998200.0,,4407300.0,,1310400.0,0.0,8143300.0,,31363100.0,,11318400.0,,9972300.0,,,,10967000.0,,121139300.0,,74365200.0,0.0,571100.0,,,,3752000.0,,,,,7786800.0,,,77839.0,2145500.0,,,,3759700.0,,0.0,455454.0,6165200.0,,13054000.0,,467.0,1243400.0,1377,18613500.0,,9100900.0,,13419600.0,,14665600.0,,25842500.0,0.0,14715100.0,0.0,,,7923400.0,,11578500.0,,12354300.0,,,,4676700.0,,6784700.0,,6249300.0,342565,24762800.0,0.0,30966800.0,,3692600.0,,2616200.0,,1233600.0,,130.0,2361400.0,,,9243400.0,,6134900.0,,23519700.0,,2082700.0,,,3194400.0,,571.0,37972100.0,,,,22783400.0,,16518800.0,,,5674200.0,0.0,114199400.0,0.0,5869600.0,,40308400.0,,48755700.0,0.0,8149000.0,,9557000.0,,11761200.0,,,22894000.0,,37400.0,,,,5036600.0,,2289900.0,,9533100.0,,,15134900.0,232901,,15875500.0,,27733700.0,,22933200.0,,43067600.0,,42598000.0,,1174800.0,,0.0,,34657700.0,,34931800.0,,130165.0,71010000.0,,12289400.0,63608,217307400.0,,11442700.0,,88867500.0,,21607700.0,,0.0,5985100.0,,6386400.0,,662200.0,44597.0,2.0,32898900.0,0.0,,14460200.0,,10132900.0,,,,49077200.0,,4488700.0,,25041500.0,0.0,16946700.0,,,,212300.0,,91.0,,,,28824000.0,,10317600.0,1106.0,19406300.0,0.0,3894000.0,,71164000.0,,66832200.0,,4147100.0,,79819200.0,,230871.0,,,,82023100.0,,48893200.0,,2493600.0,,,,406000.0,,,2448400.0,,5296900.0,,81421500.0,,58068300.0,,11123500.0,,2129900.0,,4754900.0,,17041810.0,,15997300.0,,457400.0,0.0,12629100.0,0.0,7856600.0,,6401200.0,,7386700.0,40,8565000.0,,7268500.0,,20463200.0,,,,7354200.0,,39474300.0,,,,,,2988300.0,
2026-03-17,3326240.0,1346937.0,20300082.0,1036393.0,614390.0,656744.0,691353.0,17037810.0,22872974.0,25172006.0,206256757.0,30040984.0,52313278.0,1981079.0,12572264.0,16650000.0,,32361600.0,,6456200.0,,5941300.0,,4833900.0,,22779700.0,,44969900.0,,4331500.0,,5890700.0,,1135600.0,0.0,13878500.0,,38026500.0,,9977700.0,,10005700.0,,,,6361100.0,,116242700.0,,39542300.0,0.0,293800.0,,,,4424900.0,,,,,9070200.0,,,65199.0,1824900.0,,,,3264000.0,,0.0,308425.0,7599900.0,,11948000.0,,1460.0,1210400.0,0,23078300.0,,15647400.0,,11559300.0,,11726000.0,,17332100.0,0.0,16210500.0,0.0,,,6675800.0,,11785600.0,,14168300.0,,,,5452700.0,,5197800.0,,5348400.0,338160,15549900.0,0.0,23964900.0,,3473500.0,,2370700.0,,1312900.0,,239.0,2259300.0,,,10251100.0,,3078400.0,,21955200.0,,1955600.0,,,3075900.0,,703.0,35316100.0,,,,20210200.0,,16696700.0,,,5840100.0,0.0,89061600.0,0.0,7796800.0,,27945800.0,,40642800.0,0.0,8961200.0,,8535000.0,,14900100.0,,,12726000.0,,22600.0,,,,9003700.0,,5637500.0,,10043700.0,,,10348800.0,264407,,11622600.0,,26228300.0,,18448500.0,,43017900.0,,54148000.0,,541200.0,,0.0,,57203800.0,,26434500.0,,101786.0,49725000.0,,13368500.0,1673,182497800.0,,12174900.0,,109611300.0,,23929500.0,,2.0,5520400.0,,4512700.0,,1806900.0,36859.0,0.0,37118500.0,0.0,,21819800.0,,10544300.0,,,,47106600.0,,6424800.0,,22536900.0,0.0,29734900.0,,,,199100.0,,248.0,,,,20833600.0,,6646300.0,900.0,14782100.0,0.0,4251700.0,,61745600.0,,160394800.0,,5743300.0,,59567700.0,,190836.0,,,,87128000.0,,40038500.0,,1545500.0,,,,326800.0,,,2481800.0,,3286500.0,,74570100.0,,46890500.0,,11434600.0,,1587400.0,,3385200.0,,16645890.0,,33146100.0,,620700.0,0.0,9665500.0,0.0,5627200.0,,6872200.0,,5121300.0,0,14247500.0,,6385500.0,,19895000.0,,,,5898900.0,,40137700.0,,,,,,2205900.0,0.0
2026-03-18,4347884.0,930616.0,25148481.0,856316.0,687521.0,920505.0,933385.0,20662540.0,21350876.0,30042411.0,138424731.0,37780487.0,26863720.0,3910191.0,14029755.0,15330900.0,,35757900.0,,7305600.0,,3844900.0,,5170500.0,,28569100.0,,37846600.0,,3514900.0,,4206900.0,,1391400.0,0.0,9098200.0,,25460600.0,,9256400.0,,17158600.0,,,,8579000.0,,133484100.0,,51632900.0,0.0,148400.0,,,,4356400.0,,,,,9748200.0,,,73104.0,1796200.0,,,,4159500.0,,0.0,157222.0,9952700.0,,12602200.0,,,1434400.0,0,16909300.0,,7469600.0,,10525100.0,,11196400.0,,17332800.0,0.0,18827600.0,0.0,,,5460700.0,,12615100.0,,15677300.0,,,,4324800.0,,8642600.0,,4421400.0,334314,19764500.0,0.0,25473300.0,,3385500.0,,2560000.0,,1297200.0,,1461.0,2193100.0,,,10626000.0,,3075900.0,,20009800.0,,1541300.0,,,3592200.0,,1985.0,35354200.0,,,,21937600.0,,10572700.0,,,5177000.0,0.0,78056200.0,0.0,4641600.0,,23967300.0,,43192600.0,0.0,10057000.0,,8830000.0,,13134600.0,,,23740000.0,,524100.0,,,,9636400.0,,3443800.0,,12478800.0,,,11726300.0,869268,,16096700.0,,25908500.0,,21314100.0,,58973700.0,,80484000.0,,685200.0,,0.0,,35792300.0,,27878300.0,,141167.0,52448200.0,,10080100.0,1613,156683100.0,,26115900.0,,79494300.0,,18051100.0,,0.0,5789600.0,,3905000.0,,466000.0,30179.0,0.0,32476700.0,0.0,,19662700.0,,9894300.0,,,,56128000.0,,4155900.0,,19144700.0,0.0,33919300.0,,,,243500.0,,340.0,,,,24360500.0,,8372400.0,225.0,20663100.0,0.0,4253000.0,,81894400.0,,80507500.0,,5195100.0,,75470000.0,,241469.0,,,,82062600.0,,52923300.0,,1694600.0,,,,320200.0,,,2653400.0,,4696800.0,,105059300.0,,50853100.0,,12632600.0,,1497500.0,,5069200.0,,21065460.0,,13692700.0,,752600.0,0.0,12070800.0,0.0,8097000.0,,7191700.0,,6673800.0,0,12453900.0,,13315100.0,,19734900.0,,,1.0,9336100.0,,42908000.0,,,,,,2671300.0,0.0
2026-03-19,3347483.0,770000.0,19884483.0,923071.0,474188.0,788358.0,560434.0,19623200.0,59432770.0,66666228.0,348023057.0,33140756.0,50616607.0,2182852.0,8056075.0,11294000.0,,34864100.0,,4459800.0,,4170300.0,,6459700.0,,32245300.0,,36440600.0,,4760100.0,,3497600.0,,1619100.0,0.0,10241000.0,,23524800.0,,10758000.0,,33440500.0,,,,9643800.0,,180064000.0,,41480300.0,0.0,193400.0,,,,4045600.0,,,,,8837300.0,,,87485.0,2240200.0,,,,3934600.0,,0.0,118719.0,9382800.0,,9273000.0,,,1340200.0,0,19498400.0,,6957100.0,,9254300.0,,9439200.0,,19522400.0,0.0,17519600.0,0.0,,,7715300.0,,14793800.0,,11609700.0,,,,4754600.0,,8664700.0,0.0,6249600.0,289430,21186400.0,0.0,40486400.0,,3098000.0,,3005100.0,,766000.0,,627.0,2509500.0,,,11160100.0,,5194500.0,,25075800.0,,1765900.0,,,3845400.0,,1355.0,29908800.0,,,,21552500.0,,10302300.0,,,4249500.0,0.0,74051500.0,0.0,5820800.0,,23952700.0,,59219500.0,0.0,9846700.0,,9997000.0,,13023300.0,,,21942000.0,,151100.0,,,,7567000.0,,2379000.0,,10101900.0,,,13247700.0,107314,,13388800.0,,25138800.0,,19227700.0,,74591900.0,,92024000.0,,414000.0,,0.0,,14606000.0,,40169300.0,,154492.0,64257400.0,,11361600.0,605,170968500.0,,21364500.0,,69267000.0,,22046100.0,,9.0,6558200.0,,3803900.0,,468500.0,31688.0,25.0,33915900.0,0.0,,22744600.0,,9846700.0,,,,75597600.0,,4878300.0,,78928100.0,0.0,28549900.0,,,,237900.0,,138.0,,,,25754900.0,,12674800.0,47.0,21266400.0,0.0,3815100.0,,77143200.0,,72088500.0,,4789600.0,,93732700.0,,329813.0,,,,111272500.0,,66223900.0,,1398900.0,,,,576500.0,,,2808100.0,,7340300.0,,138384900.0,,67078300.0,,15411600.0,,1626000.0,,5868100.0,,18810780.0,,13791600.0,,985600.0,0.0,11399700.0,0.0,9020000.0,,6826400.0,,7084600.0,0,9092000.0,,9492600.0,,17927700.0,,,,11717300.0,,69231400.0,,,,,,2839000.0,0.0
2026-03-20,3426646.0,1049264.0,35279762.0,659890.0,673277.0,680315.0,797591.0,14345890.0,24924662.0,47849082.0,396613712.0,53853942.0,64632837.0,1345207.0,10551114.0,12205200.0,,88331100.0,,10467300.0,,8694500.0,,17587900.0,,37265100.0,,63694600.0,,4770400.0,,12450800.0,,2645100.0,0.0,16264200.0,,43325900.0,,10855100.0,,15479300.0,,,,15966000.0,,154506200.0,,65702600.0,0.0,112300.0,,,,7786400.0,,,,,50695600.0,,,57217.0,5131100.0,,,,5809600.0,,0.0,461845.0,51484800.0,,13305100.0,,2505.0,2621600.0,541,22700800.0,,6805000.0,,20201100.0,,36446000.0,,29378500.0,0.0,90380800.0,0.0,,,23135900.0,,27544200.0,,15448500.0,,,,10699200.0,,19746900.0,0.0,6599000.0,314742,32030700.0,0.0,47472300.0,,5263500.0,,3729400.0,,1161100.0,,235.0,4438100.0,,,22234000.0,,7088100.0,,44364100.0,,3918400.0,,,9672200.0,,1388.0,33380800.0,,,,34441100.0,,24417900.0,,,11314100.0,0.0,162814200.0,0.0,5832800.0,,34840900.0,,76749900.0,0.0,22436500.0,,21884000.0,,33298700.0,,,30010000.0,,224300.0,,,,22868800.0,,4818800.0,,26176400.0,,,21214900.0,85698,,25570400.0,,50853200.0,,28568300.0,,64224900.0,,55314000.0,,329400.0,,0.0,,17414000.0,,61678000.0,,106682.0,55117000.0,,18863000.0,652,241323500.0,,26367700.0,,86922700.0,,37551400.0,,2.0,16455400.0,,1462400.0,,1487600.0,29818.0,0.0,48700200.0,0.0,,31695500.0,,78568000.0,,,,91964700.0,,6532900.0,,51016900.0,0.0,35247200.0,,,,80200.0,,45.0,,,,242958500.0,,12846800.0,83.0,23508600.0,0.0,5212300.0,,84791200.0,,78470700.0,,4934300.0,,101773000.0,,287993.0,,,,163617500.0,,57151900.0,,1315000.0,,,,1016500.0,,,4996200.0,,12589200.0,,137952500.0,,78628600.0,,17424200.0,,3698600.0,,15025200.0,,13517250.0,,26161200.0,,887100.0,0.0,33930800.0,0.0,8959700.0,,14398100.0,,87826600.0,0,12877100.0,,16806100.0,,57545600.0,,,,12186700.0,,73003400.0,,,,,,5476000.0,0.0
2026-03-21,,,,,,,,,,,,,,,,,,,,,,,,,,,,,,,,,,,0.0,,,,,,,,,,,,,,,,0.0,,,,,,,,,,,,,,,,,,,,0.0,,,,,,,,703,,,,,,,,,,0.0,,0.0,,,,,,,,,,,,,,0.0,,296656,,0.0,,,,,,,,,,,,,,,,,,,,,,,,,,,,,,,,,,,0.0,,0.0,,,,,,0.0,,,,,,,,,,,,,,,,,,,,,,50088,,,,,,,,,,,,,,0.0,,,,,,,,,,2990,,,,,,,,,,,,,,,33242.0,,,0.0,,,,,,,,,,,,,0.0,,,,,,,,,,,,,,1565.0,,0.0,,,,,,,,,,,,,,,,,,,,,,,,,,,,,,,,,,,,,,,,,,,,,0.0,,0.0,,,,,,0,,,,,,,,,,,,,,,,,,
2026-03-22,,,,,,,,,,,,,,,,,,,,,,,,,,,,,,,,,,,0.0,,,,,,,,,,,,,,,,0.0,,,,,,,,,,,,,,,,,,,,0.0,,,,,,,,1321,,,,,,,,,,0.0,,0.0,,,,,,,,,,,,,,0.0,,295788,,0.0,,,,,,,,,,,,,,,,,,,,,,,,,,,,,,,,,,,0.0,,0.0,,,,,,0.0,,,,,,,,,,,,,,,,,,,,,,253740,,,,,,,,,,,,,,0.0,,,,,,,,,,3121,,,,,,,,,,,,,,,31665.0,,,0.0,,,,,,,,,,,,,0.0,,,,,,,,,,,,,,1441.0,,0.0,,,,,,,,,,,,,,,,,,,,,,,,,,,,,,,,,,,,,,,,,,,,,0.0,,0.0,,,,,,0,,,,,,,,10.0,,,,,,,,,,303.0
2026-03-23,3911813.0,1603262.0,30268173.0,602142.0,692498.0,788575.0,932229.0,31562960.0,35123702.0,50563711.0,252029044.0,37851991.0,54303511.0,1263332.0,16796367.0,10729800.0,,40546100.0,,4080500.0,,4051700.0,,6490700.0,,31857800.0,,44277400.0,,4583500.0,,7959800.0,,1983200.0,0.0,12890800.0,,27369200.0,,13973600.0,,15583900.0,,,,12643400.0,,178351200.0,,47876500.0,0.0,142300.0,,,,4958000.0,,,,,8775100.0,,,113332.0,2981000.0,,,,3544000.0,,0.0,666790.0,9205200.0,,12466500.0,,271.0,1779100.0,0,15857900.0,,6881700.0,,13976200.0,,14413200.0,,19755800.0,0.0,20072200.0,0.0,,,10721300.0,,11373000.0,,18237500.0,,,,5021500.0,,17234500.0,0.0,10250300.0,340125,32748800.0,0.0,53476500.0,,2763500.0,,3328800.0,,936000.0,,544.0,3353900.0,,,13442400.0,,5227300.0,,29326900.0,,2190300.0,,,5806300.0,,1206.0,20283800.0,,,,26070200.0,,16638800.0,,,4972000.0,0.0,80772200.0,0.0,4206400.0,,40609200.0,,78746600.0,0.0,11470800.0,,11738000.0,,15054900.0,,,50914000.0,,190600.0,,,,7352900.0,,2817500.0,,9506200.0,,,13638000.0,218226,,14126700.0,,29680100.0,,21633700.0,,54807300.0,,76406000.0,,911100.0,,0.0,,13470100.0,,34315900.0,,119426.0,45090900.0,,12219100.0,5857,182836300.0,,15011800.0,,92323400.0,,19927900.0,,4.0,7218800.0,,5043300.0,0.0,783300.0,35922.0,2.0,57507100.0,0.0,,21262500.0,,11431600.0,,,,89936100.0,,3514700.0,,37348000.0,0.0,23852300.0,,,,146900.0,,271.0,,,,114269700.0,,12742300.0,1594.0,22925100.0,0.0,4472400.0,,116172800.0,,71455700.0,,4935500.0,,115257400.0,,365695.0,,,,134802700.0,,69991600.0,,1818100.0,,,,1146600.0,,,4243500.0,,16419000.0,,139354300.0,,74606000.0,,15857200.0,,1875900.0,,7452800.0,,29288410.0,,14154700.0,,813800.0,0.0,13864600.0,0.0,8918800.0,,7824500.0,,8888100.0,0,8990500.0,,7349200.0,,22181500.0,,,,8366700.0,,71027200.0,,,,,,3237500.0,241.0
2026-03-24,4352152.0,1082455.0,25458914.0,541705.0,468548.0,853963.0,655877.0,25572400.0,29358876.0,38677919.0,167841875.0,28263565.0,44636705.0,1770158.0,20441104.0,16895700.0,,45152300.0,,6268300.0,,2670200.0,,6406200.0,,27258800.0,,35351400.0,,4037000.0,,10924900.0,,1801000.0,0.0,10141900.0,,19799000.0,,13681900.0,,8516200.0,,,,11845800.0,,140420500.0,,41904700.0,0.0,210900.0,,,,3434400.0,,,,,7565800.0,,,68614.0,2098300.0,,,,3382000.0,,0.0,420067.0,9338800.0,,20833000.0,,2224.0,1259300.0,1032,57254200.0,,6309000.0,,18631400.0,,14545200.0,,21616500.0,0.0,23528000.0,0.0,,,15886500.0,,9155700.0,,16116300.0,,,,6057600.0,,7210300.0,0.0,7028000.0,378789,24789200.0,0.0,34959900.0,,4030800.0,,2968600.0,,798400.0,,378.0,2777700.0,,,21057200.0,,8085900.0,,36864300.0,,1656100.0,,,4566400.0,,1140.0,26400700.0,,,,29061200.0,,28241800.0,,,4151500.0,0.0,65323500.0,0.0,2486400.0,,29659400.0,,45210800.0,0.0,11092300.0,,7823000.0,,15653700.0,,,35870000.0,,18200.0,,,,6993700.0,,2572700.0,,7388000.0,,,10739700.0,80140,,13731200.0,,42733600.0,,19098500.0,,44975100.0,,48062000.0,,914400.0,,0.0,,11830600.0,,28938000.0,,52369.0,52853800.0,,17835200.0,5721,147667800.0,,16143300.0,,96637500.0,,26122100.0,,8.0,7143100.0,,2264400.0,0.0,586500.0,31497.0,18.0,56155700.0,0.0,,19616500.0,,8409200.0,,,,57750900.0,,3471900.0,,19443600.0,0.0,21358000.0,,,,133700.0,,122.0,,,,69821400.0,,6177200.0,1594.0,14536300.0,0.0,4536900.0,,59519200.0,,55320700.0,,3709600.0,,92153500.0,,292215.0,,,,96457500.0,,57159200.0,,1681700.0,,,,690400.0,,,3207700.0,,9543800.0,,105505200.0,,60004900.0,,9725000.0,,2465200.0,,7015200.0,,16801070.0,,14404200.0,,543800.0,0.0,11320200.0,0.0,6028600.0,,5375900.0,,6843000.0,0,7194700.0,,5010400.0,,17269600.0,,,,10280000.0,,51207500.0,,,,,,3780500.0,0.0
2026-03-25,4463869.0,1102731.0,22995904.0,465963.0,465850.0,675633.0,757815.0,16581770.0,37353909.0,43780312.0,313561967.0,33563126.0,252756064.0,1875750.0,135867359.0,11313000.0,,28476700.0,,5441600.0,,2733300.0,,5052000.0,,48518300.0,,36388800.0,,2943500.0,,29579900.0,,1610000.0,0.0,18075500.0,,19900000.0,,8415600.0,,12843000.0,,,,7160100.0,,107243200.0,,38254200.0,0.0,221700.0,,,,4402000.0,,,,,6284800.0,,,53714.0,1591500.0,,,,2670800.0,,0.0,405170.0,5314100.0,,10432500.0,,1487.0,1067100.0,0,22176500.0,,5303000.0,,12565200.0,,12514800.0,,19101600.0,0.0,23146000.0,0.0,,,11330800.0,,8467500.0,,21157400.0,,,,5618000.0,,7553500.0,0.0,7074100.0,375299,25453200.0,0.0,33715900.0,,2693700.0,,2743700.0,,1874900.0,,388.0,2864900.0,,,13328300.0,,7850100.0,,29460700.0,,1628900.0,,,4397800.0,,811.0,21696400.0,,,,27500100.0,,51915700.0,,,4207900.0,0.0,97467900.0,0.0,7581600.0,,29776700.0,,45671700.0,0.0,12188200.0,,7694000.0,,14787900.0,,,24224000.0,,33000.0,,,,4969400.0,,2177700.0,0.0,8330600.0,,,12585000.0,338871,,22562400.0,,31181200.0,,18708000.0,,55328700.0,,84276000.0,,919200.0,,0.0,,12131100.0,,29545600.0,,30840.0,55987700.0,,14728600.0,1513,162602100.0,,16442700.0,,96871600.0,,20683800.0,,2.0,6350000.0,,2394000.0,0.0,608300.0,31622.0,0.0,38543300.0,0.0,,14861200.0,,6669400.0,,,,60475500.0,,3192800.0,,20330900.0,0.0,34508800.0,,,,148100.0,,211.0,,,,67917100.0,,7388700.0,1572.0,20618700.0,0.0,4713800.0,,139501600.0,,45542800.0,,4065600.0,,84440300.0,,286821.0,,,,90653800.0,,54149200.0,,1524600.0,,,,536600.0,,,3077100.0,,5881000.0,,79294400.0,,55157300.0,,12166900.0,,1931200.0,,4505800.0,,20650120.0,,11569300.0,,510900.0,0.0,9433600.0,0.0,5149800.0,,6280900.0,,5929000.0,0,7642100.0,,6903000.0,,16597300.0,,,,11469100.0,,42680700.0,,,,,,3781500.0,0.0
2026-03-26,4660620.0,954455.0,32074131.0,486564.0,414907.0,650141.0,580950.0,17119970.0,22623215.0,197726011.0,200494255.0,26276923.0,121140962.0,1054589.0,100161582.0,9617300.0,,41796700.0,,4715300.0,,3102200.0,,9261000.0,,49213000.0,,46746000.0,,6293100.0,,15671600.0,,1721100.0,0.0,13366100.0,,20343700.0,,10184600.0,,9240000.0,,,,11103400.0,,92743700.0,,46059700.0,0.0,205600.0,,,,3774600.0,,,,,6995000.0,,,28970.0,2428700.0,,,,3719900.0,,0.0,350768.0,6390900.0,,9402600.0,,613.0,1498300.0,0,15672000.0,,5719100.0,,10330700.0,,9834800.0,,18464600.0,0.0,26649600.0,0.0,,,11061300.0,,8548800.0,,17041400.0,,,,4930800.0,,5883000.0,0.0,5003000.0,337891,26420500.0,0.0,27560600.0,,3277000.0,,2935700.0,,898300.0,,1070.0,3000700.0,,,11263900.0,,6905900.0,,39080600.0,,2052200.0,,,3448400.0,,547.0,26020000.0,,,,21327000.0,,24536600.0,,,3606800.0,0.0,82841400.0,0.0,4231200.0,,36651300.0,,46830200.0,0.0,8669200.0,,10917000.0,,11202100.0,,,31150000.0,,103100.0,,,,6305600.0,,2163200.0,0.0,13460500.0,,,35780100.0,162853,,26078500.0,,36836600.0,,15285500.0,,54515900.0,,64772000.0,,892200.0,,0.0,,13405500.0,,59522000.0,,61382.0,54616000.0,,11595300.0,328,186152200.0,,20602800.0,,72606200.0,,16961900.0,,0.0,6082000.0,,1987300.0,0.0,491500.0,32313.0,0.0,43038400.0,0.0,,14613000.0,,11912500.0,,,,81492100.0,,8196900.0,,16862800.0,0.0,22988800.0,,,,137400.0,,31.0,,,,53777300.0,,14806200.0,1570.0,19023800.0,0.0,3142800.0,,83204000.0,,59196200.0,,3436000.0,,116603800.0,,311710.0,,,,96494400.0,,53752500.0,,2129200.0,,,,575900.0,,,3017600.0,,5010000.0,,117558900.0,,55522900.0,,14560200.0,,1677400.0,,6314400.0,,13630810.0,,15412900.0,,518900.0,0.0,9831900.0,0.0,5441100.0,,7652700.0,,6621700.0,0,9726800.0,,5183700.0,,16442500.0,,,,11477100.0,,54967600.0,,27.0,,,,4250900.0,0.0
2026-03-27,4520942.0,1151726.0,29138966.0,700060.0,439328.0,773071.0,552035.0,16138200.0,20345920.0,61294784.0,143817444.0,22432603.0,99424658.0,1190757.0,40087708.0,7600900.0,,47900000.0,,4429400.0,,2873800.0,,5984800.0,,29206600.0,,56009800.0,,4126700.0,,10269000.0,,1759700.0,0.0,14779200.0,,23593900.0,,7977400.0,,8105000.0,,,,8421800.0,,116132300.0,,52356800.0,0.0,204800.0,,,,5382300.0,,,,,8764900.0,,,18402.0,2059800.0,,,,2518000.0,,0.0,374920.0,5433500.0,,12289900.0,,,1540900.0,0,14551600.0,,4402000.0,,9902000.0,,24128000.0,,22244300.0,0.0,20557400.0,0.0,,,8011500.0,,12475900.0,,13678900.0,,,,4204600.0,,14066600.0,0.0,4808200.0,307842,16113100.0,0.0,27150400.0,,2501400.0,,3323600.0,,984000.0,,74348.0,2494700.0,,,8489700.0,,5068800.0,,35890600.0,,2106800.0,,,3977400.0,,4008.0,22374100.0,,,,30547000.0,,23974400.0,,,4853700.0,0.0,70002200.0,0.0,2956800.0,,28954900.0,,48114400.0,0.0,9873300.0,,8115000.0,,17461000.0,,,22292000.0,,54100.0,,,,5275100.0,,2740800.0,0.0,8503300.0,,,30133000.0,93094,,16507100.0,,37883400.0,,21475100.0,,45806700.0,,58010000.0,,558600.0,,0.0,,11552100.0,,44590700.0,,132398.0,50816800.0,,18109900.0,523,196212700.0,,14694600.0,,56393100.0,,17929600.0,,22.0,11431400.0,,2360800.0,0.0,912100.0,32476.0,7440.0,35790800.0,0.0,,17434200.0,,8964900.0,,,,82702200.0,,5776500.0,,22351500.0,0.0,20311800.0,,,,103700.0,,391.0,,,,33020400.0,,11811400.0,1588.0,16684200.0,0.0,5826600.0,,90324800.0,,54978600.0,,5673900.0,,99401400.0,,273925.0,,,,103649400.0,,60210400.0,,2111000.0,,,,858500.0,,,2164200.0,,7662200.0,,124795700.0,,62065700.0,,14484500.0,,1867400.0,,5792700.0,,15463680.0,,13869700.0,,473700.0,0.0,8794600.0,0.0,8072100.0,,9974400.0,,5444500.0,0,6956000.0,,8225900.0,,16543300.0,,,,10706300.0,,59553200.0,,0.0,,,,3466600.0,0.0
2026-03-28,,,,,,,,,,,,,,,,,,,,,,,,,,,,,,,,,,,0.0,,,,,,,,,,,,,,,,0.0,,,,,,,,,,,,,,,,,,,,0.0,,,,,,,,30,,,,,,,,,,0.0,,0.0,,,,,,,,,,,,,,0.0,,254216,,0.0,,,,,,,,,,,,,,,,,,,,,,,,,,,,,,,,,,,0.0,,0.0,,,,,,0.0,,,,,,,,,,,,,,,,,0.0,,,,,77896,,,,,,,,,,,,,,0.0,,,,,,,,,,17169,,,,,,,,,,,,,0.0,,29624.0,,,0.0,,,,,,,,,,,,,0.0,,,,,,,,,,,,,,1610.0,,0.0,,,,,,,,,,,,,,,,,,,,,,,,,,,,,,,,,,,,,,,,,,,,,0.0,,0.0,,,,,,0,,,,,,,,,,,,,0.0,,,,,0.0
2026-03-29,,,,,,,,,,,,,,,,,,,,,,,,,,,,,,,,,,,0.0,,,,,,,,,,,,,,,,0.0,,,,,,,,,,,,,,,,,,,,0.0,,,,,,637.0,,152,,,,,,,,,,0.0,,0.0,,,,,,,,,,,,,,0.0,,484045,,0.0,,,,,,,,,,,,,,,,,,,,,,,,,,,,,,,,,,,0.0,,0.0,,,,,,0.0,,,,,,,,,,,,,,,,,0.0,,,,,74476,,,,,,,,,,,,,,0.0,,,,,,,,,,29910,,,,,,,,,,,,,0.0,,33374.0,,,0.0,,,,,,,,,,,,,0.0,,,,,,,,,,,,,,1595.0,,0.0,,,,,,,,,,,,,,,,,,,,,,,,,,,,,,,,,,,,,,,,,,,,,0.0,,0.0,,,,,,0,,,,,,,,,,,,,,,,,,0.0
2026-03-30,4498502.0,942256.0,22269147.0,541825.0,379513.0,596465.0,462366.0,17986750.0,28410968.0,50219454.0,146061694.0,20925480.0,60221748.0,972846.0,51219481.0,13584800.0,,39446200.0,,4410200.0,,5169600.0,,6568100.0,,41053300.0,,46373800.0,,5035600.0,,8033600.0,,2144500.0,0.0,13460800.0,,28054500.0,,20986200.0,,7226700.0,,,,13266700.0,,93040000.0,,55012300.0,0.0,221200.0,,,,4590900.0,,,,,8779000.0,,,15053.0,2610000.0,,,,3512400.0,,0.0,374075.0,8235200.0,,11775200.0,,,2129100.0,244,12851300.0,,6562100.0,,11617700.0,,17526800.0,,27315900.0,0.0,24306300.0,0.0,,,10135300.0,,10592600.0,,14711500.0,,,,3402400.0,,11806500.0,0.0,6999400.0,369080,24644400.0,0.0,21224600.0,,2532700.0,,3948100.0,,679700.0,,10816.0,2830800.0,,,14304100.0,,6651600.0,,35141200.0,,1621400.0,,,4066000.0,,2377.0,19219600.0,,,,26512300.0,,24829600.0,,,3882600.0,0.0,84596000.0,0.0,5116000.0,,41739000.0,,51290500.0,0.0,11734400.0,,10012000.0,,18502800.0,,,28548000.0,,68100.0,,,,7436400.0,,3070200.0,0.0,11921000.0,,,22795200.0,90030,,21463200.0,,44797000.0,,15800400.0,,73833200.0,,79708000.0,,515700.0,,0.0,,16685000.0,,32375100.0,,126193.0,45739300.0,,18685600.0,11718,185627000.0,,17393800.0,,71761400.0,,20125700.0,,43.0,12198800.0,,2587000.0,0.0,935200.0,31558.0,2364.0,41289800.0,0.0,,17778200.0,,11555900.0,,,,70602600.0,,4487500.0,,19715400.0,0.0,21933500.0,,,,49100.0,,482.0,,,,34074900.0,,12198200.0,1577.0,20501200.0,0.0,3797700.0,,93366400.0,,61936600.0,,5372100.0,,139746200.0,,370206.0,,,,99275900.0,,63811000.0,,2111400.0,,,,667700.0,,,3130100.0,,6037400.0,,111446500.0,,67954400.0,,15740000.0,,2086700.0,,6024700.0,,15654570.0,,13873500.0,,653200.0,0.0,12335200.0,0.0,6116100.0,,9330300.0,,6930400.0,0,9063600.0,,10209300.0,,20428900.0,,,,9306200.0,,49750100.0,,,,,,3713100.0,0.0
2026-03-31,7194351.0,1271113.0,38659593.0,774995.0,890860.0,886467.0,759539.0,23751280.0,25801397.0,35425207.0,173246657.0,26120231.0,41291471.0,1011262.0,36194137.0,13094300.0,,49598100.0,,4575900.0,,5104500.0,,8335600.0,,42318700.0,,58470100.0,,4661300.0,,10203700.0,,1731500.0,0.0,15135300.0,,29289500.0,,15471400.0,,9486100.0,,,,11520100.0,,127136000.0,,70358300.0,0.0,172700.0,,,,4725300.0,,,,,8733300.0,,,69949.0,3002200.0,,,,3021000.0,,0.0,495395.0,6152000.0,,12665100.0,,1082.0,2447900.0,0,13703100.0,,7240000.0,,11041400.0,,11906400.0,,27917100.0,0.0,25105700.0,0.0,,,13713700.0,,11180200.0,,11952300.0,,,,5124200.0,,12647200.0,0.0,10704200.0,352952,40381800.0,0.0,47719800.0,,4263200.0,,5856800.0,,706800.0,,4264.0,3469200.0,,,10788000.0,,8431100.0,,43875400.0,,2689800.0,,,5749100.0,,1807.0,34530500.0,,,,35925100.0,,20443100.0,,,4750300.0,0.0,95294900.0,0.0,3675200.0,,32709500.0,,58660800.0,0.0,12956900.0,,11081000.0,,18301800.0,,,42690000.0,,174500.0,,,,6115900.0,,3464200.0,0.0,11725000.0,,,32898300.0,97941,,51286100.0,,45244400.0,,21290300.0,,73551800.0,,94464000.0,,2943900.0,,0.0,,21546900.0,,54270000.0,,154156.0,52758100.0,,16821300.0,2821,226181300.0,,18979200.0,,59296600.0,,24492000.0,,0.0,7751600.0,,2558900.0,0.0,958200.0,34419.0,37.0,45558600.0,0.0,,12695000.0,,12219800.0,,,,95878000.0,,5443800.0,,24085900.0,0.0,26607400.0,,,,83600.0,,98.0,,,,37631100.0,,13834900.0,1613.0,20685000.0,0.0,8316000.0,,104434400.0,,51654300.0,,5687700.0,,138002100.0,,373337.0,,,,152534100.0,,90124800.0,,5227300.0,,,,931300.0,,,3354000.0,,8013800.0,,149516200.0,,75534900.0,,18488000.0,,2085100.0,,7277900.0,,12784140.0,,15886600.0,,802300.0,0.0,13255300.0,0.0,8930600.0,,10246900.0,,6686100.0,0,8781900.0,,7480800.0,,21330400.0,,,,18482500.0,,94766900.0,,,,,,4145200.0,134.0
2026-04-01,6255058.0,974266.0,32390251.0,581173.0,575814.0,815377.0,676738.0,22033480.0,21275055.0,42990782.0,158899200.0,25540472.0,57818900.0,1572978.0,38021875.0,12788800.0,,40059400.0,,3746700.0,,4783100.0,,5974800.0,,40835800.0,,45955400.0,,3189400.0,,8306300.0,,1745000.0,0.0,12056800.0,,19171000.0,,21166500.0,,10297400.0,,,,12365700.0,,111331200.0,,41349900.0,0.0,152000.0,,,,3600800.0,,,,,7738600.0,,0.0,61629.0,2435800.0,,,,2677100.0,,0.0,434561.0,6927800.0,,8828600.0,,255.0,1769800.0,397,13882800.0,,4869800.0,,11677700.0,,8475600.0,,28569000.0,0.0,21309000.0,0.0,,,7311100.0,,8518600.0,,13290300.0,,,,4073500.0,,14766000.0,0.0,8100700.0,298081,27872200.0,0.0,35809300.0,,3103200.0,,4336000.0,,603200.0,,1637.0,2467700.0,,,12314400.0,,4417700.0,,37684500.0,,1803600.0,,,3386200.0,,1430.0,26625200.0,,,,24130400.0,,12283500.0,,,4228700.0,0.0,129598500.0,0.0,6867200.0,,27730900.0,,51295900.0,0.0,11267200.0,,8799000.0,,15834300.0,,,38556000.0,,40800.0,,,,6911900.0,,6267900.0,0.0,10697600.0,,,23608100.0,150204,,44072500.0,,29417200.0,,15378300.0,,74429800.0,,105208000.0,,2512500.0,,0.0,,14922000.0,,30439300.0,,126772.0,59809900.0,,12439700.0,480,168132000.0,,24090600.0,,63384400.0,,20495900.0,,4.0,7643200.0,,2960700.0,0.0,3095800.0,36266.0,43.0,34171000.0,0.0,,15319900.0,,10210700.0,,,,79435100.0,,3932000.0,,22177900.0,0.0,27157200.0,,,,747700.0,,81.0,,,,33420900.0,,10805400.0,1586.0,22322700.0,0.0,5070900.0,,128882400.0,,57772600.0,,5609800.0,,121955600.0,,481170.0,,,,97841500.0,,55417000.0,,1597900.0,,,,846300.0,,,2961800.0,,4128100.0,,116135500.0,,58683800.0,,15011600.0,,1348600.0,,5432000.0,,13092870.0,,13035000.0,,840700.0,0.0,11561400.0,0.0,5272700.0,,7707600.0,,5112600.0,0,12920000.0,,6008100.0,,17039700.0,,,141.0,20031500.0,,96652900.0,,,,,,2856900.0,0.0
2026-04-02,6127534.0,1331860.0,38615231.0,707703.0,1464904.0,850313.0,882435.0,34620270.0,17030828.0,33975607.0,260224828.0,17731014.0,47181021.0,1369588.0,21000633.0,20043600.0,,31289400.0,,3588800.0,,4496100.0,,4269400.0,,38463500.0,,31453000.0,,3204100.0,,8183200.0,,1883400.0,0.0,16940400.0,,14021100.0,,15938000.0,,8830200.0,,,,5639200.0,,136907600.0,,39700000.0,0.0,156300.0,,,,2972800.0,,,,,7761000.0,,0.0,0.0,1764300.0,,,,3617700.0,,0.0,0.0,5188100.0,,8869300.0,,3089.0,1828600.0,0,12668000.0,,5095800.0,,11635500.0,,7960400.0,,20958200.0,0.0,12634900.0,0.0,,,5217100.0,,6379100.0,,10212800.0,,2530200.0,,3532400.0,,6422100.0,0.0,6588000.0,354896,17840300.0,0.0,26086500.0,,2364100.0,,3748300.0,,616200.0,,0.0,1944100.0,,,11564100.0,,3855200.0,,21666500.0,,1717700.0,,,3732300.0,,0.0,23512000.0,,,,23381300.0,,11102200.0,,,3350900.0,0.0,117134200.0,0.0,8185600.0,,30118100.0,,30369200.0,0.0,6669300.0,,6615000.0,,14573400.0,,,40378000.0,,349200.0,,,,7886200.0,,2727100.0,0.0,6805400.0,,,13518500.0,159529,,23667100.0,,24099100.0,,17609700.0,,51498700.0,,78764000.0,,1547100.0,,0.0,,13686800.0,,37068000.0,,0.0,92257600.0,,16629900.0,3565,143143200.0,,14695800.0,,71272400.0,,14381900.0,,0.0,4354300.0,,1871000.0,0.0,4448500.0,30230.0,0.0,30437000.0,0.0,,12747700.0,,8575300.0,,,,50941700.0,,3077700.0,,20720100.0,0.0,32670600.0,,,,122100.0,,0.0,,,,30446100.0,,8505800.0,1585.0,17443900.0,0.0,4855500.0,,96296000.0,,53233600.0,,4236500.0,,104471700.0,,438581.0,,,,68358700.0,,71844000.0,,2104100.0,,,,657200.0,,,2744900.0,,4103300.0,,111377300.0,,83031200.0,,8994600.0,,1473500.0,,3408100.0,,11559580.0,,12758500.0,,445300.0,0.0,13202100.0,0.0,5851100.0,,4376000.0,,3965500.0,0,7860400.0,,6062200.0,,11898400.0,,,,9896100.0,,60400500.0,,,,,,2834400.0,0.0
2026-04-03,2927164.0,659219.0,20194447.0,831535.0,659137.0,528858.0,439721.0,14703480.0,,,,29027106.0,,,,,,,,,,,,,,,,,,,,,,,0.0,,,,,,,,,,,,,,,,0.0,,,,,,,,,,,,0.0,,,,,,,,0.0,,,,,,1443.0,,0,,,,,,,,,,0.0,,0.0,,,,,,,,,,,,,,0.0,,316809,,0.0,,,,,,,,,,,,,,,,,,,,,,,,,,,,,,,,,,,0.0,,0.0,,,,,,0.0,,,,,,,,,,,,,,,,,0.0,,,,,75223,,,,,,,,,,,,,,0.0,,,,,,,,,,1733,,,,,,,,,,,,,0.0,,29732.0,,,0.0,,,,,,,,,,,,,0.0,,,,,,,,,,,,,,1571.0,,0.0,,,,,,,,,,,,,,,,,,,,,,,,,,,,,,,,,,,,,,,,,,,,,0.0,,0.0,,,,,,0,,,,,,,,,,,,,,,,,,0.0
2026-04-04,,,,,,,,,,,,,,,,,,,,,,,,,,,,,,,,,,,0.0,,,,,,,,,,,,,,,,0.0,,,,,,,,,,,,0.0,,,,,,,,0.0,,,,,,,,508,,,,,,,,,,0.0,,0.0,,,,,,,,,,,,,,0.0,,297897,,0.0,,,,,,,,,,,,,,,,,,,,,,,,,,,,,,,,,,,0.0,,0.0,,,,,,0.0,,,,,,,,,,,,,,,,,0.0,,,,,28888,,,,,,,,,,,,,,0.0,,,,,,,,,,1742,,,,,,,,,,,,,0.0,,28849.0,,,0.0,,,,,,,,,,,,,0.0,,,,,,,,,,,,,,1632.0,,0.0,,,,,,,,,,,,,,,,,,,,,,,,,,,,,,,,,,,,,,,,,,,,,0.0,,0.0,,,,,,0,,,,,,,,,,,,,,,,,,0.0
2026-04-05,,,,,,,,,,,,,,,,,,,,,,,,,,,,,,,,,,,0.0,,,,,,,,,,,,,,,,0.0,,,,,,,,,,,,0.0,,,,,,,,0.0,,,,,,,,181,,,,,,,,,,0.0,,0.0,,,,,,,,,,,,,,0.0,,330481,,0.0,,,,,,,,,,,,,,,,,,,,,,,,,,,,,,,,,,,0.0,,0.0,,,,,,0.0,,,,,,,,,,,,,,,,,0.0,,,,,79150,,,,,,,,,,,,,,0.0,,,,,,,,,,3677,,,,,,,,,,,,,0.0,,31478.0,,,0.0,,,,,,,,,,,,,0.0,,,,,,,,,,,,,,1590.0,,0.0,,,,,,,,,,,,,,,,,,,,,,,,,,,,,,,,,,,,,,,,,,,,,0.0,,0.0,,,,,,0,,,,,,,,,,,,,,,,,,0.0
2026-04-06,3100989.0,553057.0,20635958.0,366060.0,717180.0,577342.0,351253.0,13066640.0,,,,,,,,16994200.0,,29329900.0,,2757700.0,,2726300.0,,2505500.0,,30786400.0,,25385500.0,,4259900.0,,4137600.0,,1299200.0,0.0,13162300.0,,12111300.0,,21202500.0,,3987600.0,,,,4953900.0,,102665200.0,,41060300.0,0.0,136100.0,,,,3663500.0,,,,,4324000.0,,0.0,27863.0,1246500.0,,,,1939100.0,,0.0,271742.0,3772200.0,,7125200.0,,,1448600.0,77,7658200.0,,4279300.0,,14391000.0,,6382800.0,,16946900.0,0.0,16388600.0,0.0,,,3925400.0,,5882200.0,,9352200.0,,6320100.0,,4922700.0,,3819800.0,0.0,6253100.0,287817,10830100.0,0.0,17698200.0,,2597100.0,,3220000.0,,553400.0,,148.0,1386300.0,,,11943000.0,,3660100.0,,16945500.0,,1444500.0,,,2448300.0,,638.0,19583300.0,,,,24334500.0,,10819200.0,,,3376000.0,0.0,79978800.0,0.0,3957600.0,,21654600.0,,22151400.0,0.0,7142600.0,,4118000.0,,8259900.0,,,16812000.0,,58000.0,,,,5809700.0,,1821100.0,0.0,4031200.0,,,9515700.0,131488,,22700500.0,,16146600.0,,18435900.0,,41414900.0,,58412000.0,,1757400.0,,0.0,,10920700.0,,37029300.0,,100084.0,83637500.0,,9141300.0,7085,107564300.0,,11535500.0,,45392400.0,,12556700.0,,0.0,4814800.0,,2824600.0,0.0,1608600.0,29928.0,0.0,25142200.0,0.0,,11006800.0,,8038600.0,,,,35108500.0,,3208700.0,,22766800.0,0.0,22351800.0,,,,103400.0,,1.0,,,,23564800.0,,4186100.0,1584.0,12773700.0,0.0,5669300.0,,73854400.0,,42632700.0,,3279800.0,,68780400.0,,280739.0,,,,39105800.0,,40289600.0,,1659900.0,,,,289600.0,,,1762900.0,,2510300.0,,69245100.0,,77697600.0,,5884800.0,,1405700.0,,4235600.0,,9580880.0,,7751400.0,,379800.0,0.0,8365100.0,0.0,3604700.0,,5501000.0,,3305700.0,0,8532200.0,,5529300.0,,10850400.0,,,,6290400.0,,25474200.0,,,,,,2718800.0,0.0
2026-04-07,3619929.0,704114.0,30848053.0,505864.0,668729.0,579361.0,1090464.0,19650420.0,,,,23903065.0,,,,12271400.0,,62148000.0,,3331000.0,,4452300.0,,4024800.0,,26483000.0,,28154600.0,,2933300.0,,7071000.0,,1368900.0,0.0,10175400.0,,33310900.0,,15010600.0,,10879200.0,,,,5799700.0,,107655600.0,,34565100.0,0.0,551800.0,,,,3206500.0,,,,,4093000.0,,0.0,65194.0,1549100.0,,,,1969500.0,,0.0,429331.0,4027500.0,,7653100.0,,,1428500.0,534,8346900.0,,4159100.0,,12344600.0,,18507200.0,,16277300.0,0.0,13428100.0,0.0,,,5753000.0,,7913000.0,,7909600.0,,4869600.0,,3580200.0,,17552100.0,0.0,7270500.0,262084,14720300.0,0.0,19980900.0,,2840400.0,,4568400.0,,655600.0,,327.0,1399100.0,,,7791400.0,,10668300.0,,23205400.0,,1498400.0,,,4661600.0,,542.0,21488000.0,,,,24967400.0,,10196000.0,,,2356100.0,0.0,129543800.0,0.0,8930400.0,,23915500.0,,34881900.0,0.0,7849100.0,,5273000.0,,12769200.0,,,29168000.0,,50500.0,,,,5486600.0,,2726900.0,0.0,6818400.0,,,9580800.0,86687,,18965200.0,,21443300.0,,14284200.0,,40224100.0,,61864000.0,,906300.0,,0.0,,13136900.0,,25016700.0,,135271.0,78345300.0,,12008200.0,7681,132534900.0,,13916300.0,,47377100.0,,17250400.0,,0.0,8671300.0,,1626300.0,0.0,1124600.0,147394.0,2.0,28671100.0,0.0,,10416300.0,,8840400.0,,,,49948200.0,,2340500.0,,27778900.0,0.0,25396300.0,,,,105700.0,,91.0,,,,25328300.0,,6672500.0,,14406500.0,0.0,5267100.0,,80783200.0,,41359100.0,,4280700.0,,107326500.0,,416163.0,,,,69980400.0,,68143900.0,,1703500.0,,,,394500.0,,,1894800.0,,4176400.0,,131796200.0,,74515400.0,,6823500.0,,1247500.0,,4659000.0,,12490150.0,,9686300.0,,472100.0,0.0,12768100.0,0.0,7350100.0,,4413900.0,,2937200.0,0,5891600.0,,5253000.0,,16076000.0,,,,9788800.0,,38811700.0,,,,,,4057400.0,
2026-04-08,6709356.0,1291522.0,35890973.0,942226.0,699966.0,1027627.0,1193144.0,29329010.0,32856156.0,106727734.0,256433453.0,39662974.0,106097187.0,2496501.0,40674690.0,15028900.0,,41032800.0,,4040100.0,,4105900.0,,7628500.0,,35496400.0,,51092700.0,,5944200.0,,6480300.0,,2427300.0,0.0,11464000.0,,31573100.0,,18976100.0,,17638100.0,,,,10713100.0,,94928700.0,,39262400.0,0.0,360000.0,,,,4655100.0,,,,,8228700.0,,0.0,82140.0,3014000.0,,,,4110400.0,,0.0,599576.0,7230100.0,,9802400.0,,,2265700.0,107,10572700.0,,6093300.0,,13472100.0,,18908800.0,,19538600.0,0.0,19621900.0,0.0,,,7212000.0,,10821000.0,,9945800.0,,9442600.0,,4865700.0,,14590400.0,0.0,8120500.0,242625,31700400.0,0.0,33816500.0,,5016700.0,,5383200.0,,605800.0,,405.0,2336900.0,,,15264300.0,,6788600.0,,33547100.0,,2439000.0,,,4610600.0,,650.0,20079200.0,,,,32953400.0,,19230900.0,,,4771500.0,0.0,184599900.0,0.0,9768800.0,,35485700.0,,46680200.0,0.0,10590200.0,,10201000.0,,12331300.0,,,31468000.0,,141200.0,,,,7025400.0,,2568000.0,0.0,11023000.0,,,32036600.0,155204,,29455900.0,,33064800.0,,17149200.0,,49216600.0,,71574000.0,,1882800.0,,0.0,,18679200.0,,30957600.0,,223335.0,107640100.0,,19796900.0,3849,147732700.0,,13882500.0,,64338100.0,,23527000.0,,0.0,12257400.0,,1639400.0,0.0,1650600.0,58863.0,32.0,64827700.0,0.0,,15619000.0,,12535800.0,,,,63086000.0,,3995800.0,,31904800.0,0.0,26863800.0,,,,135100.0,,34.0,,,,31894200.0,,10184300.0,1573.0,16898900.0,0.0,5506200.0,,93302400.0,,64323300.0,,5400300.0,,111697300.0,,588378.0,,,,93606100.0,,61640500.0,,3331400.0,,,,575600.0,,,5814100.0,,3290500.0,,102015100.0,,78838600.0,,16356900.0,,1646600.0,,7454600.0,,10548250.0,,13559900.0,,1071100.0,0.0,15427800.0,0.0,7279400.0,,6879300.0,,5696700.0,0,9163500.0,,6092800.0,,20194300.0,,,,7511800.0,,88023600.0,,,,,,4068400.0,0.0
2026-04-09,5026817.0,990889.0,42320839.0,487268.0,1258361.0,646513.0,1188521.0,20553040.0,20722763.0,63319657.0,168319928.0,24961927.0,34932772.0,1026782.0,24466890.0,16929500.0,,28121600.0,,6802400.0,,3766900.0,,5373600.0,,27126200.0,,65964200.0,,6540500.0,,5325700.0,,1579700.0,0.0,9267700.0,,20514900.0,,15924900.0,,10014600.0,,,,10312400.0,,105567400.0,,35203500.0,0.0,210700.0,,,,3518500.0,,,,,5905300.0,,0.0,54501.0,2801900.0,,,,3280400.0,,0.0,427201.0,6374700.0,,10754900.0,,,1433300.0,84,14780700.0,,4392800.0,,20855400.0,,21682000.0,,65533300.0,0.0,17611700.0,0.0,,,4500900.0,,8918300.0,,15539900.0,,10282900.0,,4007300.0,,7395900.0,0.0,11114400.0,289278,19370200.0,0.0,38122400.0,,4126700.0,,3080700.0,,562600.0,,1277.0,2061300.0,,,11961300.0,,3163800.0,,23739200.0,,1797800.0,,,3002000.0,,2085.0,14700400.0,,,,25973800.0,,13260000.0,,,5078600.0,0.0,155609900.0,0.0,8906400.0,,27723400.0,,26758400.0,0.0,6586600.0,,9395000.0,,14311000.0,,,28034000.0,,85200.0,,,,7034600.0,,1672100.0,0.0,9757800.0,,,19012900.0,72454,,32718500.0,,30435300.0,,14497400.0,,43101000.0,,67860000.0,,2261700.0,,0.0,,20407800.0,,35087800.0,,170766.0,92391800.0,,42131500.0,6213,116428500.0,,11231700.0,,37717900.0,,30407800.0,,0.0,10583700.0,,1065800.0,0.0,971300.0,30700.0,13.0,92361400.0,0.0,,12716600.0,,9352700.0,,,,37837500.0,,5076500.0,,16625000.0,0.0,17250900.0,,,,493600.0,,4.0,,,,28654000.0,,6018200.0,1655.0,17233600.0,0.0,15489400.0,,79268000.0,,43999800.0,,3004200.0,,79331600.0,,509357.0,,,,57134400.0,,49074900.0,,3097800.0,,,,409700.0,,,4484300.0,,2352800.0,,78953600.0,,62164000.0,,9246000.0,,1493800.0,,5499100.0,,10171230.0,,16500000.0,,701100.0,0.0,8693800.0,0.0,4954900.0,,4811500.0,,5166400.0,0,6391800.0,,4870000.0,,13853100.0,,,,5596600.0,,55088500.0,,,,,,4919400.0,0.0
2026-04-10,3134921.0,814112.0,18244459.0,1086670.0,525142.0,1087130.0,608715.0,12112240.0,20671874.0,45499769.0,168300156.0,33080075.0,31529595.0,3521282.0,20492724.0,21901700.0,,31291500.0,,5889200.0,,10909500.0,,6399900.0,,36477200.0,,56912800.0,,4848200.0,,7431600.0,,1519600.0,0.0,11818000.0,,29958100.0,,12835000.0,,9356300.0,,,,9105300.0,,80914500.0,,28762500.0,0.0,170100.0,,,,3758900.0,,,,,4449300.0,,0.0,35012.0,1872000.0,,,,2498400.0,,0.0,314855.0,7969000.0,,7922400.0,,,2333000.0,6,9369400.0,,8563600.0,,18109300.0,,35756000.0,,83416500.0,0.0,17571100.0,0.0,,,4279700.0,,6359600.0,,13028500.0,,4864800.0,,4317800.0,,4469600.0,0.0,3337900.0,437996,11230800.0,0.0,42023600.0,,3953900.0,,4210800.0,,705400.0,,812.0,2164600.0,,,9907900.0,,5856400.0,,19152600.0,,1642700.0,,,3208300.0,,683.0,16054500.0,,,,23163800.0,,12573400.0,,,5869400.0,0.0,98624400.0,0.0,6990400.0,,35297500.0,,22365900.0,0.0,6069700.0,,6864000.0,,11081400.0,,,12364000.0,,103200.0,,,,7136100.0,,1958900.0,0.0,9124700.0,,,13294800.0,130596,,41187000.0,,28111100.0,,13097500.0,,36377600.0,,45898000.0,,3834600.0,,0.0,,25785100.0,,25769900.0,,151051.0,81032700.0,,58715600.0,1114,160459500.0,,11400500.0,,33455200.0,,26171800.0,,3.0,15592700.0,,695000.0,0.0,963500.0,43427.0,1.0,116656800.0,0.0,,13130500.0,,8427400.0,,,,34038500.0,,3259500.0,,19334300.0,0.0,18621000.0,,,,326400.0,,175.0,,,,43565800.0,,11224200.0,740.0,13343800.0,0.0,23316000.0,,67714400.0,,31786000.0,,2924600.0,,78863600.0,,571848.0,,,,42253500.0,,43204600.0,,5293500.0,,,,269800.0,,,3113400.0,,2262200.0,,65481600.0,,51336000.0,,13168200.0,,1532900.0,,4268000.0,,7590120.0,,11818200.0,,455800.0,0.0,12676700.0,0.0,3857300.0,,5190000.0,,4644800.0,0,6122600.0,,7186100.0,,13894000.0,,,,10034300.0,,42561700.0,,,,,,6056100.0,0.0
2026-04-11,,,,,,,,,,,,,,,,,,,,,,,,,,,,,,,,,,,0.0,,,,,,,,,,,,,,,,0.0,,,,,,,,,,,,0.0,,,,,,,,0.0,,,,,,,,0,,,,,,,,,,0.0,,0.0,,,,,,,,,,,,,,0.0,,313100,,0.0,,,,,,,,,,,,,,,,,,,,,,,,,,,,,,,,,,,0.0,,0.0,,,,,,0.0,,,,,,,,,,,,,,,,,0.0,,,,,51917,,,,,,,,,,,,,,0.0,,,,,,,,,,1622,,,,,,,,,,,,,0.0,,30460.0,,,0.0,,,,,,,,,,,,,0.0,,,,,,,,,,,,,,3.0,,0.0,,,,,,,,,,,,,,,,,,,,,,,,,,,,,,,,,,,,,,,,,,,,,0.0,,0.0,,,,,,13,,,,,,,,,,,,,,,,,,0.0
2026-04-12,,,,,,,,,,,,,,,,,,,,,,,,,,,,,,,,,,,0.0,,,,,,,,,,,,,,,,0.0,,,,,,,,,,,,0.0,,,,,,,,0.0,,,,,,1505.0,,1,,,,,,,,,,0.0,,0.0,,,,,,,,,,,,,,0.0,,310673,,0.0,,,,,,,,,,,,,,,,,,,,,,,,,,,,,,,,,,,0.0,,0.0,,,,,,0.0,,,,,,,,,,,,,,,,,0.0,,,,,173770,,,,,,,,,,,,,,0.0,,,,,,,,,,280,,,,,,,,,,,,,0.0,,34476.0,,,0.0,,,,,,,,,,,,,0.0,,,,,,,,,,,,,,1236.0,,0.0,,,,,,,,,,,,,,,,,,,,,,,,,,,,,,,,,,,,,,,,,,,,,0.0,,0.0,,,,,,0,,,,,,,,,,,,,,,,,,0.0
2026-04-13,2769753.0,637565.0,19603415.0,515832.0,514728.0,387276.0,469084.0,13658530.0,21140848.0,24317141.0,118774442.0,22887618.0,23659777.0,1975624.0,22941459.0,11023300.0,,36234700.0,,6115800.0,,10035200.0,,5246600.0,,22781800.0,,42166200.0,,5499800.0,,4900100.0,,1709400.0,0.0,12801300.0,,24115800.0,,9186500.0,,5550200.0,,,,9354100.0,,104875200.0,,54464200.0,0.0,196600.0,,,,3612400.0,,,,,7564400.0,,0.0,50559.0,1820100.0,,,,3048400.0,,0.0,344337.0,4516800.0,,7481100.0,,,2255500.0,136,13915400.0,,10402300.0,,12390800.0,,16666000.0,,56011100.0,0.0,19997500.0,0.0,,,10506700.0,,6790300.0,,11593700.0,,5547900.0,,4325500.0,,9482400.0,0.0,4786600.0,328573,13632300.0,0.0,24365800.0,,2817600.0,,3076700.0,,772600.0,,32.0,1636200.0,,,7209900.0,,5516100.0,,18866400.0,,4236200.0,,,3741200.0,,401.0,24685800.0,,,,21181700.0,,19954400.0,,,5349600.0,0.0,112111000.0,0.0,4499200.0,,39511500.0,,23820000.0,0.0,8318200.0,,8301000.0,,12696200.0,,,18076000.0,,65800.0,,,,6558600.0,,2089600.0,0.0,8773600.0,,,9538900.0,88445,,31264700.0,,35745800.0,,12804700.0,,37015800.0,,50408000.0,,7078500.0,,0.0,,23439600.0,,26042800.0,,155024.0,153190900.0,,31675400.0,4758,133648200.0,,12692200.0,,52073400.0,,49997700.0,,30.0,8545600.0,,791100.0,0.0,1915200.0,42364.0,9.0,65772800.0,0.0,,15179300.0,,8615000.0,,,,32972100.0,,3638900.0,,22415800.0,0.0,17994700.0,,,,134100.0,,13.0,,,,30023600.0,,6549800.0,1639.0,20234400.0,0.0,14833400.0,,84956800.0,,50542200.0,,6746200.0,,64504600.0,,505248.0,,,,54185800.0,,48930300.0,,11728000.0,,,,288500.0,,,2434700.0,,2648000.0,,67169100.0,,53617500.0,,9596300.0,,2078800.0,,4630500.0,,10145700.0,,12690600.0,,538300.0,0.0,9800100.0,0.0,5163500.0,,6787200.0,,4733900.0,0,5429400.0,,12405400.0,,14510600.0,,,,7851900.0,,43100900.0,,,,,,4634600.0,0.0
2026-04-14,4754545.0,778907.0,23672078.0,525813.0,623470.0,558026.0,679271.0,17031930.0,17833779.0,27851234.0,108582040.0,29266836.0,36646937.0,2652577.0,38270673.0,10767300.0,,48370700.0,,6307500.0,,7658900.0,,5353200.0,,25733200.0,,72685000.0,,3204100.0,,6294200.0,,1769200.0,0.0,34049700.0,,24423000.0,,6960700.0,,11718500.0,,,,25038700.0,,94054800.0,,71691700.0,0.0,167000.0,,,,4864000.0,,,,,8699400.0,,0.0,40991.0,1866300.0,,,,3429500.0,,0.0,315821.0,4500100.0,,10884800.0,,758.0,2136500.0,0,17543400.0,,18523300.0,,13123600.0,,12748000.0,,46586000.0,0.0,17856800.0,0.0,,,6256400.0,,9997400.0,,9978300.0,,8770400.0,,4914400.0,,9458100.0,0.0,5114100.0,368503,17301300.0,0.0,22280100.0,,3714200.0,,3850800.0,,816700.0,,288.0,2028300.0,,,9214100.0,,10482700.0,,27721400.0,,2822600.0,,,2882500.0,,485.0,19377300.0,,,,43587300.0,,13036400.0,,,3777300.0,0.0,112796100.0,0.0,5565600.0,,46944100.0,,24270400.0,0.0,11455500.0,,8713000.0,,12397600.0,,,16116000.0,,40800.0,,,,5461900.0,,2360200.0,0.0,8500600.0,,,17818000.0,167931,,33600700.0,,37504500.0,,20643200.0,,52534900.0,,69132000.0,,4616400.0,,0.0,,21983200.0,,40534900.0,,174530.0,99606300.0,,25132700.0,1196,161307000.0,,19729300.0,,41727200.0,,59779800.0,,3.0,7415600.0,,1374400.0,0.0,2153000.0,63061.0,56.0,52786800.0,0.0,,11045300.0,,7608300.0,,,,49921100.0,,4453100.0,,29182500.0,0.0,22643000.0,,,,325700.0,,590.0,,,,40885400.0,,6932400.0,1613.0,19821500.0,0.0,8547900.0,,85992800.0,,57502600.0,,4382900.0,,61657000.0,,473802.0,,,,63480500.0,,48186000.0,,15823400.0,,,,315800.0,,,2639900.0,,2277300.0,,72362300.0,,59979600.0,,12859500.0,,1731000.0,,5495200.0,,9645190.0,,16750300.0,,970500.0,0.0,8427700.0,0.0,5482900.0,,5571000.0,,4993800.0,0,7301100.0,,11187800.0,,15320800.0,,,,11046900.0,,58830100.0,,,,,,3562900.0,0.0
2026-04-15,4093703.0,867909.0,24092884.0,710091.0,992297.0,898476.0,970337.0,22556410.0,20288791.0,45746938.0,105366843.0,32345247.0,37510423.0,1566424.0,32266998.0,9638300.0,,49913500.0,,4749600.0,,5064600.0,,5925100.0,,24695200.0,,43045200.0,,4915400.0,,3650300.0,,4251700.0,0.0,17386400.0,,29559300.0,,11121900.0,,8749500.0,,,,14200200.0,,97629000.0,,40535700.0,0.0,241500.0,,,,6993900.0,,,,,9540800.0,,0.0,41928.0,2764700.0,,,,3041100.0,,0.0,240397.0,4953400.0,,11817400.0,,,2346200.0,0,10641600.0,,10699500.0,,14340300.0,,12432400.0,,43324900.0,0.0,15066400.0,0.0,,,7793300.0,,7035300.0,,8415500.0,,7354200.0,,3895300.0,,3739900.0,0.0,4337000.0,301305,16187500.0,0.0,21544000.0,,3854000.0,,4019400.0,,545000.0,,182.0,2306900.0,,,8872900.0,,11695400.0,,24918800.0,,2403900.0,,,3365200.0,,394.0,45776800.0,,,,72707200.0,,9348500.0,,,3879500.0,0.0,92051500.0,0.0,4320800.0,,32206700.0,,21670600.0,0.0,9885800.0,,11639000.0,,16212100.0,,,17592000.0,,57600.0,,,,5994400.0,,4233400.0,0.0,11324200.0,,,14952600.0,73788,,23450100.0,,45063400.0,,13941700.0,,40370100.0,,51554000.0,,3087900.0,,0.0,,14356300.0,,38023700.0,,114648.0,74676500.0,,25835900.0,33291,185338400.0,,19479400.0,,54416500.0,,43010800.0,,1.0,7416200.0,,1208700.0,0.0,1552100.0,41940.0,6.0,48389400.0,0.0,,13074000.0,,9691500.0,,,,50102400.0,,4173900.0,,23475200.0,0.0,23568700.0,,,,309600.0,,473.0,,,,27816900.0,,9155700.0,1572.0,16269600.0,0.0,8560100.0,,67408000.0,,71398000.0,,3747300.0,,68425400.0,,540404.0,,,,58240400.0,,56491900.0,,5039400.0,,,,223300.0,,,2366600.0,,1920400.0,,83244000.0,,113810400.0,,14955500.0,,1951700.0,,4459600.0,,10316160.0,,19696000.0,,892900.0,0.0,14991700.0,0.0,5286000.0,,4831400.0,,5353600.0,0,6438800.0,,7516500.0,,17001400.0,,,,8563800.0,,39551500.0,,,,,,6063800.0,0.0
2026-04-16,2901319.0,1524311.0,21499788.0,556668.0,752603.0,458794.0,862043.0,16849470.0,22559081.0,42302125.0,183635718.0,28657012.0,44399802.0,2422726.0,23294778.0,10688900.0,,43323100.0,,5229500.0,,4529200.0,,5113000.0,,64850800.0,,41895700.0,,4517400.0,,5748000.0,,2626700.0,0.0,18094200.0,,18872900.0,,16836500.0,,17122200.0,,,,8893300.0,,121825300.0,,34882100.0,0.0,251500.0,,,,4534000.0,,,,,6150200.0,,0.0,36540.0,2005100.0,,,,2298700.0,,0.0,194354.0,6805400.0,,11235800.0,,,1484300.0,0,9258300.0,,9679800.0,,11866700.0,,11964400.0,,28917600.0,0.0,14609000.0,0.0,,,11474700.0,,8145900.0,,9865100.0,,6114400.0,,4316300.0,,3630000.0,0.0,4614900.0,348651,10133000.0,0.0,26874300.0,,3045400.0,,3838300.0,,911500.0,,805.0,1402700.0,,,13148900.0,,10701100.0,,20541500.0,,1742100.0,,,2856700.0,,1007.0,80363700.0,,,,51788100.0,,15605900.0,,,4817500.0,0.0,108328300.0,0.0,4073600.0,,36818000.0,,30847900.0,0.0,8208600.0,,8323000.0,,11501900.0,,,10770000.0,,67700.0,,,,6115700.0,,2836600.0,0.0,7829400.0,,,9544800.0,111479,,20830200.0,,41642400.0,,17638000.0,,33626400.0,,38660000.0,,2063400.0,,0.0,,13912300.0,,64928300.0,,108047.0,50131100.0,,21971800.0,5341,134012900.0,,16083800.0,,52178100.0,,46997300.0,,12.0,7222400.0,,1008200.0,0.0,1391700.0,35484.0,0.0,43746000.0,0.0,,13420600.0,,8163700.0,,,,42320600.0,,4032300.0,,29131700.0,0.0,41014200.0,,,,417700.0,,504.0,,,,28966100.0,,6450700.0,1603.0,13851900.0,0.0,7360200.0,,56622400.0,,72544300.0,,3940400.0,,63777500.0,,588719.0,,,,49972400.0,,54954400.0,,3326800.0,,,,340700.0,,,1818600.0,,2751300.0,,86398100.0,,63515100.0,,26405800.0,,1384000.0,,6709000.0,,11254920.0,,12771700.0,,1084200.0,0.0,10142400.0,0.0,10902600.0,,5695800.0,,4832600.0,0,5887400.0,,5902400.0,,18324500.0,,,,6839900.0,,31282600.0,,,,,,5060900.0,0.0
2026-04-17,3578235.0,724452.0,18079322.0,817980.0,1121630.0,359159.0,519561.0,13116520.0,13747249.0,27409685.0,119020532.0,39857161.0,46743644.0,2032071.0,19899015.0,8713100.0,,61436200.0,,6194200.0,,5165900.0,,6017900.0,,35519900.0,,52029300.0,,4014900.0,,5092600.0,,1876500.0,0.0,20114500.0,,20581700.0,,10301000.0,,12886500.0,,,,11306200.0,,131006500.0,,63695600.0,0.0,615900.0,,,,6492900.0,,,,,7638200.0,,0.0,85233.0,2818800.0,,,,1926300.0,,0.0,116624.0,5628900.0,,15670400.0,,,2346500.0,465,14543400.0,,7236700.0,,17225700.0,,11625200.0,,24685900.0,0.0,20321900.0,0.0,,,6311200.0,,10506200.0,,16240600.0,,5743800.0,,4917000.0,,5913800.0,0.0,7276600.0,288466,20083600.0,0.0,47254700.0,,3235500.0,,7627900.0,,1070000.0,,1902.0,2328800.0,,,10349800.0,,8161000.0,,25581900.0,,2805100.0,,,4930400.0,,842.0,58933000.0,,,,49795300.0,,17927100.0,,,5671500.0,0.0,118831500.0,0.0,5602400.0,,30817700.0,,46462700.0,0.0,11082400.0,,7254000.0,,15033900.0,,,20116000.0,,53500.0,,,,4343900.0,,3266100.0,0.0,8465400.0,,,16283500.0,282993,,26341300.0,,48568200.0,,52173700.0,,33405000.0,,51504000.0,,2085900.0,,0.0,,17203600.0,,125958700.0,,109843.0,48836300.0,,17754600.0,5482,160324400.0,,13204000.0,,58571400.0,,45282600.0,,1.0,7037300.0,,938300.0,0.0,1219700.0,44101.0,1.0,50657600.0,0.0,,18758600.0,,9667600.0,,,,53488900.0,,4068600.0,,32234700.0,0.0,26066300.0,,,,540000.0,,38.0,,,,21872300.0,,7184600.0,1677.0,25655700.0,0.0,6443300.0,,59781600.0,,73610400.0,,3832300.0,,67081400.0,,680637.0,,,,70661900.0,,69145600.0,,3376500.0,,,,477700.0,,,2423200.0,,3650400.0,,103604000.0,,90640000.0,,18419400.0,,1792400.0,,7091700.0,,16705520.0,,16966600.0,,885000.0,0.0,19893800.0,0.0,8334900.0,,8082300.0,,5805500.0,3,5627500.0,,6237400.0,,24763700.0,,,,10212700.0,,90913300.0,,,,,,3633900.0,0.0
2026-04-18,,,,,,,,,,,,,,,,,,,,,,,,,,,,,,,,,,,0.0,,,,,,,,,,,,,,,,0.0,,,,,,,,,,,,0.0,,,,,,,,0.0,,,,,,108.0,,0,,,,,,,,,,0.0,,0.0,,,,,,,,,,,,,,0.0,,306228,,0.0,,,,,,,,,,,,,,,,,,,,,,,,,,,,,,,,,,,0.0,,0.0,,,,,,0.0,,,,,,,,,,,,,,,,,0.0,,,,,155466,,,,,,,,,,,,,,0.0,,,,,,,,,,5803,,,,,,,,,,,,,0.0,,42149.0,,,0.0,,,,,,,,,,,,,0.0,,,,,,,,,,,,,,1620.0,,0.0,,,,,,,,,,,,,,,,,,,,,,,,,,,,,,,,,,,,,,,,,,,,,0.0,,0.0,,,,,,0,,,,,,,,,,,,,,,,,,0.0
2026-04-19,,,,,,,,,,,,,,,,,,,,,,,,,,,,,,,,,,,0.0,,,,,,,,,,,,,,,,0.0,,,,,,,,,,,,0.0,,,,,,,,0.0,,,,,,,,1,,,,,,,,,,0.0,,0.0,,,,,,,,,,,,,,0.0,,306671,,0.0,,,,,,,,,,,,,,,,,,,,,,,,,,,,,,,,,,,0.0,,0.0,,,,,,0.0,,,,,,,,,,,,,,,,,0.0,,,,,100111,,,,,,,,,,,,,,0.0,,,,,,,,,,346,,,,,,,,,,,,,0.0,,28805.0,,,0.0,,,,,,,,,,,,,0.0,,,,,,,,,,,,,,1580.0,,0.0,,,,,,,,,,,,,,,,,,,,,,,,,,,,,,,,,,,,,,,,,,,,,0.0,,0.0,,,,,,0,,,,,,,,,,,,,,,,,,0.0
2026-04-20,3748014.0,835506.0,17107741.0,605335.0,457862.0,317137.0,448899.0,14275540.0,23428202.0,35725043.0,125873323.0,27263113.0,36368973.0,1110101.0,21782912.0,6711400.0,,36590200.0,,5250000.0,,4180500.0,,3747500.0,,34833900.0,,39463100.0,,3795800.0,,8564000.0,,1091900.0,0.0,39864500.0,,16922000.0,0.0,11756700.0,,7823300.0,,,,8765700.0,,107169600.0,,37645800.0,0.0,459400.0,,,,5147000.0,,,,,4362700.0,,0.0,46389.0,1454100.0,,,,1963500.0,,0.0,115578.0,3872500.0,,9967500.0,,,1475400.0,1020,11403800.0,,7465800.0,,14382300.0,,11540400.0,,29542400.0,0.0,16695600.0,0.0,,,7155800.0,,6423400.0,,14588100.0,,6581100.0,,4652800.0,,5478900.0,0.0,4876400.0,285815,11825200.0,0.0,17753000.0,,2781400.0,,5833900.0,,575600.0,,724.0,1804900.0,,,8571800.0,,6199700.0,,18784200.0,,2374300.0,,,3260900.0,,1058.0,69289000.0,,,,35942400.0,,20616500.0,,,5157700.0,0.0,96851100.0,0.0,3571200.0,,35973000.0,,22993900.0,0.0,10772000.0,,6231000.0,,10141800.0,,,9792000.0,,33900.0,,,,3337500.0,,1926300.0,0.0,5989900.0,,,12534000.0,98392,,39548500.0,,27582200.0,,22173500.0,,32013600.0,,38110000.0,,4792200.0,,0.0,,12962500.0,,63298300.0,,92530.0,88700500.0,,20306600.0,356,119381400.0,,10467100.0,,94506700.0,,22330900.0,,3.0,4859700.0,,910700.0,0.0,2090600.0,31684.0,9.0,33482700.0,0.0,,13091800.0,,7953800.0,,,,37138500.0,,3055100.0,,19620300.0,0.0,28827400.0,,,,259600.0,,24.0,,,,22593900.0,,3935100.0,1596.0,11303500.0,0.0,6981100.0,,40750400.0,,52582100.0,,3495000.0,,49367800.0,,530283.0,,,,43546800.0,,47649200.0,,3092600.0,,,,255900.0,,,1819400.0,,1537400.0,,67652800.0,,64603900.0,,11638300.0,,1384300.0,,6123300.0,,14258590.0,,11507400.0,,598100.0,0.0,43419500.0,0.0,9627600.0,,5506800.0,,4672300.0,0,5410700.0,,7977400.0,,18933600.0,,,,6034000.0,,35150000.0,,,,,,3529200.0,0.0
2026-04-21,3516960.0,946609.0,16752132.0,1092504.0,545889.0,496193.0,600138.0,18194780.0,13113816.0,23869543.0,72569687.0,25113802.0,24682917.0,2040180.0,14275553.0,10314900.0,,50209800.0,,5779700.0,,10877800.0,,5414900.0,,38950900.0,,42922400.0,,3854000.0,,6479900.0,,1274600.0,0.0,19997400.0,,16275500.0,0.0,22125600.0,,11388200.0,,,,12258800.0,,122564300.0,,36882400.0,0.0,233500.0,,,,5919000.0,,,,,6207000.0,,0.0,50039.0,2293500.0,,,,1805700.0,,0.0,383596.0,5115900.0,,15121100.0,,,1367100.0,599,12539200.0,,9610600.0,,12073700.0,,14684400.0,,18656100.0,0.0,18653400.0,0.0,,,9078200.0,,7784500.0,,10759900.0,,6938800.0,,5662700.0,,8154700.0,0.0,7756300.0,295326,12940200.0,0.0,16147200.0,,5480100.0,,5598700.0,,602300.0,,1197.0,2111100.0,,,6942700.0,,6472800.0,,23123800.0,,1765400.0,,,3081000.0,,924.0,59038800.0,,,,36873000.0,,22871800.0,,,5584900.0,0.0,91402300.0,0.0,3600800.0,,35271300.0,,32235200.0,0.0,7084300.0,,6761000.0,,11806900.0,,,13236000.0,,33200.0,,,,5725500.0,,4062800.0,0.0,7830300.0,,,8660100.0,46925,,31901100.0,,32048500.0,,22153500.0,,27734000.0,,32018000.0,,4533600.0,,0.0,,10061200.0,,61962300.0,,94189.0,61591000.0,,24147900.0,358,107945300.0,,25186400.0,,80859000.0,,39638000.0,,0.0,5856300.0,,1454600.0,0.0,2259800.0,493405.0,74.0,44830000.0,0.0,,13548100.0,,11874600.0,,,,39580500.0,,4777200.0,,21364000.0,0.0,27450400.0,,,,421900.0,,34.0,,,,29805200.0,,5598600.0,1580.0,10245900.0,0.0,5160400.0,,39168000.0,,65672700.0,,4282400.0,,65206900.0,,673555.0,,,,58941400.0,,68578200.0,,1877200.0,,,,505200.0,,,1833900.0,,3064500.0,,91775200.0,,50530600.0,,9808200.0,,1165800.0,,6833300.0,,21154940.0,,11698100.0,,1057400.0,0.0,27923100.0,0.0,7042500.0,,6806900.0,,7285400.0,0,6125700.0,,9234100.0,,17312400.0,,,,6756500.0,,41299800.0,,,,,,4838200.0,0.0
2026-04-22,2894919.0,747125.0,16823480.0,971103.0,364648.0,684772.0,1430607.0,18496010.0,23170931.0,37879378.0,81506568.0,29438293.0,31118161.0,1448216.0,13553035.0,9839500.0,,43249200.0,,7111000.0,,6144200.0,,5268100.0,,49054200.0,,36065100.0,,3430400.0,,13932300.0,,2621800.0,0.0,22048800.0,,23702500.0,0.0,15881900.0,,9258300.0,,,,7039600.0,,99528500.0,,47155800.0,0.0,167600.0,,,,5720500.0,,,,,5913200.0,,0.0,39837.0,1628400.0,,,,2778000.0,,0.0,299675.0,5202300.0,,12096800.0,,,1215200.0,799,13863200.0,,7342700.0,,14565900.0,,11569600.0,,31878200.0,0.0,16986100.0,0.0,,,5482100.0,,6886600.0,,9558700.0,,9861400.0,,4263400.0,,3590500.0,0.0,5776200.0,309695,17034400.0,0.0,24230300.0,,2622500.0,,5489100.0,,809700.0,,765.0,4184700.0,,,7051500.0,,9643700.0,,20293000.0,,1382600.0,,,2855800.0,,1149.0,32247300.0,,,,27468400.0,,12695100.0,,,12190200.0,0.0,90267300.0,0.0,3709600.0,,33306600.0,,20274300.0,0.0,5545900.0,,6840000.0,,9352300.0,,,13908000.0,,80200.0,,,,4635200.0,,2623800.0,0.0,9803300.0,,,9215600.0,98673,,30765800.0,,29378200.0,,31893900.0,,45998100.0,,58132000.0,,3793200.0,,0.0,,12899100.0,,33694300.0,,78929.0,110701800.0,,35714800.0,23024,107501000.0,,17620600.0,,67613600.0,,32448800.0,,0.0,5903200.0,,884000.0,0.0,1149000.0,46269.0,21.0,43701500.0,0.0,,8569700.0,,9432700.0,,,,37368400.0,,2890100.0,,26160200.0,0.0,21474400.0,,,,454400.0,,9.0,,,,24811800.0,,7835200.0,1681.0,15497400.0,0.0,4719700.0,,71644000.0,,45964800.0,,3733100.0,,58165200.0,,739988.0,,,,42518500.0,,53235600.0,,2684100.0,,,,315700.0,,,2223200.0,,2470400.0,,73399800.0,,62362800.0,,16317200.0,,1246500.0,,11463100.0,,17640220.0,,14133000.0,,699100.0,0.0,30052300.0,0.0,7017100.0,,5666600.0,,9835900.0,0,7001900.0,,6949100.0,,17624500.0,,,,4641000.0,,40565500.0,,,,,,3490800.0,0.0
2026-04-23,5343871.0,1089561.0,34525485.0,1114182.0,800536.0,1047056.0,1201334.0,23967300.0,23497267.0,44784113.0,135471125.0,30986940.0,27552166.0,1601124.0,17900590.0,8143600.0,,33399600.0,,9617000.0,,5396500.0,,4420800.0,,45619700.0,,39091400.0,,3531300.0,,16854100.0,,1800500.0,0.0,17469100.0,,19501600.0,0.0,13582100.0,,10749900.0,,,,7716600.0,,111601600.0,,40450300.0,0.0,162300.0,,,,4749100.0,,,,,10221600.0,,0.0,54489.0,2601800.0,,,,2281900.0,,0.0,365210.0,6064200.0,,8778500.0,,,1570700.0,0,7325400.0,,5820000.0,,22719900.0,,12902000.0,,21696200.0,0.0,21156700.0,0.0,,,4421500.0,,6147000.0,,8881300.0,,11883700.0,,5084400.0,,5174500.0,0.0,4241000.0,305150,18088500.0,0.0,37964600.0,,3219600.0,,3142900.0,,706600.0,,292.0,3073200.0,,,5484800.0,,8576900.0,,18650300.0,,1655000.0,,,2712400.0,,957.0,44911700.0,,,,33497600.0,,11628400.0,,,22297800.0,0.0,155141800.0,0.0,7867200.0,,57871800.0,,32886600.0,0.0,6969700.0,,9285000.0,,12060300.0,,,14154000.0,,35700.0,,,,3756400.0,,2149200.0,0.0,12269100.0,,,11667000.0,91349,,36938700.0,,38308000.0,,19559000.0,,38178000.0,,47576000.0,,3936300.0,,0.0,,13968700.0,,36851700.0,,79279.0,176863900.0,,84103100.0,366,113561800.0,,12266500.0,,52294400.0,,37084200.0,,3.0,6965200.0,,1007800.0,0.0,1003400.0,36197.0,11.0,58654400.0,0.0,,11581400.0,,10164900.0,,,,40099800.0,,3707900.0,,24269300.0,0.0,22664100.0,,,,387800.0,,21.0,,,,46874200.0,,10619700.0,1611.0,12272600.0,0.0,7625800.0,,55128800.0,,51760700.0,,4902500.0,,96510200.0,,1276979.0,,,,56174000.0,,69263700.0,,1795800.0,,,,552700.0,,,2476200.0,,3502200.0,,92856900.0,,93969500.0,,12224900.0,,1587900.0,,25659100.0,,22605270.0,,18671000.0,,627800.0,0.0,19730800.0,0.0,12106000.0,,7275000.0,,7067000.0,0,6774800.0,,6835600.0,,16376000.0,,,,7785000.0,,34707200.0,,,,,,3810800.0,0.0
2026-04-24,3127857.0,1228355.0,19626666.0,548023.0,476096.0,570284.0,815555.0,16267000.0,18566187.0,37674070.0,77321253.0,38388441.0,36155043.0,1244313.0,9367244.0,13924400.0,,38157100.0,,6492900.0,,6661900.0,,6159600.0,,81616700.0,,53777400.0,,4365600.0,,20481700.0,,1751800.0,0.0,11878600.0,,22491100.0,0.0,15486700.0,,9046800.0,,,,6569000.0,,84124900.0,,26005800.0,0.0,304600.0,,,,3857000.0,,,,,4983800.0,,0.0,52646.0,2253900.0,,,,1418300.0,,0.0,330280.0,5294900.0,,5799100.0,,,1695200.0,0,6621400.0,,6639700.0,,10817600.0,,9086800.0,,33898200.0,0.0,18969900.0,0.0,,,4621400.0,,5974500.0,,16289400.0,,11151400.0,,8288500.0,,5262300.0,0.0,5337200.0,327734,14966800.0,0.0,28309900.0,,3644300.0,,2714200.0,,628200.0,,45.0,3633800.0,,,10219100.0,,5148900.0,,26426100.0,,1263300.0,,,3255900.0,,788.0,43478900.0,,,,20873100.0,,11110900.0,,,9816900.0,0.0,281405200.0,0.0,14213600.0,,41941300.0,,21568600.0,0.0,5215300.0,,11431000.0,,12008700.0,,,12784000.0,,53200.0,,,,4205800.0,,4463700.0,0.0,12313200.0,,,13348300.0,36232,,37599100.0,,27457400.0,,14119400.0,,35379600.0,,43710000.0,,6283200.0,,0.0,,18386600.0,,32553200.0,,50988.0,126574500.0,,39011800.0,366,214134400.0,,25017300.0,,45396400.0,,33215000.0,,1.0,5887600.0,,754400.0,0.0,2504700.0,26949.0,4.0,38677200.0,0.0,,8259300.0,,29449600.0,,,,45563100.0,,3242200.0,,23800400.0,0.0,22130400.0,,,,378200.0,,31.0,,,,38559400.0,,12614300.0,1714.0,11642800.0,0.0,11754800.0,,56770400.0,,41206300.0,,7408800.0,,83092400.0,,1551551.0,,,,45182000.0,,59409200.0,,2205500.0,,16200.0,,396300.0,,,3234600.0,,3044400.0,,80250700.0,,62893300.0,,21603600.0,,1101500.0,,13943600.0,,17686310.0,,13007200.0,,478800.0,0.0,15244700.0,0.0,9503500.0,,5616900.0,,5281500.0,0,5603000.0,,7563600.0,,16016300.0,,,188.0,6790700.0,,36426700.0,,,,,,4255200.0,0.0
2026-04-25,,,,,,,,,,,,,,,,,,,,,,,,,,,,,,,,,,,0.0,,,,0.0,,,,,,,,,,,,0.0,,,,,,,,,,,,0.0,,,,,,,,0.0,,,,,,,,0,,,,,,,,,,0.0,,0.0,,,,,,,,,,,,,,0.0,,286202,,0.0,,,,,,,,,,,,,,,,,,,,,,,,,,,,,,,,,,,0.0,,0.0,,,,,,0.0,,,,,,,,,,,,,,,,,0.0,,,,,97747,,,,,,,,,,,,,,0.0,,,,,,,,,,366,,,,,,,,,,,,,0.0,,27889.0,,,0.0,,,,,,,,,,,,,0.0,,,,,,,,,,,,,,1612.0,,0.0,,,,,,,,,,,,,,,,,,,,,,,,,,,,,,,,,,,,,,,,,,,,,0.0,,0.0,,,,,,1,,,,,,,,,,,,,,,,,,0.0
2026-04-26,,,,,,,,,,,,,,,,,,,,,,,,,,,,,,,,,,,0.0,,,,0.0,,,,,,,,,,,,0.0,,,,,,,,,,,,0.0,,,,,,,,0.0,,,,,,,,0,,,,,,,,,,0.0,,0.0,,,,,,,,,,,,,,0.0,,271558,,0.0,,,,,,,,,,,,,,,,,,,,,,,,,,,,,,,,,,,0.0,,0.0,,,,,,0.0,,,,,,,,,,,,,,,,,0.0,,,,,82937,,,,,,,,,,,,,,0.0,,,,,,,,,,366,,,,,,,,,,,,,0.0,,27703.0,,,0.0,,,,,,,,,,,,,0.0,,,,,,,,,,,,,,1588.0,,0.0,,,,,,,,,,,,,,,,,,,,,,,,,,,,,,,,,,,,,,,,,,,,,0.0,,0.0,,,,,,0,,,,,,,,,,,,,,,,,,0.0
2026-04-27,4563073.0,930365.0,22870374.0,528597.0,458738.0,5287941.0,628169.0,15757180.0,45048027.0,40606465.0,88584715.0,31814871.0,39390929.0,1771399.0,11746101.0,9442600.0,,41466800.0,,5067700.0,,5422500.0,,5663400.0,,50585300.0,,44906800.0,,3522900.0,,13922800.0,,1326200.0,0.0,12289500.0,,17451600.0,0.0,9997800.0,,6462100.0,,,,7118300.0,,95040900.0,,31206500.0,0.0,123000.0,,,,4888000.0,,,,,5662000.0,,0.0,29439.0,1986700.0,,,,1684200.0,,0.0,219055.0,6217500.0,,7855600.0,,17.0,1620400.0,0,9583200.0,,6799000.0,,11907000.0,,9188400.0,,24929000.0,0.0,13810500.0,0.0,,,5821000.0,,6524300.0,,14012600.0,,11874200.0,,5929900.0,,4086100.0,0.0,3272600.0,328602,11361200.0,0.0,18899000.0,,3698700.0,,5204700.0,,762900.0,,538.0,3845800.0,,,11759700.0,,6260400.0,,28576900.0,,1223000.0,,,3282900.0,,914.0,23287200.0,,,,20100400.0,,8439200.0,,,8060700.0,0.0,178820200.0,0.0,9030400.0,,33168600.0,,23399400.0,0.0,7925300.0,,11196000.0,,15812200.0,,,7982000.0,,69100.0,,,,5289700.0,,2700300.0,0.0,8095400.0,,,12805200.0,423542,,30281800.0,,30867300.0,,13295400.0,,41298800.0,,42366000.0,,3614100.0,,0.0,,14122100.0,,29707400.0,,65552.0,141159900.0,,32789100.0,23209,187172400.0,,19367700.0,,57126900.0,,21616600.0,,4.0,7893800.0,,1087200.0,0.0,1963500.0,32972.0,71.0,31275400.0,0.0,,7992800.0,,41744000.0,,,,32717000.0,,3311700.0,,21176000.0,0.0,19386300.0,,,,372200.0,,7.0,,,,28746100.0,,9040200.0,1604.0,13005000.0,0.0,5395100.0,,64396800.0,,47554300.0,,5981100.0,,73334600.0,,1368814.0,,,,33135900.0,,36527300.0,,2012700.0,,84300.0,,261200.0,,,4027200.0,,2812100.0,,56615000.0,,66735800.0,,16561200.0,,1532900.0,,9962700.0,,12776360.0,,14670000.0,,469400.0,0.0,18612500.0,0.0,5282600.0,,6261500.0,,5442500.0,0,5788200.0,,8090400.0,,17029500.0,,,,6658700.0,,33070600.0,,,,,,3885200.0,
2026-04-28,3002713.0,2585417.0,18444490.0,672656.0,758420.0,1775578.0,3412120.0,14306460.0,25793090.0,43762993.0,211802864.0,29510905.0,33674973.0,1902366.0,12697058.0,7158100.0,,40018900.0,,4641700.0,,4965300.0,,10396200.0,,43002500.0,,42204400.0,,2785600.0,,13367900.0,,1926900.0,0.0,15266200.0,,25519200.0,0.0,9251100.0,,6088100.0,,,,15273000.0,,92115700.0,,28531500.0,0.0,107900.0,,,,4902400.0,,,,,6240700.0,,0.0,23451.0,1875600.0,,,,3103100.0,,0.0,281078.0,6393400.0,,6316100.0,,,1776000.0,0,6305300.0,,6339500.0,,8711700.0,,7491600.0,,27765200.0,0.0,16889300.0,0.0,,,4437700.0,,6409300.0,,6684600.0,,14534900.0,,3884700.0,,5663700.0,0.0,6012900.0,312170,11492800.0,0.0,14104600.0,,4744800.0,,5592700.0,,615200.0,,2660.0,4206000.0,,,20391600.0,,4326800.0,,27824100.0,,1501600.0,,,4279300.0,,23966.0,21825600.0,,,,31324200.0,,11453000.0,,,5162900.0,0.0,147773500.0,0.0,4688800.0,,39925200.0,,24139400.0,0.0,7398600.0,,13398000.0,,30710700.0,,,8286000.0,,70800.0,,,,5547700.0,,2561300.0,0.0,11499500.0,,,10606800.0,63886,,27128700.0,,30438100.0,,13858700.0,,44816600.0,,42706000.0,,2742000.0,,0.0,,16041400.0,,33418100.0,,102074.0,135363200.0,,20990400.0,0,180275400.0,,16387700.0,,41736600.0,,33716500.0,,4.0,6451900.0,,452600.0,0.0,2069800.0,38760.0,400.0,24757200.0,0.0,,9761400.0,,22921300.0,,,,34147900.0,,5156300.0,,16286300.0,0.0,14379700.0,,,,496700.0,,28613.0,,,,23282200.0,,12664800.0,1599.0,14119000.0,0.0,3578800.0,,67444000.0,,67972700.0,,5385500.0,,94099700.0,,1585779.0,,,,43117400.0,,47683100.0,,1870600.0,,173200.0,,272100.0,,,4596200.0,,2724900.0,,80631600.0,,50864400.0,,14715800.0,,929000.0,,8369400.0,,18271970.0,,14039000.0,,488200.0,0.0,14986000.0,0.0,8614900.0,,8839900.0,,8217600.0,0,7285500.0,,6267700.0,,16341800.0,,,,7649700.0,,39151300.0,,,,,,3053700.0,0.0
2026-04-29,3001208.0,971755.0,20363756.0,538558.0,673160.0,886254.0,1519252.0,12365720.0,19321018.0,37779763.0,167446422.0,25173087.0,45687332.0,2154590.0,15949271.0,9604100.0,,30047900.0,,2664500.0,,4959700.0,,5116400.0,,44704400.0,,72367900.0,,2337600.0,,6215500.0,,1256500.0,0.0,15006000.0,,15962500.0,0.0,10123700.0,,6386000.0,,,,19882500.0,,126044500.0,,32673500.0,0.0,483300.0,,,,3175600.0,,,,,5994900.0,,0.0,18031.0,2566300.0,,,,1830400.0,,0.0,318841.0,6884400.0,,12609600.0,,,1516900.0,0,8599700.0,,4415300.0,,6882800.0,,7659200.0,,27754000.0,0.0,15427900.0,0.0,,,3635700.0,,5533700.0,,6608200.0,,11287000.0,,6814700.0,,5281400.0,0.0,3838300.0,260246,12415900.0,0.0,38816200.0,,4511200.0,,4835700.0,,692600.0,,507.0,3721100.0,,,13744800.0,,7071500.0,,35376300.0,,1725900.0,,,4150000.0,,4555.0,19906300.0,,,,79797600.0,,13271700.0,,,6443700.0,0.0,235070900.0,0.0,9180000.0,,25357000.0,,29428900.0,0.0,8031800.0,,10921000.0,,18294700.0,,,8004000.0,,17200.0,,,,6179900.0,,3904600.0,0.0,9585300.0,,,18947500.0,95529,,20649000.0,,38288300.0,,15146200.0,,36248500.0,,35650000.0,,3203400.0,,0.0,,14962700.0,,26122100.0,,98371.0,159946000.0,,18646600.0,0,123711800.0,,16339400.0,,58503700.0,,20587500.0,,14.0,4157400.0,,902300.0,0.0,1140300.0,44462.0,70.0,33348100.0,0.0,,18531700.0,,37571200.0,,,,31724900.0,,3373200.0,,16223600.0,0.0,17751400.0,,,,382100.0,,4128.0,,,,26097100.0,,6007900.0,1639.0,11350200.0,0.0,4323100.0,,65011200.0,,200480800.0,,9342300.0,,55503700.0,,1008970.0,,,,41859200.0,,51299500.0,,1902900.0,,236800.0,,1168200.0,,,13070500.0,,4921400.0,,77081400.0,,45384800.0,,10313000.0,,1028000.0,,7821400.0,,19146010.0,,11751800.0,,335800.0,0.0,12720900.0,0.0,6208100.0,,16658600.0,,4536300.0,0,10458100.0,,8192100.0,,16538800.0,,,,9033100.0,,40616700.0,,,,,,6815800.0,
2026-04-30,3342342.0,1150241.0,22161975.0,906217.0,1387029.0,2575384.0,4601367.0,16456250.0,38406905.0,25714098.0,284581634.0,21270964.0,45918845.0,3263059.0,13723473.0,8838000.0,,91848200.0,,5129100.0,,5152000.0,,7050000.0,,42115300.0,,100974900.0,,2247800.0,,7730800.0,,1414400.0,0.0,13483200.0,,21821600.0,0.0,12425900.0,,7416600.0,,,,13949500.0,,73976600.0,,24554900.0,0.0,213100.0,,,,5109300.0,,,,,9135600.0,,0.0,58572.0,5203300.0,,,,2665500.0,,0.0,341994.0,6165400.0,,7786700.0,,,2049300.0,61,9231900.0,,4438900.0,,14408300.0,,9770800.0,,25279800.0,0.0,21686700.0,0.0,,,5635800.0,,9203500.0,,8070300.0,,9381500.0,,12220800.0,,12083600.0,0.0,4502900.0,323501,16803300.0,0.0,24422700.0,,4940200.0,,4925800.0,,788400.0,,77.0,3533200.0,,,12875900.0,,4492500.0,,72040000.0,,1880300.0,,,4317900.0,,1622.0,17411800.0,,,,31187300.0,,17192200.0,,,6283300.0,0.0,160597300.0,0.0,5787200.0,,29279600.0,,29220700.0,0.0,8865400.0,,18906000.0,,15142200.0,,,8958000.0,,179500.0,,,,6148500.0,,8236700.0,0.0,10381100.0,,,52765000.0,56511,,20327000.0,,70909400.0,,12437800.0,,36554400.0,,35822000.0,,1971900.0,,0.0,,12682900.0,,40923000.0,,172760.0,136493600.0,,22152200.0,0,225239200.0,,25208100.0,,35726100.0,,21016400.0,,0.0,5771500.0,,1341300.0,0.0,1759300.0,33700.0,54.0,32523600.0,0.0,,12519900.0,,61132700.0,,,,40622200.0,,9383400.0,,31193600.0,0.0,17604200.0,,,,912700.0,,498.0,,,,21028100.0,,8401600.0,1599.0,15088300.0,0.0,8241600.0,,93776800.0,,94742400.0,,7334800.0,,58536700.0,,1283032.0,,,,67240900.0,,56560700.0,,2508700.0,,195400.0,,488500.0,,,7836300.0,,3777900.0,,81042700.0,,51076000.0,,12788100.0,,1430800.0,,11066700.0,,16936070.0,,16067000.0,,790500.0,0.0,30361900.0,0.0,4261900.0,,11241100.0,,6268700.0,0,11700600.0,,8793500.0,,19867700.0,,,,7917900.0,,35896800.0,,,,,,7949200.0,
2026-05-01,,,,,,,,,,,,,,,,13196700.0,,79915400.0,,5068500.0,,4343600.0,,4586500.0,,34279200.0,,50825200.0,,2484200.0,,4970300.0,,707100.0,0.0,13438000.0,,11882600.0,0.0,19998100.0,,6199300.0,,,,9534800.0,,96523400.0,,29623500.0,0.0,260000.0,,,,4818300.0,,,,,5648700.0,,0.0,40576.0,2376500.0,,,,1733800.0,,0.0,268707.0,4620100.0,,6771100.0,,,1509700.0,0,10127600.0,,4701700.0,,12324400.0,,6088000.0,,27413000.0,0.0,16095700.0,0.0,,,3010600.0,,5956900.0,,8090800.0,,11751000.0,,12485900.0,,5440800.0,0.0,3476700.0,263989,9840000.0,0.0,12713500.0,,3292000.0,,4914100.0,,636100.0,,113.0,1890400.0,,,7179600.0,,20284900.0,,30105200.0,,1359800.0,,,3865300.0,,1399.0,14645100.0,,,,25254800.0,,11032500.0,,,3582100.0,0.0,158502800.0,0.0,5665600.0,,26149800.0,,28936700.0,0.0,6135400.0,,7892000.0,,12610400.0,,,6384000.0,,38400.0,,,,4774700.0,,4352400.0,0.0,8094500.0,,,21404000.0,36211,,13071700.0,,31372400.0,,21661200.0,,40215300.0,,43200000.0,,1625100.0,,0.0,,15854500.0,,30406900.0,,111530.0,148599600.0,,22911800.0,0,128647000.0,,26254500.0,,45644500.0,,26318000.0,,0.0,4972100.0,,929700.0,0.0,1638100.0,34987.0,7.0,33219900.0,0.0,,8765800.0,,21111500.0,,,,39172600.0,,14252200.0,,53434700.0,0.0,16378800.0,,,,380400.0,,598.0,,,,25043900.0,,5308300.0,1594.0,23126800.0,0.0,9351300.0,,141068800.0,,79288500.0,,5054600.0,,40940300.0,,830471.0,,,,43049800.0,,56598700.0,,2572600.0,,153100.0,,322100.0,,,2876800.0,,3626500.0,,67762900.0,,65338300.0,,9926400.0,,1042200.0,,4494300.0,,10815400.0,,10867400.0,,330200.0,0.0,24643100.0,0.0,3913100.0,,6726100.0,,4408600.0,0,15485300.0,,8480300.0,,10480900.0,,,,8261100.0,,35828400.0,,,,,,5825900.0,0.0
2026-05-02,,,,,,,,,,,,,,,,,,,,,,,,,,,,,,,,,,,0.0,,,,0.0,,,,,,,,,,,,0.0,,,,,,,,,,,,0.0,,,,,,,,0.0,,,,,,,,0,,,,,,,,,,0.0,,0.0,,,,,,,,,,,,,,0.0,,294425,,0.0,,,,,,,,,,,,,,,,,,,,,,,,,,,,,,,,,,,0.0,,0.0,,,,,,0.0,,,,,,,,,,,,,,,,,0.0,,,,,25444,,,,,,,,,,,,,,0.0,,,,,,,,,,303,,,,,,,,,,,,,0.0,,28761.0,,,0.0,,,,,,,,,,,,,0.0,,,,,,,,,,,,,,1589.0,,0.0,,,,,,,,,,,,,,,,,,,,,,,,,,,,,,,,,,,,,,,,,,,,,0.0,,0.0,,,,,,0,,,,,,,,,,,,,,,,,,
2026-05-03,,,,,,,,,,,,,,,,,,,,,,,,,,,,,,,,,,,0.0,,,,0.0,,,,,,,,,,,,0.0,,,,,,,,,,,,0.0,,,,,,,,0.0,,,,,,904.0,,0,,,,,,,,,,0.0,,0.0,,,,,,,,,,,,,,0.0,,90496,,0.0,,,,,,,,,,,,,,,,,,,,,,,,,,,,,,,,,,,0.0,,0.0,,,,,,0.0,,,,,,,,,,,,,,,,,0.0,,,,,30504,,,,,,,,,,,,,,0.0,,,,,,,,,,5254,,,,,,,,,,,,,0.0,,28108.0,,,0.0,,,,,,,,,,,,,0.0,,,,,,,,,,,,,,1588.0,,0.0,,,,,,,,,,,,,,,,,,,,,,,,,,,,,,,,,,,,,,,,,,,,,0.0,,0.0,,,,,,0,,,,,,,,,,,,,,,,,,0.0
2026-05-04,5776641.0,854165.0,32920816.0,866674.0,875803.0,1064176.0,1517270.0,18089450.0,23758824.0,30482525.0,234369711.0,,16917991.0,810184.0,12338409.0,10179900.0,,46668400.0,,5536900.0,,4155500.0,,5062300.0,,42000200.0,,49083700.0,,3804300.0,,6725200.0,,1755700.0,0.0,12543200.0,,15140400.0,0.0,11690800.0,,8317200.0,,,,9901100.0,,137108100.0,,43404900.0,0.0,306600.0,,,,6895400.0,,,,,4348800.0,,0.0,67567.0,2669900.0,,,0.0,1198600.0,,0.0,342843.0,6539000.0,,11243400.0,,464.0,1479400.0,0,32606500.0,,3636000.0,,8444700.0,,8734400.0,,30197300.0,0.0,12684800.0,0.0,,,3842400.0,,8400100.0,,9207800.0,,29751300.0,,20481100.0,,4304000.0,0.0,4506200.0,114557,14601600.0,0.0,27715300.0,,2613100.0,,4963100.0,,649800.0,,20.0,1923200.0,,,8508500.0,,40178600.0,,26298600.0,,1660100.0,,,6396100.0,,827.0,15069500.0,,,,29377500.0,,12078200.0,,,4003100.0,0.0,119294000.0,0.0,5743200.0,,42428800.0,,28632300.0,0.0,7338200.0,,7916000.0,,12672400.0,,,12950000.0,,31900.0,,,,5445800.0,,3696900.0,0.0,6497400.0,,,16203900.0,86034,,14547000.0,,28066500.0,,18210200.0,,46043700.0,,43254000.0,,4568700.0,,0.0,,24793300.0,,25928800.0,,125100.0,122095600.0,,21863500.0,0,125368100.0,,18675700.0,,47914900.0,,33504500.0,0.0,1.0,4891100.0,,549600.0,0.0,2638900.0,36230.0,7.0,70525900.0,0.0,,13649500.0,,23117400.0,,,,34542000.0,,6092000.0,,48844400.0,0.0,16241300.0,,,,354900.0,,591.0,,,,29340500.0,,6867500.0,1572.0,17853000.0,0.0,6190200.0,,87453600.0,,66311900.0,,5104700.0,,46455700.0,,902468.0,,,,51950600.0,,51093600.0,,2647700.0,,184800.0,,796300.0,,,3100000.0,,5035900.0,,60813800.0,,48765100.0,,9978500.0,,2046300.0,,5525700.0,,17683520.0,,13868400.0,,339800.0,0.0,19879400.0,0.0,6864900.0,,6712400.0,,4927400.0,0,10175700.0,,8134800.0,,10340700.0,,,15.0,8114200.0,,36883000.0,,,,,,5501900.0,0.0
2026-05-05,,,,,,,,,13004679.0,14373316.0,110953102.0,,10874630.0,632293.0,9707209.0,7984000.0,,49311700.0,,3952500.0,,8142500.0,,6321100.0,,64235100.0,,41908500.0,,3259900.0,,7968900.0,,1621400.0,0.0,19843300.0,,21175200.0,0.0,8257400.0,,6919300.0,,,,7478200.0,,117330200.0,,34971200.0,0.0,179700.0,,,,5372700.0,,,,,4783400.0,,0.0,39713.0,2581100.0,,,0.0,1632400.0,,0.0,241150.0,5601200.0,,10074200.0,,1124.0,1456300.0,0,22578400.0,,6133200.0,,9740800.0,,8900000.0,,22972800.0,0.0,13456200.0,0.0,,,4360800.0,,14314700.0,,9580600.0,,36056200.0,,7417700.0,0.0,4866000.0,0.0,4223800.0,152024,21110400.0,0.0,19822600.0,0.0,9450400.0,,4309200.0,,754300.0,,426.0,2075600.0,,,12386700.0,,17979600.0,,23878600.0,,1507200.0,,,6391400.0,,640.0,15492800.0,,,,24754600.0,,11580000.0,,,4221900.0,0.0,198482000.0,0.0,9190400.0,,48226600.0,,24863200.0,0.0,6316800.0,,11941000.0,,11637500.0,,,13746000.0,,77300.0,,,,6588100.0,,2955500.0,0.0,11884000.0,,,17171300.0,82686,,22284400.0,0.0,25700900.0,,15512800.0,,64268500.0,,58632000.0,,2188500.0,,0.0,,11763200.0,,51961300.0,,115367.0,95319000.0,,22756800.0,0,113406600.0,,21292000.0,,56570800.0,,23497200.0,,1.0,5150700.0,,457000.0,0.0,4830000.0,25625.0,0.0,89747100.0,0.0,,39099400.0,,34274900.0,,,,37101100.0,,7080600.0,,28211000.0,0.0,17126000.0,0.0,,,294500.0,,194.0,,,,55291300.0,,8624600.0,1589.0,20668200.0,0.0,5891600.0,,102644000.0,,53952900.0,,10166400.0,,52130100.0,,1426679.0,,,,36933200.0,,43491800.0,,2372500.0,,176300.0,,305500.0,,,3565700.0,,3785700.0,,54098800.0,,47780600.0,,14579000.0,,1310300.0,,7295200.0,,16601150.0,,27424000.0,,461300.0,0.0,24243900.0,0.0,9292100.0,,5893200.0,,5456200.0,0,9794500.0,,8540300.0,,10637300.0,,,,8702600.0,,27041400.0,0.0,,,,,4238500.0,0.0
2026-05-06,6631934.0,1690524.0,53097996.0,1216412.0,839509.0,1441060.0,3976159.0,29550190.0,44367227.0,59213188.0,208359203.0,30938572.0,38773772.0,4497690.0,19962025.0,9107500.0,,58336100.0,,4452100.0,,8553000.0,,7241200.0,,87732200.0,,44552000.0,,7943700.0,,26272900.0,,2312400.0,0.0,18680500.0,,20707000.0,0.0,15138600.0,,16958900.0,,,,8437800.0,,164009400.0,,36626000.0,0.0,190100.0,,,,5698900.0,,,,,4850500.0,,0.0,61814.0,3010600.0,,,0.0,2244800.0,,0.0,423491.0,9720600.0,,7764900.0,,,2619100.0,1107,19293000.0,,6073100.0,,11303400.0,,8795600.0,,31677900.0,0.0,27026600.0,0.0,,,9187200.0,,23219500.0,,19315200.0,,47141000.0,,7454100.0,0.0,5400000.0,0.0,5198500.0,258647,21163400.0,0.0,21054700.0,0.0,18828600.0,,11373300.0,,913600.0,,212.0,2282800.0,,,32981100.0,,11606500.0,,31308500.0,,2318200.0,,,5455900.0,,1278.0,14873600.0,,,,24673100.0,,12871900.0,,,7673200.0,0.0,157320100.0,0.0,12872000.0,,62384700.0,,23330300.0,0.0,8629500.0,,13409000.0,,14060300.0,,,12830000.0,,619900.0,,,,9902100.0,,3921200.0,0.0,14788600.0,,,19915500.0,221611,,23205300.0,0.0,30285900.0,,14338600.0,,55725800.0,,55816000.0,,2230200.0,,0.0,,19331100.0,,41932400.0,,107146.0,121621400.0,,23117900.0,0,188362800.0,,30895000.0,,54577200.0,,27685500.0,,0.0,5595600.0,,514800.0,0.0,5624800.0,26597.0,28.0,55524800.0,0.0,,19820100.0,,30145000.0,0.0,,,38778500.0,,7179800.0,,24738800.0,0.0,19779200.0,0.0,,,838600.0,,235.0,,,,127295700.0,,15262900.0,1523.0,21114100.0,0.0,7431200.0,,117841600.0,,55998000.0,,10934600.0,,65579200.0,,2230305.0,,,,53288900.0,,65025500.0,,2519800.0,,240300.0,,440300.0,,,3836200.0,,3329400.0,,70169000.0,,53465400.0,,17736400.0,,1850700.0,,10183200.0,,20166470.0,,35783000.0,,828800.0,0.0,17411900.0,0.0,7568300.0,,7808400.0,,5583200.0,0,8338900.0,,8927900.0,,16371500.0,,,,8468600.0,,57907500.0,0.0,,,,,6186800.0,0.0
2026-05-07,5860618.0,2082177.0,41404687.0,689914.0,1014658.0,1232988.0,1943210.0,26974170.0,40989511.0,120676204.0,142253475.0,27719010.0,41734088.0,2397962.0,27828134.0,14494600.0,,45224300.0,,4479900.0,,6551400.0,,7741800.0,,44885500.0,,35892900.0,,12597300.0,,22382800.0,,1726700.0,0.0,19441300.0,,22791700.0,0.0,11765600.0,,10698800.0,,,,10704500.0,,127855000.0,,36938700.0,0.0,122700.0,,,,5899500.0,,,,,5131000.0,,0.0,62847.0,2957300.0,,,0.0,3546900.0,,0.0,392091.0,12673300.0,,9158100.0,,,2014000.0,0,21476800.0,,5514600.0,,13955100.0,,20458000.0,,41365300.0,0.0,17062300.0,0.0,,,4848300.0,,14309200.0,,21597500.0,,27480500.0,,5680600.0,0.0,6926100.0,0.0,5829200.0,427647,17754700.0,0.0,28765100.0,0.0,11002000.0,,46080100.0,,1089100.0,,254.0,2588300.0,,,20243100.0,,8794000.0,,24433500.0,,1715300.0,,,4411700.0,,738.0,18627000.0,,,,21873200.0,,15708600.0,,,5485500.0,0.0,122699900.0,0.0,6948000.0,,81891800.0,,28350400.0,0.0,8359600.0,,12416000.0,,16531400.0,,,9930000.0,,123800.0,,,,7268200.0,,3494900.0,0.0,9704500.0,,,12307400.0,103759,0.0,23683600.0,0.0,34942400.0,,15918100.0,,47527500.0,,44670000.0,,2114100.0,,0.0,,19203400.0,,30627600.0,,166306.0,128229200.0,,27960700.0,0,168307900.0,,16912600.0,,45228600.0,,31803200.0,,4.0,10556600.0,,2434100.0,0.0,3350300.0,26017.0,14.0,50184900.0,0.0,,14081600.0,,51092200.0,0.0,,,43779100.0,,5444700.0,,26127600.0,0.0,22942900.0,0.0,,,470000.0,,301.0,,,,61495300.0,,10905200.0,1591.0,16243300.0,0.0,13709300.0,,85682400.0,,58428800.0,,8649000.0,,72375200.0,,1925821.0,,,,51724600.0,,76149600.0,,2111400.0,,125700.0,,308400.0,,0.0,5001500.0,,2936000.0,,93509100.0,,64294200.0,,13403200.0,,1901200.0,,7017900.0,,31620330.0,,26972300.0,,1039100.0,0.0,17947800.0,0.0,10527600.0,,7186100.0,,5458100.0,0,7162900.0,,14736900.0,,14935400.0,,,15229.0,10692800.0,,52909900.0,0.0,,,,,4750600.0,0.0
2026-05-08,4278087.0,5020568.0,25875880.0,523357.0,1542717.0,699479.0,2029897.0,21327490.0,25207039.0,176026526.0,132137552.0,19764077.0,24167472.0,2004260.0,42141425.0,20778600.0,,52692800.0,,3667500.0,,4610100.0,,8165200.0,,58134900.0,,34732700.0,,7766900.0,,11610300.0,,2288300.0,0.0,22685000.0,,22561400.0,0.0,13175100.0,,10062000.0,,,,14413700.0,,115183600.0,,28943900.0,0.0,117600.0,,,,5225600.0,,,,,3294500.0,,0.0,34316.0,2030300.0,,,0.0,1501600.0,,0.0,243423.0,7901600.0,,12909400.0,,1393.0,1805200.0,286,16763700.0,,4837000.0,,15123900.0,,16164800.0,,48479400.0,0.0,24652500.0,0.0,,,12168100.0,,8370000.0,,28569200.0,,41325400.0,,4879200.0,0.0,4426300.0,0.0,4306400.0,233757,21526200.0,0.0,24472800.0,0.0,10301100.0,,41472200.0,,1227600.0,,120.0,1828700.0,,,20589400.0,,5957700.0,,21461800.0,,1665000.0,,,4995500.0,,661.0,25969500.0,,,,18141900.0,,17521000.0,,,5332800.0,0.0,227681300.0,0.0,12796000.0,,110542100.0,,22474300.0,0.0,9464300.0,,12894000.0,,12447200.0,,,10384000.0,,153900.0,,,,6727600.0,,3559200.0,0.0,8996700.0,,,13557000.0,60501,0.0,20589000.0,0.0,33383800.0,,15985200.0,,65130900.0,,57334000.0,,1607700.0,,0.0,,12929600.0,,36215100.0,,124590.0,97077400.0,,24699000.0,0,136421400.0,,12054100.0,,34078000.0,,21158300.0,,2.0,11641800.0,,1295800.0,0.0,4393000.0,31207.0,43.0,41745400.0,0.0,,14073700.0,,37850000.0,0.0,,,44320400.0,,5779000.0,,31623100.0,0.0,79927300.0,0.0,,,215000.0,,14.0,,,,50774200.0,,8553700.0,1578.0,20567600.0,0.0,7280700.0,,97644800.0,,55866400.0,,13256700.0,,47016500.0,0.0,2087944.0,,,,47227100.0,,60666300.0,,2192300.0,,185200.0,,209500.0,,0.0,3486000.0,,2616800.0,,68713700.0,,65050000.0,,18531200.0,,1756100.0,,8881500.0,,26548330.0,,16230600.0,,664900.0,0.0,16498700.0,0.0,6213700.0,,5950200.0,,4081000.0,0,7929800.0,,22280900.0,,15183700.0,,,,11783800.0,,30573500.0,0.0,,,,,3771200.0,0.0
2026-05-09,,,,,,,,,,,,,,,,,,,,,,,,,,,,,,,,,,,0.0,,,,0.0,,,,,,,,,,,,0.0,,,,,,,,,,,,0.0,,,,,0.0,,,0.0,,,,,,,,0,,,,,,,,,,0.0,,0.0,,,,,,,,,,,,0.0,,0.0,,176086,,0.0,,0.0,,,,,,,,,,,,,,,,,,,,,,,,,,,,,,,,,0.0,,0.0,,,,,,0.0,,,,,,,,,,,,,,,,,0.0,,,,,109160,0.0,,0.0,,,,,,,,,,,0.0,,,,,,,,,,0,,,,,,,,,,,,,0.0,,29599.0,,,0.0,,,,,0.0,,,,,,,,0.0,,0.0,,,,,,,,,,,,1641.0,,0.0,,,,,,,,,,0.0,,,,,,,,,,,,,,,0.0,,,,,,,,,,,,,,,,,,,,0.0,,0.0,,,,,,0,,,,,,,,,,,,0.0,,,,,,0.0
2026-05-10,,,,,,,,,,,,,,,,,,,,,,,,,,,,,,,,,,,0.0,,,,0.0,,,,,,,,,,,,0.0,,,,,,,,,,,,0.0,,,,,0.0,,,0.0,,,,,,777.0,,170,,,,,,,,,,0.0,,0.0,,,,,,,,,,,,0.0,,0.0,,167757,,0.0,,0.0,,,,,,,,,,,,,,,,,,,,,,,,,,,,,,,,,0.0,,0.0,,,,,,0.0,,,,,,,,,,,,,,,,,0.0,,,,,154785,0.0,,0.0,,,,,,,,,,,0.0,,,,,,,,,,35468,,,,,,,,,,,,,0.0,,47885.0,,,0.0,,,,,0.0,,,,,,,,0.0,,0.0,,,,,,,,,,,,1802.0,,0.0,,,,,,,,,,0.0,,,,,,,,,,,,,,,0.0,,,,,,,,,,,,,,,,,,,,0.0,,0.0,,,,,,0,,,,,,,,,,,,0.0,,,,,,0.0
2026-05-11,7433039.0,2569392.0,36031094.0,949645.0,780013.0,1138423.0,1761737.0,27029560.0,27814648.0,116359467.0,113289085.0,32265543.0,29716251.0,3581213.0,20652469.0,16660000.0,,42247300.0,,3225800.0,,5615400.0,,8324000.0,,46085400.0,,38176700.0,,4568500.0,,10549500.0,,2191300.0,0.0,39710200.0,,16825500.0,0.0,12114000.0,,9859200.0,,,,11493900.0,,148524400.0,,40315700.0,0.0,178900.0,,961900.0,,4290700.0,,,,,4187400.0,,0.0,35359.0,2811700.0,,,0.0,2380700.0,,0.0,256251.0,9856100.0,,13659300.0,,,2053500.0,1184,49793000.0,,7999300.0,,11145000.0,,11173200.0,,27701900.0,0.0,31852500.0,0.0,,,11517000.0,,10562300.0,,13589200.0,,79681400.0,,6368500.0,0.0,4372700.0,0.0,5478900.0,164348,17208300.0,0.0,31075200.0,0.0,8741600.0,,27322400.0,,1736800.0,,36.0,2510000.0,,,22399700.0,,17915500.0,,30753700.0,,2411400.0,,,4335700.0,,609.0,61193000.0,,,,26357900.0,,14198300.0,,,6677200.0,0.0,179486500.0,0.0,11431200.0,,112561500.0,,20150400.0,0.0,9512000.0,,12129000.0,,10967900.0,,,9480000.0,,393100.0,,,,9550900.0,,3517500.0,0.0,9150000.0,,,15940600.0,1391833,0.0,22947600.0,0.0,35657900.0,,16063000.0,,70972900.0,,75472000.0,,3330000.0,,0.0,,14061600.0,,40556500.0,,162409.0,143926900.0,,21402900.0,0,160685800.0,,17851600.0,,44661900.0,,16890600.0,,1.0,9404300.0,,1193400.0,0.0,4423700.0,29775.0,169.0,41414500.0,0.0,,18994500.0,,45474000.0,0.0,,,36019100.0,,5077700.0,,26215700.0,0.0,54779700.0,0.0,,,683900.0,,408.0,,,,39601100.0,,12680900.0,1592.0,16516800.0,0.0,4799600.0,,72433600.0,,70912400.0,,16234300.0,,50496000.0,0.0,2004827.0,,,,44024000.0,,49617200.0,,4467800.0,,226100.0,,216900.0,,0.0,4427900.0,,3158700.0,,60475000.0,,78376100.0,,14680000.0,,2061000.0,,9347300.0,,27464970.0,,18996400.0,,864500.0,0.0,19052000.0,0.0,6066500.0,,9586200.0,,7279200.0,0,10022600.0,,10806100.0,,18699200.0,,,,9991800.0,,31943300.0,0.0,,,,,4110300.0,0.0
2026-05-12,9160593.0,4856178.0,41211149.0,2172764.0,991427.0,2277368.0,10296997.0,32050390.0,32469707.0,151743764.0,96395374.0,34542136.0,25067034.0,1593403.0,20397282.0,16391200.0,,45748100.0,,3234000.0,,5053800.0,,9319400.0,,39140100.0,,36776200.0,,4690600.0,,7839600.0,,1846800.0,0.0,32830800.0,,19004300.0,0.0,7126500.0,,16129000.0,,,,7479400.0,,123067000.0,,45054200.0,0.0,299200.0,,549100.0,,5622300.0,,,,,3957900.0,,0.0,30738.0,2348900.0,,,0.0,1603700.0,,0.0,231747.0,5990300.0,,9514400.0,,130.0,2143200.0,0,29501800.0,,6256300.0,,10214000.0,,14181600.0,,32879100.0,0.0,28810800.0,0.0,,,7150800.0,,8178500.0,,11729900.0,,69795100.0,,7911200.0,0.0,6548300.0,0.0,9963100.0,341851,39313500.0,0.0,42380500.0,0.0,8017500.0,,20433200.0,,1114400.0,,93.0,2102800.0,,,23121800.0,,11936700.0,,26017500.0,,2236500.0,,,4225700.0,,782.0,53635000.0,,,,17097100.0,,11200100.0,,,6045200.0,0.0,172516500.0,0.0,11020800.0,,76104700.0,,27404600.0,0.0,9498200.0,,10294000.0,,19883100.0,,,30022000.0,,113400.0,,,,7562700.0,,3037500.0,0.0,9341800.0,,,11351600.0,198139,0.0,21367800.0,0.0,38594200.0,,14738500.0,,73743000.0,,80256000.0,,1773900.0,,0.0,,11723200.0,,43556600.0,,140080.0,104242900.0,,22354600.0,1094,159176600.0,,14248200.0,,37093800.0,,22123400.0,,0.0,8295200.0,,1211400.0,0.0,5160900.0,73982.0,0.0,38781100.0,0.0,,25493000.0,,38590100.0,0.0,,,45873000.0,,4698100.0,,22253000.0,0.0,34195200.0,0.0,,,225200.0,,418.0,,,,35190100.0,,17720800.0,1523.0,17138500.0,0.0,4877400.0,,83580800.0,,62891600.0,,12735400.0,,91705600.0,0.0,3466026.0,,,,54185300.0,,80149500.0,,3722800.0,,156200.0,,415400.0,,0.0,5646000.0,,4392300.0,,90651600.0,,60569300.0,,18121800.0,,1785600.0,,6431000.0,,34804920.0,,17241000.0,,1010400.0,0.0,14631100.0,0.0,14081400.0,,6235200.0,,6556200.0,8,7773000.0,,57850400.0,,17935400.0,,,,5994100.0,,36814500.0,0.0,,,,,4890100.0,0.0
2026-05-13,7126921.0,4051665.0,35540134.0,1134999.0,904464.0,1015741.0,4385663.0,23232590.0,26616535.0,69261813.0,102172260.0,26000533.0,63062497.0,2572732.0,32550591.0,18450400.0,,52684300.0,,3870200.0,,6415600.0,,7839400.0,,30423400.0,,39670900.0,,5615800.0,,8700000.0,0.0,1691200.0,0.0,14987900.0,,16981200.0,0.0,7497800.0,,40214600.0,,,,9073800.0,,108069100.0,,25523600.0,0.0,140700.0,,709700.0,,4432500.0,,,,,4997300.0,,0.0,27718.0,1957100.0,,,0.0,1272700.0,,0.0,212582.0,6758900.0,,8370200.0,,1266.0,1654600.0,0,19433400.0,,6644700.0,,11951900.0,,11203600.0,,23598000.0,0.0,45241600.0,0.0,,,5008500.0,,7605900.0,,10027800.0,,42539400.0,,7001800.0,0.0,5348200.0,0.0,4436600.0,346927,18868400.0,0.0,62282000.0,0.0,6858400.0,,25413700.0,,1228000.0,,228.0,1588400.0,,,15450500.0,,7356900.0,,28144600.0,,2355200.0,,,6307800.0,,910.0,25968300.0,,,,14805900.0,,27523500.0,,,8361200.0,0.0,115364400.0,0.0,7574400.0,,49514600.0,,20742300.0,0.0,7709500.0,,9381000.0,,12357000.0,,,14008000.0,,542500.0,,,,4398500.0,,3486400.0,0.0,8633100.0,,,14634400.0,133104,0.0,31862600.0,0.0,29667100.0,,12480700.0,,54875100.0,,71956000.0,,4901400.0,,0.0,,38770000.0,,30823500.0,,132794.0,151685500.0,,22107000.0,0,150405400.0,,9998700.0,,50015000.0,,15789300.0,,1.0,9337700.0,,557000.0,0.0,9135700.0,29873.0,103.0,55189400.0,0.0,,15923800.0,,26226300.0,0.0,,,40012500.0,,4151100.0,,29255400.0,0.0,26587400.0,0.0,,,371100.0,,137.0,,,,25441600.0,,9586700.0,929.0,11618700.0,0.0,6892700.0,,68756000.0,,59964500.0,,12793600.0,,59522300.0,0.0,2373893.0,,,,44200200.0,,61590100.0,,5303000.0,,98200.0,,537000.0,,0.0,3628700.0,,3565000.0,,64416400.0,,68283200.0,,13127800.0,,1660500.0,,7546500.0,,30013200.0,,14055200.0,,560200.0,0.0,15775200.0,0.0,13702700.0,,7950400.0,,4461000.0,0,5772800.0,,22806900.0,,13786600.0,,,,7037200.0,,22707200.0,0.0,60.0,,,,3479100.0,0.0
2026-05-14,6040068.0,2399620.0,39314752.0,672079.0,1601442.0,1085030.0,4316463.0,23542840.0,39339032.0,61207264.0,160864410.0,30057134.0,56592595.0,1744426.0,29270669.0,12104000.0,,35324900.0,,4991700.0,,4615000.0,,14936200.0,,26113600.0,,31338400.0,,5963600.0,,8456900.0,0.0,1412600.0,0.0,27216900.0,,19733800.0,0.0,7280300.0,,19422000.0,,,,8049200.0,,165097300.0,,37536500.0,0.0,361800.0,,816500.0,,3375100.0,,,,,3384000.0,,0.0,27529.0,2095600.0,,33497900.0,0.0,1121900.0,,0.0,173862.0,4791300.0,,16576900.0,,,1606600.0,0,23592000.0,,4949800.0,,9749400.0,,11263600.0,,27702300.0,0.0,70932300.0,0.0,,,6241900.0,,6144600.0,,8469900.0,,28665300.0,,4632200.0,0.0,7047500.0,0.0,6202400.0,338485,10027400.0,0.0,36035500.0,0.0,4882000.0,,11721800.0,,1882100.0,,5.0,1690600.0,,,10948500.0,,5663100.0,,21136700.0,,1898000.0,,,5072600.0,,718.0,18275600.0,,,,27967600.0,,34638300.0,,,5906200.0,0.0,118279800.0,0.0,7723200.0,,58403000.0,,17428700.0,0.0,7364300.0,,8100000.0,,10642000.0,,,6026000.0,,1973000.0,,,,3557100.0,,1751700.0,0.0,6404900.0,,,10651200.0,77041,0.0,32661100.0,0.0,27077500.0,,15859400.0,,42142700.0,,45218000.0,,6603600.0,,0.0,,29737800.0,,29408300.0,,144509.0,137481600.0,,25571500.0,0,180782900.0,,13297200.0,,244801000.0,,22545000.0,,0.0,10346700.0,,940800.0,0.0,4218900.0,37963.0,31.0,37052600.0,0.0,,9719500.0,,24883900.0,0.0,,,33327500.0,,3266000.0,,21303700.0,0.0,25324100.0,0.0,,,828500.0,,91.0,,,,32397600.0,,8458700.0,1589.0,11213600.0,0.0,5835200.0,,53104000.0,,68804300.0,,8154100.0,,43319000.0,0.0,1699488.0,,,,45307600.0,,52849900.0,,15608600.0,,78600.0,,273000.0,,0.0,2352500.0,,2720800.0,,58472800.0,,46070400.0,,18577100.0,,3667000.0,,5767800.0,,31486140.0,,17329500.0,,765400.0,0.0,18324900.0,0.0,10090400.0,,5277400.0,,3611300.0,43,5540900.0,,13449600.0,,14200400.0,,,,5197100.0,,23487000.0,0.0,0.0,,,,6261200.0,0.0
2026-05-15,7485233.0,4332789.0,38075487.0,1329154.0,997805.0,1042610.0,5856267.0,30488390.0,26449868.0,50533425.0,152641980.0,27625280.0,41139543.0,3364077.0,15287277.0,8467700.0,,54862800.0,,6421200.0,,5941800.0,,12768700.0,,29131600.0,,40770300.0,,5352700.0,,10191200.0,0.0,1807400.0,0.0,21746300.0,,18957100.0,0.0,9771300.0,,17985100.0,,,,10110000.0,,130727200.0,,50478500.0,0.0,208700.0,,1982600.0,,4680300.0,,,,,4867300.0,,0.0,26518.0,2907900.0,,17119200.0,0.0,2423400.0,,499690.0,96552.0,6627000.0,,14428600.0,,,1967000.0,0,17958200.0,,5528800.0,,13883400.0,,15437600.0,,22048200.0,0.0,38519600.0,0.0,,,4833100.0,,9258600.0,,12984800.0,,35031300.0,,6141300.0,0.0,5272000.0,0.0,6091600.0,475997,21737600.0,0.0,36438400.0,0.0,6490300.0,,15002500.0,,1179100.0,,607.0,2445800.0,,,17221500.0,,5346600.0,,20309700.0,,1862700.0,,,6121500.0,,899.0,20662200.0,,,,19662400.0,,16381200.0,,,6154500.0,0.0,135206000.0,0.0,5912800.0,,48691600.0,,35408000.0,0.0,8699300.0,,9804000.0,,17527200.0,,,18552000.0,,932800.0,,,,10141800.0,,2820700.0,0.0,9643200.0,,,13272600.0,216375,0.0,24757300.0,0.0,50771200.0,,19654300.0,,48519000.0,,52548000.0,,2351100.0,,0.0,,22919800.0,,32335700.0,,144038.0,109259600.0,,34569700.0,0,180977600.0,,16383800.0,,140436900.0,,15747100.0,,2.0,11551000.0,,425900.0,0.0,4390700.0,34654.0,0.0,32629700.0,0.0,,16481200.0,,25876800.0,0.0,,,51792700.0,,3340000.0,,42196700.0,0.0,22469100.0,0.0,,,498300.0,,53.0,,,,27358900.0,,13009600.0,1626.0,14011300.0,0.0,7739700.0,,71611200.0,,50125000.0,,8111300.0,,62126600.0,0.0,2685397.0,,,,60410800.0,,69281500.0,,5019700.0,,43600.0,,1081100.0,,0.0,4251900.0,,7263400.0,,81260600.0,,52688700.0,,11868600.0,,1959500.0,,6661600.0,,33215290.0,,16394100.0,,1101400.0,0.0,13390800.0,0.0,19391200.0,,6054500.0,,4871200.0,0,7014400.0,,9959900.0,,25323000.0,,,,9438200.0,,33565500.0,0.0,0.0,,,,6579300.0,0.0
2026-05-16,,,,,,,,,,,,,,,,,,,,,,,,,,,,,,,,,0.0,,0.0,,,,0.0,,,,,,,,,,,,0.0,,,,,,,,,,,,0.0,,,,,0.0,,,589942.0,,,,,,,,365,,,,,,,,,,0.0,,0.0,,,,,,,,,,,,0.0,,0.0,,528463,,0.0,,0.0,,,,,,,,,,,,,,,,,,,,,,,,,,,,,,,,,0.0,,0.0,,,,,,0.0,,,,,,,,,,,,,,,,,0.0,,,,,23693549,0.0,,0.0,,,,,,,,,,,0.0,,,,,,,,,,0,,,,,,,,,,,,,0.0,,45529.0,,,0.0,,,,,0.0,,,,,,,,0.0,,0.0,,,,,,,,,,,,1594.0,,0.0,,,,,,,,,,0.0,,,,,,,,,,,,,,,0.0,,,,,,,,,,,,,,,,,,,,0.0,,0.0,,,,,,0,,,,,,,,,,,,0.0,,,,,,0.0
2026-05-17,,,,,,,,,,,,,,,,,,,,,,,,,,,,,,,,,0.0,,0.0,,,,0.0,,,,,,,,,,,,0.0,,,,,,,,,,,,0.0,,,,,0.0,,,588449.0,,,,,,,,39,,,,,,,,,,0.0,,0.0,,,,,,,,,,,,0.0,,0.0,,350025,,0.0,,0.0,,,,,,,,,,,,,,,,,,,,,,,,,,,,,,,,,0.0,,0.0,,,,,,0.0,,,,,,,,,,,,,,,,,0.0,,,,,16971607,0.0,,0.0,,,,,,,,,,,0.0,,,,,,,,,,1345,,,,,,,,,,,,,0.0,,51604.0,,,0.0,,,,,0.0,,,,,,,,0.0,,0.0,,,,,,,,,,,,1296.0,,0.0,,,,,,,,,,0.0,,,,,,,,,,,,,,,0.0,,,,,,,,,,,,,,,,,,,,0.0,,0.0,,,,,,0,,,,,,,,,,,,0.0,,,,,,0.0
2026-05-18,6481608.0,2218142.0,33555214.0,1141621.0,890762.0,2398380.0,3949389.0,26713440.0,29497076.0,32951327.0,116608436.0,24313205.0,41351975.0,3706824.0,15301079.0,13219100.0,,34483000.0,,5591800.0,,6161300.0,,8265000.0,,28432100.0,,33690800.0,,4471600.0,,8614500.0,0.0,1664400.0,0.0,25080400.0,,17863300.0,0.0,11783800.0,,10379400.0,,,,10993000.0,,140126000.0,,47949100.0,0.0,246800.0,,1341200.0,,5030700.0,,0.0,,,5756600.0,,0.0,46404.0,2720500.0,,10158400.0,0.0,2502800.0,,589706.0,117910.0,6342100.0,,10399800.0,,,2295200.0,9,12562900.0,,8611700.0,,13671200.0,,18799200.0,,38653700.0,0.0,24763500.0,0.0,,,5132600.0,,9037200.0,,8227400.0,,39079900.0,,5017100.0,0.0,8364000.0,0.0,7936300.0,274302,17191400.0,0.0,22428500.0,0.0,7943900.0,,15048500.0,0.0,968300.0,,38.0,3116500.0,,,16929200.0,,5260600.0,,26837200.0,,1508000.0,,,6366100.0,,1463.0,32292400.0,,,,20209400.0,,16653100.0,,,5946400.0,0.0,145764000.0,0.0,9154400.0,,43039800.0,,27243300.0,0.0,7546300.0,0.0,9469000.0,,12375500.0,,,14204000.0,,266400.0,,,,7197500.0,,2016000.0,0.0,8562200.0,,,13772400.0,3852077,0.0,24439000.0,0.0,32564100.0,,19299700.0,,60042500.0,,66172000.0,,4497000.0,,0.0,,21056500.0,,35800500.0,,149997.0,91726800.0,,51220700.0,0,146280900.0,,15403400.0,,78884300.0,,19114300.0,,1.0,8734900.0,,432100.0,0.0,3328300.0,38558.0,0.0,32034600.0,0.0,,9478900.0,,21082500.0,0.0,,,49834500.0,,3457200.0,,29544100.0,0.0,32319500.0,0.0,,,1752800.0,,211.0,,,,26671800.0,,12317500.0,1592.0,13904400.0,0.0,10730100.0,,69829600.0,,66933500.0,,6994700.0,,75610500.0,0.0,2743099.0,,,,47843900.0,,79060500.0,,4647500.0,,146100.0,,1411600.0,,0.0,4670100.0,,4938600.0,,87710100.0,,52474200.0,,12117200.0,,2339700.0,,6513100.0,,39776110.0,,17776200.0,,683500.0,0.0,19571500.0,0.0,12952800.0,,5305800.0,,8086700.0,0,8996700.0,,9229900.0,,17183200.0,,,74.0,8076600.0,,41516600.0,0.0,,,,,6000200.0,0.0
2026-05-19,4575855.0,2679164.0,30767569.0,882288.0,950434.0,1365281.0,4689967.0,22841550.0,33736701.0,31824580.0,89701522.0,27274908.0,30801678.0,2125021.0,12108501.0,8980000.0,,42243600.0,,5854400.0,,9430500.0,,8418700.0,,38756900.0,,40340700.0,,3302300.0,,11226400.0,0.0,1395400.0,0.0,21663600.0,,20652100.0,0.0,9585900.0,,11084200.0,,,,8562400.0,,109714200.0,,29470600.0,0.0,326100.0,,860500.0,,5599900.0,,0.0,,,4812900.0,,0.0,29390.0,3239700.0,,10379500.0,0.0,2331500.0,,591493.0,206472.0,5779000.0,,7085000.0,,52.0,2853300.0,19701,10704700.0,,8285000.0,,17510800.0,,17860000.0,,29845600.0,0.0,32525500.0,0.0,,,4082700.0,,7032600.0,,8197900.0,,37477400.0,,4964600.0,0.0,4772400.0,0.0,13225500.0,382321,17827400.0,0.0,57195400.0,0.0,6182200.0,,9293200.0,0.0,782100.0,,875.0,2246700.0,,,11507700.0,,4433300.0,,39545700.0,,1767300.0,,,8692500.0,,1254.0,27331100.0,,,,20490400.0,,10241000.0,,,5937800.0,0.0,150234900.0,0.0,5897600.0,,37577500.0,,30276900.0,0.0,8066900.0,0.0,11170000.0,,16595200.0,,,24420000.0,,529900.0,,,,5025800.0,,3796000.0,0.0,8308600.0,,,11749900.0,1105242,0.0,25003300.0,0.0,33018700.0,,10002000.0,,61792100.0,,68784000.0,,2679000.0,,0.0,,16832900.0,,34545700.0,,144723.0,82613300.0,,55624400.0,0,140948200.0,,9704400.0,,56079800.0,,16717700.0,,0.0,11030200.0,,440100.0,0.0,3116100.0,25533.0,12.0,29777300.0,0.0,,13711800.0,,19605200.0,0.0,,,46827500.0,,4080700.0,,41231800.0,0.0,30076900.0,0.0,,,933300.0,,50.0,,,,23166900.0,,11905800.0,1576.0,13309300.0,0.0,12357200.0,,49449600.0,,63763200.0,,8027700.0,,85384000.0,0.0,3594585.0,,,,54255900.0,,72124400.0,,2018100.0,,99800.0,,1324000.0,,0.0,3489000.0,,7179700.0,,85973700.0,,46500600.0,,14083000.0,,1784800.0,,7296900.0,,47314710.0,,17419900.0,,977900.0,0.0,13350200.0,0.0,7365100.0,,12858100.0,,9039500.0,175,5891600.0,,11406900.0,,16957100.0,,,,12027000.0,,31111000.0,0.0,,,,,5873300.0,0.0
2026-05-20,5535123.0,1954219.0,35662077.0,1908859.0,992090.0,1190665.0,3723283.0,22359550.0,18927606.0,40483418.0,109868643.0,22597322.0,25163892.0,4100107.0,9489435.0,9784600.0,,38229800.0,,4789600.0,,10294600.0,,6888400.0,,36137500.0,,34933200.0,,2936100.0,,18297600.0,0.0,1744500.0,0.0,20010000.0,,16312600.0,0.0,7425200.0,,7035400.0,,,,10408900.0,,134759400.0,,26657400.0,0.0,267300.0,,866100.0,,4647500.0,,0.0,,,4329600.0,,0.0,53332.0,2415600.0,,12851700.0,0.0,1985900.0,,0.0,320034.0,5065900.0,,7044200.0,,,2223400.0,0,7009800.0,,7487300.0,,13025300.0,,17533200.0,,21656800.0,0.0,26154800.0,0.0,,,4332900.0,,7941400.0,,8561300.0,,24755600.0,,8293500.0,0.0,6144000.0,0.0,5711100.0,386935,16532500.0,0.0,42885700.0,0.0,6316300.0,,7271100.0,0.0,1056800.0,,981.0,2564600.0,,,13838300.0,,6327600.0,,31744400.0,,3104400.0,,,5810900.0,,993.0,16686600.0,,,,17178300.0,,11467600.0,,,4873400.0,0.0,165086900.0,0.0,8694400.0,,44421000.0,,31562000.0,0.0,9327000.0,0.0,9000000.0,,16999700.0,,,17818000.0,,1281000.0,,,,5195000.0,,2998800.0,0.0,8574200.0,,,11329700.0,544087,0.0,29808100.0,0.0,27864000.0,,9825300.0,,48827400.0,,57264000.0,,5038200.0,,0.0,,13064000.0,,23463400.0,,149151.0,79252100.0,,30037700.0,0,184201600.0,,10762200.0,,43365700.0,,16517200.0,,0.0,8698900.0,,560800.0,0.0,2413100.0,29341.0,0.0,31307700.0,0.0,,10991400.0,,19037500.0,0.0,,,36779200.0,,10395700.0,,44632400.0,0.0,24347700.0,0.0,,,439000.0,,249.0,,,,38111000.0,,8892200.0,1602.0,9141200.0,0.0,5942100.0,,40906400.0,,44624100.0,,4497600.0,,58913200.0,0.0,1885623.0,,,,45768000.0,,65312500.0,,1619500.0,,32200.0,,1214200.0,,0.0,3387500.0,,6913300.0,,70647500.0,,45294700.0,,10254300.0,,1859200.0,,7660700.0,,38563910.0,,12764800.0,,344400.0,0.0,19242000.0,0.0,8096100.0,,9422500.0,,6014000.0,0,5311700.0,,14639400.0,,28471600.0,,,,10734400.0,,61776800.0,0.0,,,,,4969400.0,
2026-05-21,5096690.0,1932919.0,36168689.0,1364487.0,869601.0,1291819.0,5319048.0,19375730.0,39653795.0,70060700.0,117068449.0,23772601.0,45111086.0,2274339.0,11176365.0,9868900.0,,42965100.0,,4131000.0,,7004300.0,,5682900.0,,27252000.0,,36591700.0,,3203700.0,,21796600.0,0.0,1358400.0,0.0,24819900.0,,16865300.0,0.0,9054300.0,,12621500.0,,,,13931600.0,,136044000.0,,21697700.0,0.0,95300.0,,655300.0,,3294000.0,,0.0,,,4672600.0,,0.0,51232.0,1860700.0,,5448100.0,0.0,1548500.0,,0.0,345482.0,4366200.0,,5674300.0,,,2149700.0,0,10864700.0,,6775200.0,,10949100.0,,10584400.0,,31898600.0,0.0,22700600.0,0.0,,,5075000.0,,8611200.0,,10083900.0,,28100300.0,,4758200.0,0.0,5616900.0,0.0,6052900.0,338775,20545000.0,0.0,19884100.0,0.0,4826700.0,,7025500.0,0.0,916200.0,,426.0,1633700.0,,,14408200.0,,3145300.0,,24852800.0,,2452300.0,,,4516600.0,,1051.0,15102400.0,,,,16266400.0,,11649800.0,,,25707800.0,0.0,102452500.0,0.0,6612000.0,,50294800.0,,31680500.0,0.0,7874400.0,0.0,8205000.0,,15708400.0,,,28472000.0,,1900700.0,,,,5781900.0,,2705200.0,0.0,9162400.0,,,13476100.0,586670,0.0,21506100.0,0.0,31393500.0,,10526900.0,,42461500.0,,48602000.0,,2973900.0,,0.0,,23027700.0,,28613900.0,,73478.0,63920600.0,,26474000.0,0,203381800.0,,11628000.0,,56296500.0,,12119700.0,,0.0,6323600.0,,390100.0,0.0,3196700.0,25810.0,2.0,24311900.0,0.0,,10925200.0,,28163700.0,0.0,,,36415400.0,,3494500.0,,25002800.0,0.0,30826400.0,0.0,,,724600.0,,4.0,,,,28075500.0,,8293800.0,1619.0,13746100.0,0.0,4504000.0,,60913600.0,,48956400.0,,6681800.0,,52278700.0,0.0,1714514.0,,,,43332200.0,,60271600.0,,1970200.0,,102600.0,,807000.0,,0.0,3587000.0,,6140400.0,,74958100.0,,42636900.0,,8937900.0,,4202700.0,,5663700.0,,29629460.0,,13238700.0,,887600.0,0.0,17766900.0,0.0,9603700.0,,7034500.0,,5221300.0,9,5046800.0,,11026700.0,,53006600.0,,,,6852700.0,,45851100.0,0.0,,,,,9122800.0,
2026-05-22,3135190.0,997831.0,18395274.0,1366361.0,751620.0,721171.0,4120471.0,18073090.0,23998219.0,32412208.0,100960958.0,20933769.0,39784370.0,3268399.0,8959901.0,10301800.0,,43670200.0,,3779300.0,,6527300.0,,4889300.0,,34758600.0,,27535500.0,,3822200.0,,13961800.0,0.0,1666700.0,0.0,30710500.0,,14086400.0,0.0,10207600.0,,11868400.0,,,,9523500.0,,102872700.0,,24657500.0,0.0,106600.0,,1183100.0,,4338200.0,,0.0,,,3968600.0,,0.0,35039.0,1987600.0,,11783800.0,0.0,1620800.0,,0.0,261142.0,3980200.0,,7927600.0,,,2048300.0,116,9796000.0,,8538600.0,,10176700.0,,11113600.0,,20001600.0,0.0,22237200.0,0.0,,,15291500.0,,5693300.0,,9806500.0,,21170400.0,,4202700.0,0.0,4032600.0,0.0,7455200.0,245820,11829300.0,0.0,26291300.0,0.0,3583200.0,,10968900.0,0.0,706400.0,,40.0,1472300.0,,,9630900.0,,5279700.0,,20442100.0,,1923500.0,,,2963800.0,,992.0,14780600.0,,,,20817500.0,,30722400.0,,,19072900.0,0.0,82663000.0,0.0,3820000.0,,36358400.0,,23849300.0,0.0,5973900.0,0.0,7231000.0,,8240200.0,,,9270000.0,,337900.0,,,,3076900.0,,3470600.0,0.0,7854700.0,,,11688600.0,29090736,0.0,19823200.0,0.0,22390300.0,,12786800.0,,36002900.0,,34728000.0,,3796200.0,,0.0,,10606700.0,,23847200.0,,63029.0,127724400.0,,23646300.0,0,169275700.0,,10791000.0,,59348700.0,,10875800.0,,0.0,6626100.0,,779500.0,0.0,3177600.0,28906.0,1.0,27578000.0,0.0,,10691700.0,,30375700.0,0.0,,,33118600.0,,7849900.0,,27073400.0,0.0,32970700.0,0.0,,,1224400.0,,20.0,,,,39441000.0,,7535000.0,1659.0,9657100.0,0.0,5968700.0,,37829600.0,,58168200.0,,10353200.0,,45133000.0,0.0,1883589.0,,,,41762000.0,,53464000.0,,1736300.0,,28000.0,,614100.0,,0.0,2708500.0,,4501500.0,,58330500.0,,46104700.0,,7111900.0,,7045300.0,,7129100.0,,25702200.0,,19689000.0,,461600.0,0.0,18252700.0,0.0,7446100.0,,7462100.0,,4801800.0,0,4492800.0,,8745900.0,,30330600.0,,,6.0,6467700.0,,42428900.0,0.0,,,,,9626500.0,
2026-05-23,,,,,,,,,,,,,,,,,,,,,,,,,,,,,,,,,0.0,,0.0,,,,0.0,,,,,,,,,,,,0.0,,,,,,,0.0,,,,,0.0,,,,,0.0,,,0.0,,,,,,,,0,,,,,,,,,,0.0,,0.0,,,,,,,,,,,,0.0,,0.0,,333141,,0.0,,0.0,,,,0.0,,,,,,,,,,,,,,,,,,,,,,,,,,,,,0.0,,0.0,,,,,,0.0,,0.0,,,,,,,,,,,,,,,0.0,,,,,2611323,0.0,,0.0,,,,,,,,,,,0.0,,,,,,,,,,0,,,,,,,,,,,,,0.0,,27130.0,,,0.0,,,,,0.0,,,,,,,,0.0,,0.0,,,,,,,,,,,,1573.0,,0.0,,,,,,,,,,0.0,,,,,,,,,,,,,,,0.0,,,,,,,,,,,,,,,,,,,,0.0,,0.0,,,,,,0,,,,,,,,,,,,0.0,,,,,,
2026-05-24,,,,,,,,,,,,,,,,,,,,,,,,,,,,,,,,,0.0,,0.0,,,,0.0,,,,,,,,,,,,0.0,,,,,,,0.0,,,,,0.0,,,,,0.0,,,0.0,,,,,,258.0,,0,,,,,,,,,,0.0,,0.0,,,,,,,,,,,,0.0,,0.0,,307368,,0.0,,0.0,,,,0.0,,,,,,,,,,,,,,,,,,,,,,,,,,,,,0.0,,0.0,,,,,,0.0,,0.0,,,,,,,,,,,,,,,0.0,,,,,840350,0.0,,0.0,,,,,,,,,,,0.0,,,,,,,,,,1070,,,,,,,,,,,,,0.0,,25475.0,,,0.0,,,,,0.0,,,,,,,,0.0,,0.0,,,,,,,,,,,,1586.0,,0.0,,,,,,,,,,0.0,,,,,,,,,,,,,,,0.0,,,,,,,,,,,,,,,,,,,,0.0,,0.0,,,,,,0,,,,,,,,,,,,0.0,,,,,,
2026-05-25,,,,,,,,,,,,25076089.0,,,,,,,,,,,,,,,,,,,,,0.0,,0.0,,,,0.0,,,,,,,,,,,,0.0,,,,,,,0.0,,,,,0.0,,,,,0.0,,,0.0,,,0.0,,,8.0,,1152,,,,,,,,,,0.0,,0.0,,,,,,,,,,,,0.0,,0.0,,259966,,0.0,,0.0,,,,0.0,,,,,0.0,,,0.0,,,,,,,,,,,,,,,,,,,,,0.0,,0.0,,,,,,0.0,,0.0,,,,,,,,,,,,,,,0.0,,,,,469811,0.0,,0.0,,,,,,,,,,,0.0,,,0.0,,,,,,,0,,,,,,,,,,,,,0.0,,25278.0,,,0.0,,,,,0.0,,,,,,,,0.0,,0.0,,,,,,,,,,,,1594.0,,0.0,,,,,,,,,,0.0,,,,,,,,,,,,,,,0.0,,,,,,,,,,,,,,,,,,,,0.0,,0.0,,,,,,0,,,,,,,,,,,,0.0,,,,,,
2026-05-26,4903591.0,1364781.0,23441371.0,1728808.0,580181.0,1002035.0,2749083.0,17406510.0,32795639.0,59740303.0,148283733.0,23439109.0,67357066.0,2531449.0,20174092.0,11319200.0,0.0,48000500.0,,3211800.0,,8114900.0,,8044400.0,,38473800.0,,38028100.0,,6750200.0,,10899800.0,0.0,1651000.0,0.0,48352900.0,,22562900.0,0.0,7447900.0,,5599000.0,,,,8860600.0,,159994400.0,,32480800.0,0.0,498800.0,,664700.0,,4348600.0,,0.0,,,3817000.0,,0.0,37926.0,2255700.0,,8180300.0,0.0,1407700.0,,0.0,358867.0,4081200.0,0.0,7755000.0,,,2704600.0,0,15862300.0,,9575000.0,,13617200.0,,8319600.0,0.0,21456100.0,0.0,26607200.0,0.0,,,10305700.0,,6714400.0,,10991800.0,,45481900.0,,3613100.0,0.0,4633100.0,0.0,6683700.0,289453,21215900.0,0.0,18362900.0,0.0,5453500.0,,7751500.0,0.0,1668200.0,,1261.0,1877300.0,0.0,,9069800.0,0.0,5875500.0,,27747400.0,,2080600.0,,,6978200.0,,1840.0,16605500.0,,,,20130200.0,,16802000.0,,,9256100.0,0.0,108167300.0,0.0,4840000.0,,41949000.0,,24506500.0,0.0,7725400.0,0.0,11503000.0,,13004200.0,,,17812000.0,,629800.0,,,,5212200.0,,2981000.0,0.0,9763600.0,,,12234200.0,872600,0.0,42558200.0,0.0,30398000.0,,11819500.0,,76560800.0,,87442000.0,,6737700.0,,0.0,,11287000.0,0.0,24014500.0,,55626.0,191317800.0,,23589900.0,0,187202600.0,,9355700.0,,83107000.0,,12856100.0,,21.0,7164000.0,,611600.0,0.0,3643100.0,26438.0,0.0,31723900.0,0.0,,13161000.0,,30646400.0,0.0,,,34254700.0,,5398400.0,,22915400.0,0.0,32920000.0,0.0,,,675500.0,,110.0,,,,43169000.0,,10008500.0,1592.0,12919700.0,0.0,12371900.0,,58444000.0,,80583400.0,,6810700.0,,52533000.0,0.0,40368300.0,,,,41123600.0,,48878500.0,,1897800.0,,93000.0,,698800.0,,0.0,4005700.0,,4306700.0,,62579600.0,,45658900.0,,10132000.0,,3239500.0,,8480000.0,,23515010.0,,23281200.0,,3967600.0,0.0,23513200.0,0.0,9200600.0,,8705100.0,,6523700.0,0,7552500.0,,13307700.0,,28796600.0,,,,5928300.0,,38819900.0,0.0,,,,,5426500.0,
2026-05-27,7545783.0,1879670.0,33916688.0,1862646.0,912403.0,1860431.0,2775873.0,28161690.0,24863984.0,30128956.0,283417486.0,25068811.0,34078568.0,2645691.0,18711160.0,10258800.0,0.0,50430900.0,,3402000.0,,5140900.0,,5047600.0,,27589300.0,,40061900.0,,8276800.0,,9356300.0,0.0,1361600.0,0.0,36427600.0,,17601000.0,0.0,8859000.0,,8272800.0,,,,6628400.0,,117147800.0,,23750400.0,0.0,223600.0,,683800.0,,4152500.0,,0.0,,,3537700.0,,0.0,20553.0,2463400.0,,6523000.0,0.0,1751500.0,,0.0,290948.0,3989500.0,0.0,8196800.0,,,2390100.0,0,8300700.0,,4256100.0,,18524900.0,,13091600.0,0.0,24155000.0,0.0,21705100.0,0.0,,,8262400.0,,7360100.0,,11819500.0,,42342100.0,,4754400.0,0.0,4245000.0,0.0,6456600.0,265770,16780900.0,0.0,17463900.0,0.0,5445900.0,,6342800.0,0.0,818300.0,,81062.0,2264800.0,0.0,,11071600.0,0.0,4194000.0,,23087300.0,,2195000.0,,,5990100.0,,2474.0,22756900.0,,,,25413100.0,,17674600.0,,,9275500.0,0.0,93323300.0,0.0,3794400.0,,85377500.0,,24519900.0,0.0,11779200.0,0.0,9502000.0,,13209600.0,,,13258000.0,,344400.0,,,,4236000.0,,2583000.0,0.0,8819300.0,,,23143600.0,588259,0.0,54198500.0,0.0,28901500.0,,11885100.0,,72295700.0,,106018000.0,,10535700.0,,0.0,,13981100.0,0.0,22569500.0,,188474.0,123792300.0,0.0,28633300.0,0,167601200.0,,11326200.0,,93222600.0,,12126000.0,,2734.0,8318000.0,,598700.0,0.0,2223700.0,28100.0,39.0,34159800.0,0.0,,14170300.0,,25694700.0,0.0,,,35148700.0,,5704900.0,,23273900.0,0.0,29193300.0,0.0,,,303600.0,,863.0,,,,35758000.0,,11209000.0,1585.0,10394200.0,0.0,17731400.0,,50296800.0,,66232300.0,,5338900.0,,74732700.0,0.0,53730730.0,,,,42106300.0,,64039900.0,,1867900.0,,128500.0,,509900.0,,0.0,3275000.0,,3297900.0,,66221000.0,,44656500.0,,14695600.0,,2976800.0,,6740600.0,,26096990.0,,23148200.0,,525000.0,0.0,14634600.0,0.0,5655900.0,,5917400.0,,5293000.0,0,6263200.0,,9782600.0,,22062200.0,,,,7576700.0,,48329800.0,0.0,,,,,3561400.0,
2026-05-28,6229499.0,2192520.0,30195334.0,2497729.0,1978430.0,1395171.0,3018457.0,23583700.0,42196103.0,65618843.0,238003859.0,28746513.0,94713412.0,1984429.0,38707348.0,10018400.0,0.0,48220400.0,,3386500.0,,5591800.0,,5675600.0,0.0,31438500.0,,40630400.0,,5836600.0,,14386100.0,0.0,971600.0,0.0,21640100.0,,17855600.0,0.0,6523700.0,,11541300.0,,,,7841800.0,,128749800.0,,40003200.0,0.0,477700.0,,521700.0,,4120000.0,,0.0,,,5651700.0,,0.0,9881.0,2750600.0,,5692300.0,0.0,1813700.0,,0.0,235145.0,3698100.0,0.0,9042900.0,,771.0,2844300.0,0,11835300.0,,5014500.0,,22559400.0,,9488400.0,0.0,23406000.0,0.0,20631300.0,0.0,,,26611300.0,0.0,6511100.0,,12718200.0,,32036700.0,,5064100.0,0.0,4527700.0,0.0,7472200.0,272733,17578300.0,0.0,25383500.0,0.0,4983200.0,,6921900.0,0.0,922500.0,,16427.0,3007000.0,0.0,,9719300.0,0.0,3214700.0,,24357500.0,,2273000.0,,,6818900.0,,2596.0,12883700.0,,,,44052400.0,,23279900.0,,,12432900.0,0.0,97321000.0,0.0,3364000.0,,46938600.0,,23710600.0,0.0,9757700.0,0.0,8855000.0,,14691400.0,,,10534000.0,,604400.0,,,,6128600.0,,4600700.0,0.0,8402800.0,,,16772400.0,708350,0.0,52624900.0,0.0,47250500.0,,16275000.0,,49694300.0,,69464000.0,,8347500.0,,0.0,,26016700.0,0.0,38803800.0,,200655.0,117360600.0,0.0,39117700.0,0,143996000.0,,14639300.0,,248294700.0,,25339900.0,,378.0,5663300.0,,758700.0,0.0,1885200.0,28652.0,81.0,52085200.0,0.0,,17132700.0,,21118400.0,0.0,,,32840000.0,,5726000.0,,23145700.0,0.0,20458600.0,0.0,,,567500.0,,280.0,,,,74574100.0,,7625000.0,1577.0,10004100.0,0.0,39582300.0,,49160000.0,,69767900.0,,6537800.0,,47153500.0,0.0,35310780.0,,,,41562600.0,,61136500.0,,3990800.0,,71100.0,,1115000.0,,0.0,2762100.0,,4061400.0,,55265900.0,,32435000.0,,8905800.0,,2730600.0,,5884400.0,,19622840.0,,19139100.0,,547400.0,0.0,15019400.0,0.0,5586500.0,,8105400.0,,5384100.0,0,6002800.0,,8794100.0,,21613100.0,,,,6861000.0,,46554100.0,0.0,,,,,3850700.0,
2026-05-29,8518013.0,3095790.0,37241537.0,2960769.0,7569228.0,1603208.0,9128469.0,18852380.0,48005475.0,92263044.0,248812612.0,28726795.0,81724196.0,2713318.0,60530111.0,11922000.0,0.0,70026800.0,,10808900.0,,5979200.0,,8546800.0,0.0,30803200.0,,54749600.0,,6243700.0,,10448300.0,0.0,1069400.0,0.0,54954400.0,,41798400.0,0.0,11205900.0,,12504300.0,,,,16911700.0,,134285300.0,,35376400.0,0.0,608800.0,,545700.0,,7902300.0,,0.0,,,8393300.0,,0.0,39308.0,5195400.0,,4342400.0,0.0,3862900.0,,0.0,267803.0,11073100.0,0.0,10249800.0,,554.0,7028000.0,0,24738900.0,,7597100.0,,33998900.0,,19256800.0,0.0,28158200.0,0.0,42179300.0,0.0,,,41833000.0,0.0,13340300.0,,34297500.0,,27940100.0,,9512700.0,0.0,5203700.0,0.0,5846100.0,393309,10494400.0,0.0,24970900.0,0.0,11420200.0,,11207200.0,0.0,1298500.0,,1883.0,5276800.0,0.0,,16945700.0,0.0,6486800.0,,44415800.0,,2158000.0,,,6963300.0,,1317.0,20737900.0,,,,64411000.0,,86121400.0,,,28481000.0,0.0,191676100.0,0.0,4755200.0,,50313600.0,,26952800.0,0.0,13969000.0,0.0,11457000.0,,32477000.0,,,5506000.0,,517500.0,,,,6364000.0,,4600800.0,0.0,10872200.0,,,19806500.0,350001,0.0,34024700.0,0.0,79654400.0,,19225600.0,,60498600.0,,61598000.0,,4401600.0,,0.0,,23748700.0,0.0,39793600.0,,167682.0,113012700.0,0.0,68243400.0,3402,289410600.0,,10986400.0,,142374000.0,,41082200.0,,43.0,14998900.0,,470000.0,0.0,4564600.0,26776.0,9.0,92196600.0,0.0,,18833300.0,,28781800.0,0.0,,,37541700.0,,9350300.0,,59451500.0,0.0,34878600.0,0.0,,,579000.0,,23.0,,,,93235100.0,,7596100.0,1571.0,8751100.0,0.0,19892200.0,,33322400.0,,150700700.0,,6151000.0,,37035700.0,0.0,30771930.0,,,,55075700.0,,54182400.0,,4037600.0,,58500.0,,553300.0,,0.0,4129200.0,,3437900.0,,67644100.0,,45176800.0,,11232300.0,,6487100.0,,16785100.0,,20777020.0,,50294700.0,,611900.0,0.0,15130600.0,0.0,10823100.0,,14104500.0,,7218800.0,0,8383500.0,,9994100.0,,42191000.0,,,,6734800.0,,32389600.0,0.0,,,,,5503300.0,
2026-05-30,,,,,,,,,,,,,,,,,0.0,,,,,,,,0.0,,,,,,,,0.0,,0.0,,,,0.0,,,,,,,,,,,,0.0,,,,,,,0.0,,,,,0.0,,,,,0.0,,,0.0,,,0.0,,,82.0,,0,,,,,,,,0.0,,0.0,,0.0,,,,0.0,,,,,,,,0.0,,0.0,,284058,,0.0,,0.0,,,,0.0,,,,,0.0,,,0.0,,,,,,,,,,,,,,,,,,,,,0.0,,0.0,,,,,,0.0,,0.0,,,,,,,,,,,,,,,0.0,,,,,415084,0.0,,0.0,,,,,,,,,,,0.0,,,0.0,,,,,0.0,,0,,,,,,,,,,,,,0.0,,31865.0,,,0.0,,,,,0.0,,,,,,,,0.0,,0.0,,,,,,,,,,,,1588.0,,0.0,,,,,,,,,,0.0,,,,,,,,,,,,,,,0.0,,,,,,,,,,,,,,,,,,,,0.0,,0.0,,,,,,0,,,,,,,,,,,,0.0,,,,,,
2026-05-31,,,,,,,,,,,,,,,,,0.0,,,,,,,,0.0,,,,,,,,0.0,,0.0,,,,0.0,,,,,,,,,,,,0.0,,,,,,,0.0,,,,,0.0,,,,,0.0,,,0.0,,,0.0,,,,,0,,,,,,,,0.0,,0.0,,0.0,,,,0.0,,,,,,,,0.0,,0.0,,293536,,0.0,,0.0,,,,0.0,,,,,0.0,,,0.0,,,,,,,,,,,,,,,,,,,,,0.0,,0.0,,,,,,0.0,,0.0,,,,,,,,,,,,,,,0.0,,,,,368441,0.0,,0.0,,,,,,,,,,,0.0,,,0.0,,,,,0.0,,0,,,,,,,,,,,,,0.0,,30335.0,,,0.0,,,,,0.0,,0.0,,,,,,0.0,,0.0,,,,,,,,,,,,1596.0,,0.0,,,,,,,,,,0.0,,,,,,,,,,,,,,,0.0,,,,,,,,,,,,,,,,,,,,0.0,,0.0,,,,,,0,,,,,,,,,,,,0.0,,,,,,
2026-06-01,5602897.0,2720257.0,45052488.0,1639739.0,14505895.0,1225560.0,5176636.0,25511960.0,35164391.0,57139966.0,164616523.0,26978189.0,72625452.0,2235901.0,39441077.0,16045900.0,0.0,48849900.0,,8535300.0,,5559100.0,,6613700.0,0.0,33309200.0,,53604400.0,,4303800.0,,20741500.0,0.0,1058900.0,0.0,27218700.0,0.0,30586000.0,0.0,11374000.0,,9297800.0,,,,10358100.0,,158490600.0,,36037000.0,0.0,416000.0,,753400.0,,6203600.0,,0.0,,,5576000.0,,0.0,57796.0,2675000.0,,5823700.0,0.0,2894200.0,,0.0,322039.0,6065900.0,0.0,9063100.0,,,2816300.0,179,14307300.0,,13043500.0,,27594800.0,,18361200.0,0.0,58297300.0,0.0,23966800.0,0.0,,,20849200.0,0.0,8219000.0,,16002900.0,,41728800.0,,4383400.0,0.0,9666400.0,0.0,6805200.0,280396,19082200.0,0.0,20817500.0,0.0,4588900.0,,46233500.0,0.0,870400.0,,835.0,2679300.0,0.0,,10897000.0,0.0,6769700.0,,28672100.0,,2666700.0,,,4544200.0,,1053.0,21146300.0,,,,42590800.0,,115597800.0,,,32880200.0,0.0,134900400.0,0.0,7585600.0,,56409500.0,,23826100.0,0.0,7930000.0,0.0,7359000.0,,12776300.0,,,8680000.0,,1179300.0,,,,7932700.0,,2693400.0,0.0,8052800.0,,,29138800.0,936787,0.0,32926900.0,0.0,53628900.0,,17780300.0,,46552100.0,,62506000.0,,6110100.0,,0.0,,24248900.0,0.0,32747200.0,,171269.0,172998700.0,0.0,68789000.0,261,212850700.0,,12978900.0,0.0,87142100.0,,48390000.0,,26.0,13714500.0,,768800.0,0.0,3104900.0,29499.0,0.0,57654000.0,0.0,,16231000.0,,21185200.0,0.0,,0.0,33890600.0,,5794900.0,,43483500.0,0.0,37294600.0,0.0,,,532400.0,,82.0,,,,50422400.0,,8649000.0,649.0,9681700.0,0.0,20174900.0,,36252800.0,,96709700.0,,8600300.0,,37499600.0,0.0,33069110.0,,,,43634900.0,,56499300.0,,3555500.0,,52400.0,,547100.0,,0.0,2523400.0,,4056200.0,,57216000.0,,44937900.0,,18040400.0,,2625800.0,,9623100.0,,21010500.0,,24119800.0,,297100.0,0.0,22259000.0,0.0,9807400.0,,10079300.0,,6162100.0,15,6240900.0,,6270900.0,,26176200.0,,,,7929300.0,,55879400.0,0.0,,,,,8697100.0,
2026-06-02,5837216.0,2316547.0,44720282.0,1954960.0,9275907.0,1077612.0,10466703.0,25782080.0,101874275.0,86192086.0,178513477.0,29006342.0,136662320.0,2169885.0,20389924.0,12724300.0,0.0,44534700.0,,5821800.0,,5572700.0,,10440700.0,0.0,24293200.0,,41811000.0,,2717800.0,,15453400.0,0.0,1484000.0,0.0,21436000.0,0.0,38306700.0,0.0,10382400.0,,15355100.0,,,,12996700.0,,241204800.0,,47615000.0,0.0,787000.0,,637800.0,,4704700.0,,0.0,,,4873200.0,,0.0,40210.0,2822600.0,,5236600.0,0.0,2725900.0,,0.0,238146.0,9124000.0,0.0,9228400.0,,,2218200.0,227,14601300.0,,16247800.0,,19216600.0,,16741200.0,0.0,34814000.0,0.0,26451500.0,0.0,,,16018500.0,0.0,8397400.0,,8486900.0,,42711300.0,,4625200.0,0.0,4434600.0,0.0,3744200.0,208669,16543800.0,0.0,29476700.0,0.0,5526000.0,,24682100.0,0.0,1164400.0,,456.0,2248200.0,0.0,,18152400.0,0.0,6025000.0,,50412300.0,,2125600.0,,,4310000.0,,651.0,14741300.0,,,,26630600.0,,153197800.0,0.0,,17210700.0,0.0,106336200.0,0.0,8075200.0,,51690000.0,,18378800.0,0.0,8296200.0,0.0,10611000.0,,12533200.0,,,8752000.0,,801000.0,,,,8154600.0,,2408500.0,0.0,8632400.0,,,18252000.0,625905,0.0,112646200.0,0.0,37036800.0,,31130800.0,,47555400.0,,61108000.0,,19903200.0,,0.0,,14040400.0,0.0,42947200.0,,140767.0,136069500.0,0.0,41371600.0,11452,193362900.0,,17145200.0,0.0,92963600.0,,30294800.0,,14.0,20783700.0,,764500.0,0.0,4876000.0,29559.0,0.0,43163100.0,0.0,,11441400.0,,18508500.0,0.0,,0.0,30085200.0,,4316500.0,,39250200.0,0.0,19498000.0,0.0,,,575300.0,,58.0,,,,54883700.0,,8083500.0,687.0,7093300.0,0.0,13701800.0,,23767200.0,,77220100.0,,5720600.0,,42799700.0,0.0,48050000.0,,,,31581900.0,,41717800.0,,5770400.0,,61600.0,,258300.0,,0.0,3413100.0,,2539000.0,,48355000.0,,37596000.0,,10147900.0,,2682900.0,,11136800.0,,17962180.0,,16657700.0,,1058200.0,0.0,16087900.0,0.0,6245800.0,,10125300.0,,5077300.0,0,5029100.0,,10242700.0,,27366400.0,,,,14202400.0,,23842600.0,0.0,,,,,4761000.0,
2026-06-03,,,,,,,,,49104320.0,60746131.0,142370227.0,34525076.0,83942077.0,2274621.0,21006431.0,9948700.0,0.0,50836700.0,,4871300.0,0.0,5309500.0,,8964900.0,0.0,29411100.0,,51394200.0,,3456200.0,,11938800.0,0.0,1826900.0,0.0,17835700.0,0.0,50126400.0,0.0,6170400.0,,8646200.0,,,,7869100.0,,238996600.0,,41575000.0,0.0,348400.0,,1020600.0,,6586300.0,,0.0,,,8132200.0,,0.0,40867.0,2511200.0,,3827700.0,0.0,2654000.0,,0.0,260613.0,5393600.0,0.0,9544600.0,,,2174100.0,0,16370800.0,,9697100.0,,14154400.0,,20986400.0,0.0,26460100.0,0.0,29972500.0,0.0,,,14231100.0,0.0,7471600.0,,7226800.0,,28084700.0,,3081500.0,0.0,5961200.0,0.0,2769500.0,198064,13981600.0,0.0,29211100.0,0.0,6634300.0,,12907000.0,0.0,867900.0,,2913.0,2079500.0,0.0,,12294800.0,0.0,17884800.0,,55441600.0,,2562200.0,,,4328300.0,,1180.0,13789000.0,0.0,,,24090300.0,,56953400.0,0.0,,13926600.0,0.0,118928800.0,0.0,11344800.0,,59382900.0,0.0,29167300.0,0.0,7003900.0,0.0,10200000.0,,14964300.0,,,7712000.0,,311500.0,,,,6202200.0,,2655600.0,0.0,8630900.0,,,23020100.0,303685,0.0,115542800.0,0.0,39037000.0,,21141800.0,,40324200.0,,50936000.0,,22446300.0,,0.0,,11532600.0,0.0,36714700.0,,135015.0,148764200.0,0.0,34316400.0,3182,160907000.0,,11342000.0,0.0,95129000.0,0.0,23644700.0,,133.0,14716900.0,,1897200.0,0.0,3387600.0,27906.0,100.0,41072500.0,0.0,,19227300.0,,19467000.0,0.0,,0.0,40270200.0,,3399100.0,,51857200.0,0.0,21579800.0,0.0,,,505400.0,,13.0,,,,51041900.0,,10179900.0,1016.0,11884700.0,0.0,11359100.0,,33821900.0,,74026300.0,,4252900.0,,49817200.0,0.0,63441940.0,,,,51402500.0,,73361700.0,,4046200.0,,55000.0,,297500.0,,0.0,3254600.0,,1801100.0,,62154500.0,,44500700.0,,10245200.0,,2188500.0,,6730100.0,,26392630.0,,17348400.0,,768300.0,0.0,22805500.0,0.0,8503600.0,,8992800.0,,3927700.0,0,7846100.0,,13522200.0,,32880600.0,,,,8097300.0,,46312800.0,0.0,,,,,3093400.0,
2026-06-04,3941067.0,1062671.0,34771037.0,1435204.0,3324373.0,2395265.0,4294026.0,17958590.0,29053909.0,52175062.0,88262656.0,21714212.0,43047835.0,3232617.0,16685930.0,14528800.0,0.0,44869100.0,,5161900.0,0.0,3785300.0,,6729000.0,0.0,29110000.0,,35609800.0,,4960400.0,,10915900.0,0.0,2248200.0,0.0,16849000.0,0.0,80979400.0,0.0,5558500.0,,6928100.0,,,,6633400.0,,270508700.0,,50488400.0,0.0,599800.0,,1200600.0,,5276000.0,,0.0,,,8022400.0,,0.0,34844.0,3077000.0,,4137200.0,0.0,7611800.0,,0.0,219500.0,6032700.0,0.0,8499400.0,,,2345200.0,0,12226800.0,,7454800.0,,14453600.0,,29799200.0,0.0,26752000.0,0.0,23339500.0,0.0,,,12297400.0,0.0,9568000.0,,9390800.0,,48878900.0,,4465900.0,0.0,3536400.0,0.0,9185600.0,106389,17900400.0,0.0,15252500.0,0.0,5257700.0,,10885700.0,0.0,777000.0,,480.0,2180400.0,0.0,,11424300.0,0.0,6818900.0,,44055500.0,,2608800.0,,,4558600.0,,541.0,23839300.0,0.0,,,31788600.0,,36790300.0,0.0,,9608100.0,0.0,77325800.0,0.0,3475200.0,,47120800.0,0.0,24307800.0,0.0,10345200.0,0.0,8253000.0,,19361600.0,,,14980000.0,,335500.0,,,,6060900.0,,4046700.0,0.0,8277000.0,,,21469200.0,516415,0.0,86903500.0,0.0,26899500.0,,24590400.0,,54917200.0,,84634000.0,,19342500.0,,0.0,,12304800.0,0.0,39338800.0,,194709.0,128968300.0,0.0,28144000.0,0,169022200.0,,16440300.0,0.0,63405000.0,0.0,19993800.0,,1.0,9832300.0,,2327600.0,0.0,2647200.0,26408.0,0.0,40834000.0,0.0,,11255700.0,,14185600.0,0.0,,0.0,40782600.0,,7381000.0,,35162000.0,0.0,24826300.0,0.0,,,306400.0,,138.0,,,,32738400.0,,10462900.0,735.0,10518500.0,0.0,9532200.0,,35501600.0,,61361000.0,,5476400.0,,59036000.0,0.0,66575950.0,,,,49923000.0,,60863200.0,,3886400.0,,69300.0,,191200.0,,0.0,4214000.0,,1364900.0,,59614600.0,,35323300.0,,10974100.0,,1942200.0,,7924400.0,,25957760.0,,17576600.0,,562100.0,0.0,13254600.0,0.0,10894100.0,,6981700.0,,6075900.0,0,6488200.0,,8570300.0,,22870400.0,,,34.0,7324200.0,,23916300.0,0.0,,,,,3608800.0,
2026-06-05,5778751.0,1525982.0,33725012.0,1612482.0,3143220.0,967822.0,6066192.0,24790440.0,31649780.0,46782307.0,154054795.0,47474088.0,57489919.0,2489511.0,15512853.0,19828200.0,0.0,65310500.0,,4909200.0,0.0,7315000.0,,11909400.0,0.0,46900600.0,,55607800.0,,5547000.0,,14885100.0,0.0,2744600.0,0.0,24000700.0,0.0,51146100.0,0.0,9781800.0,,12891400.0,,,,11653200.0,,278662700.0,,63158200.0,0.0,738300.0,,996400.0,,8475800.0,,0.0,,,5562800.0,,0.0,36817.0,2780500.0,,4393400.0,0.0,4195400.0,,0.0,252903.0,6418700.0,0.0,16718500.0,,29.0,3092000.0,625,24729300.0,,15917900.0,,13183900.0,,20955200.0,0.0,32460800.0,0.0,33169300.0,0.0,,,10990300.0,0.0,9501600.0,,9416000.0,,77696100.0,,4018200.0,0.0,11554100.0,0.0,11875600.0,134108,49401200.0,0.0,23515300.0,0.0,5485900.0,,12912800.0,0.0,920300.0,,4062.0,3053500.0,0.0,,15676300.0,0.0,6429200.0,,37471200.0,,2643800.0,,,3946300.0,,564.0,18614000.0,0.0,,,35905100.0,,37733400.0,0.0,,12509500.0,0.0,145209400.0,0.0,4867200.0,,64148700.0,0.0,35812800.0,0.0,9118800.0,0.0,18586000.0,,25708100.0,,,47138000.0,,686100.0,,,,7543900.0,,4126200.0,0.0,13309000.0,,,30091600.0,272422,0.0,93976400.0,0.0,34782200.0,,41943500.0,,77250500.0,,102576000.0,,15335400.0,,0.0,,20874000.0,0.0,43474100.0,,181904.0,185183800.0,0.0,31452000.0,12132,219655500.0,,10855600.0,0.0,63881400.0,0.0,29019900.0,,31.0,7795500.0,,1667200.0,0.0,4794900.0,27722.0,0.0,38283500.0,0.0,,23894900.0,,24189200.0,0.0,,0.0,99606600.0,,5965600.0,,35945400.0,0.0,21477400.0,0.0,,,853600.0,,62.0,,,,49259600.0,,22038000.0,1591.0,13289000.0,0.0,7162800.0,,39364100.0,,81749100.0,,4884400.0,,108280300.0,0.0,97269150.0,,,,93989400.0,,112575100.0,,7516900.0,,73100.0,,619200.0,,0.0,5471100.0,,3449100.0,,118961300.0,,63420200.0,,19644200.0,,1989800.0,,11937400.0,,37820450.0,,18532300.0,,1277200.0,0.0,23688700.0,0.0,17731700.0,,7176300.0,,7330000.0,0,9009200.0,,10363900.0,,36638100.0,,,,8408400.0,,28213000.0,0.0,,,,,3605600.0,
2026-06-06,,,,,,,,,,,,,,,,,0.0,,,,0.0,,,,0.0,,,,,,,,0.0,,0.0,,0.0,,0.0,,,,,,,,,,,,0.0,,,,,,,0.0,,,,,0.0,,,,,0.0,,,0.0,,,0.0,,,,,0,,,,,,,,0.0,,0.0,,0.0,,,,0.0,,,,,,,,0.0,,0.0,,258318,,0.0,,0.0,,,,0.0,,,,,0.0,,,0.0,,,,,,,,,,,,0.0,,,,,,0.0,,,0.0,,0.0,,,,0.0,,0.0,,0.0,,,,,,,,,,,,,,,0.0,,,,,1710767,0.0,,0.0,,,,,,,,,,,0.0,,,0.0,,,,,0.0,,0,,,,0.0,,0.0,,,,,,,0.0,,26051.0,,,0.0,,,,,0.0,,0.0,,,,,,0.0,,0.0,,,,,,,,,,,,294.0,,0.0,,,,,,,,,,0.0,,,,,,,,,,,,,,,0.0,,,,,,,,,,,,,,,,,,,,0.0,,0.0,,,,,,0,,,,,,,,,,,,0.0,,,,,,
2026-06-07,,,,,,,,,,,,,,,,,0.0,,,,0.0,,,,0.0,,,,,,,,0.0,,0.0,,0.0,,0.0,,,,,,,,,,,,0.0,,,,,,,0.0,,,,,0.0,,,,,0.0,,,0.0,,,0.0,,,,,0,,,,,,,,0.0,,0.0,,0.0,,,,0.0,,,,,,,,0.0,,0.0,,306671,,0.0,,0.0,,,,0.0,,,,,0.0,,,0.0,,,,,,,,,,,,0.0,,,,,,0.0,,,0.0,,0.0,,,,0.0,,0.0,,0.0,,,,,,,,,,,,,,,0.0,,,,,342842,0.0,,0.0,,,,,,,,,,,0.0,,,0.0,,,,,0.0,,0,,,,0.0,,0.0,,,,,,,0.0,,28927.0,,,0.0,,,,,0.0,,0.0,,,,,,0.0,,0.0,,,,,,,,,,,,670.0,,0.0,,,,,,,,,,0.0,,,,,,,,,,,,,,,0.0,,,,,,,,,,,,,,,,,,,,0.0,,0.0,,,,,,0,,,,,,,,,,,,0.0,,,,,,
2026-06-08,6610833.0,1331906.0,38929682.0,1261953.0,10148390.0,954331.0,4274007.0,28098581.0,29019096.0,68925057.0,152036878.0,33611984.0,63060620.0,1866286.0,19205125.0,14905700.0,0.0,77949100.0,,4728000.0,0.0,5048500.0,,9726900.0,0.0,25158800.0,,33899500.0,,3896100.0,,9055900.0,0.0,2062100.0,0.0,13679300.0,0.0,37099000.0,0.0,5771300.0,0.0,9493300.0,,,,8618500.0,,211132700.0,0.0,38585000.0,0.0,443100.0,,1334000.0,,5188400.0,,0.0,,,3228600.0,,0.0,36849.0,2550600.0,,8691300.0,0.0,5635300.0,,0.0,278650.0,5558400.0,0.0,8827800.0,,,2086100.0,0,10609400.0,,8731000.0,0.0,11177800.0,,13349600.0,0.0,23379800.0,0.0,24288200.0,0.0,,,8569700.0,0.0,7559200.0,,11628600.0,,44523400.0,,2771200.0,0.0,9131200.0,0.0,5096200.0,346943,30723400.0,0.0,21069300.0,0.0,6593900.0,,10190400.0,0.0,1367200.0,,357.0,1842200.0,0.0,,12013800.0,0.0,5115500.0,,27942500.0,,2326700.0,,,4381800.0,,608.0,13842600.0,0.0,,,19347800.0,,28878300.0,0.0,,6790600.0,0.0,136973900.0,0.0,8618400.0,,41125900.0,0.0,27277400.0,0.0,6827000.0,0.0,11659000.0,,12828900.0,,,35184000.0,,543800.0,,,,5097100.0,,4504400.0,0.0,11465100.0,,,19512400.0,293026,0.0,84575500.0,0.0,32086700.0,,20952000.0,,54097800.0,,78420000.0,,16654200.0,,0.0,,14008400.0,0.0,33056700.0,,199640.0,102809500.0,0.0,19737700.0,0,138372800.0,,20690200.0,0.0,39401500.0,0.0,17227200.0,,21.0,7009800.0,0.0,705500.0,0.0,3815100.0,31532.0,0.0,26978900.0,0.0,,16778100.0,,17180600.0,0.0,,0.0,47401500.0,,3031400.0,,22634400.0,0.0,13433200.0,0.0,,,756000.0,,22.0,,,,31631100.0,,13823900.0,896.0,8189300.0,0.0,4925900.0,,27018300.0,,79276100.0,,4416200.0,,68180500.0,0.0,80565800.0,,,,49319100.0,,87211700.0,,4071800.0,,34600.0,,439700.0,,0.0,2940900.0,,2598100.0,,77319000.0,,50328800.0,,11245400.0,,2481100.0,,7791100.0,,45803760.0,,18636000.0,,643000.0,0.0,16560700.0,0.0,7814000.0,,5582000.0,,4790000.0,0,6226300.0,,6183300.0,,19514100.0,,,,6472300.0,,25717800.0,0.0,,,,,3731100.0,
2026-06-09,5878039.0,1610713.0,30124249.0,1650596.0,6918079.0,851234.0,5188949.0,18130146.0,37387399.0,36735664.0,103973917.0,39893037.0,34253879.0,1809527.0,14530423.0,26968700.0,0.0,70108800.0,,6747400.0,0.0,7378100.0,,11731700.0,0.0,37799800.0,,44425400.0,,4461600.0,,13397500.0,0.0,3151400.0,0.0,27018700.0,0.0,37026900.0,0.0,10678500.0,0.0,11871000.0,,,,16201400.0,,252401800.0,,38832900.0,0.0,279200.0,,1382100.0,,4912200.0,,0.0,,,5438700.0,,0.0,42857.0,3007300.0,,5707400.0,0.0,7863900.0,,0.0,306101.0,8180300.0,0.0,8896200.0,,,1998600.0,694,13527300.0,,15750900.0,0.0,15427800.0,,14962400.0,0.0,26865600.0,0.0,22744100.0,0.0,,,10471800.0,0.0,8616300.0,,20304200.0,,69995900.0,,2999400.0,0.0,8716300.0,0.0,12955000.0,273518,32951600.0,0.0,32699700.0,0.0,4978900.0,,19705900.0,0.0,899400.0,,1292.0,3842700.0,0.0,,16673400.0,0.0,5686200.0,,29535100.0,,2868500.0,,,4875300.0,,373.0,25446000.0,0.0,,,29312400.0,,28578500.0,0.0,,9007900.0,0.0,149623100.0,0.0,6917600.0,,57349400.0,0.0,41761300.0,0.0,11594600.0,0.0,16366000.0,,20591600.0,,,43118000.0,,778800.0,,,,7966100.0,,3822000.0,0.0,14466800.0,,,16977400.0,400857,0.0,94754500.0,0.0,35317300.0,,23055700.0,,73448600.0,,109858000.0,,19727400.0,,0.0,,22699200.0,0.0,34787200.0,,179403.0,186505400.0,0.0,35824800.0,7495,180962500.0,,14720100.0,0.0,69199700.0,0.0,26040700.0,,0.0,7662900.0,0.0,1356600.0,0.0,3198200.0,25619.0,0.0,38680000.0,0.0,,17585000.0,,29906300.0,0.0,,0.0,91932200.0,,5237700.0,,39837500.0,0.0,23730200.0,0.0,,,1164900.0,,81.0,,,,51851100.0,,20329700.0,1638.0,16221600.0,0.0,5722300.0,,66820500.0,,79913900.0,,6558400.0,,124754300.0,0.0,138885730.0,,,,87683500.0,,158568600.0,,3416700.0,,72400.0,,653400.0,,0.0,4262100.0,,3105800.0,,132485700.0,,59940200.0,,21199500.0,,1770000.0,,8920600.0,,43303530.0,,20029600.0,,809400.0,0.0,22300100.0,0.0,11043600.0,,6340400.0,,11117700.0,0,7278700.0,,5895400.0,,23959000.0,,,,11868500.0,,46026300.0,0.0,,,,,4799200.0,
2026-06-10,151.0,4959.0,1191.0,229.0,165.0,53.0,352.0,17940670.0,35788237.0,55473572.0,226252092.0,22896530.0,56328337.0,1433604.0,15722628.0,17040900.0,0.0,52793300.0,,5176900.0,0.0,5895300.0,,11393800.0,0.0,27777400.0,,38590200.0,,4842600.0,,8044600.0,0.0,2586400.0,0.0,16178400.0,0.0,38193500.0,0.0,9360000.0,0.0,10880900.0,,,,15509100.0,,349694200.0,,30540900.0,0.0,458500.0,,749700.0,,5062700.0,,0.0,,,3846500.0,,0.0,39760.0,3611200.0,,5373500.0,0.0,3869900.0,,0.0,291935.0,5666800.0,0.0,6406600.0,,,1715600.0,0,8420800.0,,13941100.0,0.0,10820500.0,,10109600.0,0.0,17855600.0,0.0,19740500.0,0.0,,,9281200.0,0.0,7041400.0,,28884300.0,0.0,40826400.0,,4026500.0,0.0,8157700.0,0.0,7388100.0,303335,19822900.0,0.0,16855700.0,0.0,4493000.0,,18536700.0,0.0,981300.0,,525.0,5302800.0,0.0,,10595200.0,0.0,4425800.0,,32357100.0,,2287200.0,,,4823800.0,,509.0,16855100.0,0.0,,,42027600.0,,33229400.0,0.0,,5497100.0,0.0,122653500.0,0.0,4455200.0,,40574500.0,0.0,39285000.0,0.0,7446200.0,0.0,16030000.0,,20880500.0,,,31974000.0,,280600.0,,,,5839500.0,,2700600.0,0.0,14088500.0,,,17064000.0,481373,0.0,54175100.0,0.0,32576000.0,,15690800.0,,55712600.0,,78330000.0,,9928800.0,,0.0,,15356600.0,0.0,36304600.0,,194341.0,97426700.0,0.0,20052700.0,0,161746600.0,,16563900.0,0.0,42011200.0,0.0,46108300.0,,3.0,6495500.0,0.0,1154200.0,0.0,2234900.0,29662.0,0.0,30612600.0,0.0,,14669100.0,,18426600.0,0.0,,0.0,65334300.0,,3235200.0,,25074600.0,0.0,13000800.0,0.0,,,468000.0,,4.0,,,,191345400.0,,12711400.0,1824.0,10362000.0,0.0,6160100.0,,41441700.0,,86446300.0,,6537100.0,,94924200.0,0.0,120889630.0,,,,60341300.0,,128808600.0,,1899500.0,,18900.0,,407800.0,,0.0,3745800.0,,2644600.0,,91465200.0,,49695600.0,,13139700.0,,1999800.0,,7325400.0,,40466920.0,,21908800.0,,590900.0,0.0,13297700.0,0.0,6937600.0,,5793100.0,,6904200.0,0,5978300.0,,6085300.0,,22414900.0,,,,8127300.0,,36515300.0,0.0,,,,,3468000.0,
2026-06-11,6625775.0,1412678.0,31420307.0,1142539.0,2218764.0,1379286.0,3299797.0,13788820.0,28580619.0,49459518.0,124356371.0,30592359.0,34922354.0,2006055.0,20802599.0,14448500.0,0.0,42572500.0,,17786900.0,0.0,5728900.0,,12427700.0,0.0,30463100.0,,41335400.0,,5938800.0,,8844700.0,0.0,2965600.0,0.0,24756400.0,0.0,35187600.0,0.0,9087400.0,0.0,16403600.0,,,,8874300.0,,326178700.0,,36195900.0,0.0,612700.0,,753500.0,,5664300.0,,0.0,,,4298500.0,,0.0,46406.0,3463300.0,,3908500.0,0.0,3000400.0,0.0,0.0,317151.0,6489500.0,0.0,6933100.0,,738.0,1903400.0,0,8856800.0,,13005200.0,0.0,16666000.0,,14136000.0,0.0,22683500.0,0.0,24625500.0,0.0,,,7869800.0,0.0,9264400.0,,19296500.0,0.0,47924400.0,,3356500.0,0.0,9304700.0,0.0,7976000.0,273934,29533900.0,0.0,29004200.0,0.0,3303900.0,,14271500.0,0.0,715600.0,,1938.0,4261200.0,0.0,,9891800.0,0.0,6014000.0,,35538200.0,,2561900.0,,,4656600.0,,569.0,13860900.0,0.0,,,38959100.0,,24482800.0,0.0,,7558300.0,0.0,188430300.0,0.0,9300800.0,,48863200.0,0.0,41468800.0,0.0,9116600.0,0.0,17694000.0,,14264500.0,,,33628000.0,,302600.0,,,,4672200.0,,2764900.0,0.0,14984000.0,,,17628000.0,248084,0.0,57254500.0,0.0,47224100.0,,17574200.0,,59418900.0,,68030000.0,,9986100.0,,0.0,,14297100.0,0.0,33417600.0,,206797.0,94785000.0,0.0,28321500.0,0,158643200.0,,12719800.0,0.0,45132500.0,0.0,63678500.0,,1.0,9672400.0,0.0,1133800.0,0.0,2017900.0,30485.0,10.0,27554500.0,0.0,,14757100.0,,18933100.0,0.0,,0.0,71798900.0,,3207900.0,,29012100.0,0.0,26119300.0,0.0,,,749000.0,,22.0,,,,251249200.0,,12196800.0,658.0,13759400.0,0.0,7804000.0,,47265500.0,,68062000.0,,6822700.0,,72493400.0,0.0,91010800.0,,,,86330500.0,,120942600.0,,1342300.0,,44400.0,,923200.0,,0.0,5027400.0,,4492400.0,,116288800.0,,45324300.0,,13826500.0,,1865400.0,,9862700.0,,33453090.0,,24995400.0,,787300.0,0.0,14367500.0,0.0,7061200.0,0.0,5958900.0,,5408800.0,0,6334600.0,,7797300.0,,22438000.0,,,,10176700.0,,40863500.0,0.0,,,,,4154000.0,
2026-06-12,5286416.0,1501032.0,31006148.0,1940690.0,5215884.0,6018622.0,2953732.0,23629780.0,22334646.0,42401617.0,131880583.0,34685070.0,47407244.0,2184164.0,20417954.0,12686900.0,0.0,38742100.0,,25030700.0,0.0,5372900.0,,8055800.0,0.0,31553100.0,,51186600.0,,4334700.0,,16494100.0,0.0,2529600.0,0.0,54914500.0,0.0,27600900.0,0.0,10581700.0,0.0,8157900.0,,,,8610600.0,,289728800.0,,25124900.0,0.0,400100.0,,642900.0,,4591300.0,,0.0,,,4447200.0,,0.0,34732.0,2097200.0,,4717100.0,0.0,2665200.0,0.0,0.0,233924.0,5386600.0,0.0,6489500.0,,,1737300.0,0,12394300.0,,9009800.0,0.0,13589400.0,,9243600.0,0.0,36215900.0,0.0,18222800.0,0.0,,,6059100.0,0.0,8257200.0,,14361600.0,0.0,32323000.0,,2857800.0,0.0,4938400.0,0.0,5304000.0,319023,17164800.0,0.0,31517000.0,0.0,5115000.0,,9304100.0,0.0,1198800.0,,1167.0,2787700.0,0.0,,9305000.0,0.0,5328300.0,,24704600.0,,2206000.0,,,3649000.0,,414.0,19046200.0,0.0,,,33030900.0,,23521900.0,0.0,,5748900.0,0.0,151169400.0,0.0,5817600.0,,45354100.0,0.0,34415200.0,0.0,7426200.0,0.0,10056600.0,,11757700.0,,,20812000.0,,95500.0,,,,4553700.0,,2438400.0,0.0,9253300.0,,,14326400.0,397046,0.0,42047300.0,0.0,34865800.0,,16772200.0,,40785200.0,,57036000.0,,6762600.0,,0.0,,17131300.0,0.0,35309700.0,,138859.0,117902600.0,0.0,26049400.0,0,112001800.0,,14799200.0,0.0,55086900.0,0.0,29562300.0,,0.0,6773000.0,0.0,1211900.0,0.0,1391200.0,25129.0,0.0,35378000.0,0.0,,12304100.0,,14123700.0,0.0,,0.0,51168400.0,,5768000.0,,31778500.0,0.0,62987600.0,0.0,,,2959000.0,,11.0,,,,84317400.0,,8963300.0,5.0,11926100.0,0.0,7707300.0,,41109800.0,,50311700.0,,6500600.0,,50419100.0,0.0,63481140.0,,519234800.0,,57079500.0,,67885500.0,,2556400.0,,82100.0,,596300.0,,0.0,3322900.0,,2235300.0,,94070700.0,,63514500.0,,10362500.0,,1495200.0,,5368300.0,,23507910.0,,19678100.0,,383000.0,0.0,14307300.0,0.0,7619500.0,0.0,5543200.0,,4958100.0,0,6285300.0,,5376300.0,,14753500.0,,,,7822900.0,,31964700.0,0.0,,,,,3253400.0,
2026-06-13,,,,,,,,,,,,,,,,,0.0,,,,0.0,,,,0.0,,,,,,,,0.0,,0.0,,0.0,,0.0,,0.0,,,,,,,,,,0.0,,,,,,,0.0,,,,,0.0,,,,,0.0,,0.0,0.0,,,0.0,,,,,0,,,,0.0,,,,0.0,,0.0,,0.0,,,,0.0,,,,0.0,,,,0.0,,0.0,,328352,,0.0,,0.0,,,,0.0,,,,,0.0,,,0.0,,,,,,,,,,,,0.0,,,,,,0.0,,,0.0,,0.0,,,,0.0,,0.0,,0.0,,,,,,,,,,,,,,,0.0,,,,,316445,0.0,,0.0,,,,,,,,,,,0.0,,,0.0,,,,,0.0,,0,,,,0.0,,0.0,,,,,0.0,,0.0,,25066.0,,,0.0,,,,,0.0,,0.0,,,,,,0.0,,0.0,,,,,,,,,,,,483.0,,0.0,,,,,,,,,,0.0,,,,,,,,,,,,,,,0.0,,,,,,,,,,,,,,,,,,,,0.0,,0.0,,0.0,,,,0,,,,,,,,,,,,0.0,,,,,,
2026-06-14,,,,,,,,,,,,,,,,,0.0,,,,0.0,,,,0.0,,,,,,,,0.0,,0.0,,0.0,,0.0,,0.0,,,,,,,,,,0.0,,,,,,,0.0,,,,,0.0,,,,,0.0,,0.0,0.0,,,0.0,,,,,216,,,,0.0,,,,0.0,,0.0,,0.0,,,,0.0,,,,0.0,,,,0.0,,0.0,,477865,,0.0,,0.0,,,,0.0,,,,,0.0,,,0.0,,,,,,,,,,,,0.0,,,,,,0.0,,,0.0,,0.0,,,,0.0,,0.0,,0.0,,,,,,,,,,,,,,,0.0,,,,,192933,0.0,,0.0,,,,,,,,,,,0.0,,,0.0,,,,,0.0,,0,,,,0.0,,0.0,,,,,0.0,,0.0,,27092.0,,,0.0,,,,,0.0,,0.0,,,,,,0.0,,0.0,,,,,,,,,,,,1590.0,,0.0,,,,,,,,,,0.0,,,,,,,,,,,,,,,0.0,,,,,,,,,,,,,,,,,,,,0.0,,0.0,,0.0,,,,0,,,,,,,,,,,,0.0,,,,,,
2026-06-15,3872910.0,1099804.0,21500067.0,1497461.0,2001006.0,1252510.0,2656201.0,21585190.0,19748938.0,22031269.0,94789343.0,34223742.0,24420087.0,2246358.0,20968123.0,14611900.0,0.0,45732600.0,,9676900.0,0.0,5332800.0,,11664400.0,0.0,33482400.0,,41711600.0,,7521000.0,,14035500.0,0.0,2339100.0,0.0,23998700.0,0.0,32394200.0,0.0,12086700.0,0.0,10426100.0,,,,9171700.0,,210312000.0,,51249600.0,0.0,530200.0,,684500.0,,6253600.0,,0.0,,,5703200.0,,0.0,28907.0,2449600.0,,5061500.0,0.0,3955900.0,0.0,0.0,208395.0,5158700.0,0.0,8972000.0,,,1893700.0,0,15479000.0,,7921300.0,0.0,13541800.0,,10184000.0,0.0,22004000.0,0.0,23148000.0,0.0,,,7036600.0,0.0,10265100.0,0.0,10608700.0,0.0,36982900.0,,4771600.0,0.0,4716200.0,0.0,5628900.0,303257,19500100.0,0.0,27756100.0,0.0,4655900.0,,8970400.0,0.0,1011200.0,,1666.0,3428200.0,0.0,,9190800.0,0.0,4762900.0,,27727500.0,,2364000.0,,,4695000.0,,525.0,22980500.0,0.0,,,36576900.0,,30500700.0,0.0,,7178800.0,0.0,134507500.0,0.0,4910400.0,,33192900.0,0.0,23889000.0,0.0,7988900.0,0.0,18368200.0,,20055200.0,,,13938000.0,,787700.0,,,,5266100.0,,3167200.0,0.0,13459800.0,,,17653300.0,356394,0.0,54963600.0,0.0,32266400.0,,19982400.0,,44994600.0,,53538000.0,,7614000.0,,0.0,,16699200.0,0.0,36430800.0,,139274.0,131110900.0,0.0,23018000.0,7182,149936700.0,,10223300.0,0.0,57989900.0,0.0,20279900.0,,0.0,7394100.0,0.0,2848600.0,0.0,2362700.0,26890.0,0.0,41748200.0,0.0,,22555300.0,,13993800.0,0.0,,0.0,46710200.0,,4844000.0,,20193200.0,0.0,28928300.0,0.0,,,661300.0,,0.0,,,,61776800.0,,9613900.0,1598.0,9156400.0,0.0,5917500.0,,27867200.0,,76628800.0,,6028000.0,,39914100.0,0.0,46568520.0,,256226600.0,,60176400.0,,59705000.0,,2905900.0,,75700.0,,240100.0,,0.0,4558000.0,,2493300.0,,59758000.0,,45620500.0,,11184900.0,,1632500.0,,7459200.0,,22557920.0,,24748700.0,,638400.0,0.0,13785400.0,0.0,6351200.0,0.0,6803000.0,,5346400.0,0,9522900.0,,7014800.0,,20722500.0,,,,5269900.0,,44319100.0,0.0,,,,,4219600.0,
2026-06-16,3644469.0,1286352.0,17548685.0,1084769.0,2480043.0,1083778.0,1602695.0,16326020.0,24323142.0,35741225.0,113820644.0,23282186.0,40104507.0,1974369.0,19310176.0,13109800.0,0.0,39874400.0,,7214600.0,0.0,5938600.0,,10906100.0,0.0,28411700.0,,35187400.0,,6734300.0,,12402000.0,0.0,1797600.0,0.0,20234900.0,0.0,31573700.0,0.0,11495500.0,0.0,14128100.0,,,,11266700.0,,202759000.0,,38202000.0,0.0,448400.0,,776400.0,,4345900.0,,0.0,,,4220600.0,,0.0,30801.0,2834400.0,,5006500.0,0.0,4210600.0,0.0,0.0,205050.0,5594400.0,0.0,6412800.0,,,1523400.0,0,9859900.0,,7557200.0,0.0,16385300.0,,8576000.0,0.0,42823900.0,0.0,16644300.0,0.0,,,6326500.0,0.0,10694600.0,,9487300.0,0.0,46558800.0,,3261100.0,0.0,5073100.0,0.0,5305200.0,348067,19036100.0,0.0,21281200.0,0.0,5929000.0,,10761700.0,0.0,1433800.0,,158.0,2761100.0,0.0,,13482100.0,0.0,6375900.0,,24876100.0,,1965500.0,,,5131500.0,,1828.0,22076500.0,0.0,,,31540800.0,,24311600.0,0.0,,4917600.0,0.0,132962600.0,0.0,4748000.0,,32102100.0,0.0,23807700.0,0.0,11094900.0,0.0,14048600.0,,17565100.0,,,14454000.0,,336600.0,,,,6070800.0,,2260700.0,0.0,12054900.0,,,11344400.0,253195,0.0,59201300.0,0.0,31506800.0,,17795600.0,,45499800.0,,62592000.0,,9163500.0,,0.0,,14643700.0,0.0,65054000.0,,148973.0,123976200.0,0.0,17198400.0,0,125694100.0,,7146600.0,0.0,51741600.0,0.0,16985500.0,,0.0,5017100.0,0.0,2234700.0,0.0,2148800.0,25391.0,0.0,30409900.0,0.0,,19507100.0,,19629600.0,0.0,,0.0,45348700.0,,3562100.0,,25457700.0,0.0,27885000.0,0.0,,,580700.0,,2.0,,,,54280800.0,,10949600.0,1611.0,9588500.0,0.0,5665800.0,,28553700.0,,106005600.0,,3632900.0,,54771900.0,0.0,61626100.0,,195401600.0,,67093100.0,,53011100.0,,2382100.0,,141000.0,,248700.0,,0.0,3977800.0,,2063000.0,,67086700.0,,40255500.0,,10943500.0,,3489400.0,,7706700.0,,36312340.0,,17514600.0,,384300.0,0.0,13106100.0,0.0,4367600.0,0.0,9248400.0,,4581900.0,0,15860100.0,,5883900.0,,23060700.0,,,,6925500.0,,42008400.0,0.0,,,,,4712100.0,
2026-06-17,3980010.0,891522.0,18134051.0,590565.0,1156913.0,752108.0,1260211.0,16301200.0,16962334.0,76851194.0,109311095.0,21756242.0,22507016.0,4320339.0,11812744.0,10005500.0,0.0,42745100.0,,10731500.0,0.0,5122000.0,,11045500.0,0.0,27085300.0,,44780800.0,,5470300.0,,11692500.0,0.0,2322900.0,0.0,30349600.0,0.0,40005500.0,0.0,6375000.0,0.0,13280700.0,,,,11015900.0,,320143300.0,,32701400.0,0.0,333900.0,,551700.0,,5412000.0,,0.0,,,5882700.0,,0.0,25919.0,2743900.0,,4927800.0,0.0,2883800.0,0.0,0.0,100474.0,5707600.0,0.0,8151500.0,,,1928000.0,0,9891100.0,,7492800.0,0.0,19986200.0,,8393200.0,0.0,26674200.0,0.0,18472000.0,0.0,,,8754000.0,0.0,11168700.0,,12962400.0,0.0,41820000.0,,3019000.0,0.0,6044500.0,0.0,7418000.0,366336,16255300.0,0.0,28705400.0,0.0,7336300.0,,8617100.0,0.0,1418800.0,,1961.0,3996000.0,0.0,,11093500.0,0.0,4680300.0,,24543600.0,,2180000.0,,,6085400.0,,1446.0,23154100.0,0.0,,,70804700.0,,31243800.0,0.0,,5537000.0,0.0,115324900.0,0.0,3791200.0,,36100500.0,0.0,39920100.0,0.0,12246400.0,0.0,13213500.0,,17055400.0,,,14614000.0,,257300.0,,,,5148200.0,,2383300.0,0.0,10900800.0,,,20478300.0,247023,0.0,50607300.0,0.0,41987800.0,,18052900.0,,46149200.0,,59718000.0,,7052100.0,,0.0,,24392300.0,0.0,50338800.0,,170489.0,103550600.0,0.0,32165600.0,0,128363500.0,,9862800.0,0.0,49050200.0,0.0,16616600.0,,0.0,5713800.0,0.0,1797600.0,0.0,1929200.0,26208.0,0.0,32290800.0,0.0,,19133700.0,,11955800.0,0.0,,0.0,51669300.0,,4405000.0,,34148200.0,0.0,28723000.0,0.0,,,3956900.0,,22.0,,,,53631200.0,,10658800.0,1595.0,9182500.0,0.0,6155500.0,,24668800.0,,122836000.0,,4980400.0,,49127300.0,0.0,65939990.0,,201719500.0,,85945200.0,,74068600.0,,5142100.0,,131300.0,,658100.0,,0.0,3527600.0,,3764000.0,,78089600.0,,43534300.0,,10934100.0,,2674900.0,,7098300.0,,33802000.0,,16144400.0,,330000.0,0.0,19811100.0,0.0,9849000.0,0.0,6895200.0,,6181400.0,0,13569100.0,,8451900.0,,21711100.0,,,,17203400.0,,38553000.0,0.0,,,,,4130700.0,
2026-06-18,5808765.0,928129.0,32764450.0,1621006.0,1322859.0,729528.0,1541989.0,20153820.0,30119117.0,65426672.0,199675798.0,28551616.0,68421090.0,3692183.0,23003683.0,16726200.0,0.0,85962200.0,,15852500.0,0.0,22605900.0,,16781200.0,0.0,43805600.0,,75624400.0,,9549100.0,,34221900.0,0.0,2406100.0,0.0,31679200.0,0.0,45076100.0,0.0,12348700.0,0.0,14603000.0,,,,16009200.0,,322602900.0,,51599300.0,0.0,501000.0,,524200.0,,8882300.0,,0.0,,,10280700.0,,0.0,31186.0,6175000.0,,7196600.0,0.0,4297300.0,0.0,0.0,97813.0,7520600.0,0.0,9826800.0,,,3742900.0,0,14863000.0,0.0,9353600.0,0.0,57940800.0,,21517600.0,0.0,65546300.0,0.0,52284400.0,0.0,,,15360600.0,0.0,22943600.0,,14981000.0,0.0,52595700.0,,8064200.0,0.0,5965400.0,0.0,7382900.0,275816,18398500.0,0.0,24545700.0,0.0,80915300.0,,10044700.0,0.0,1486400.0,,738.0,4344700.0,0.0,,22778000.0,0.0,9220100.0,,44470100.0,,4499200.0,,,10604400.0,,1031.0,31903500.0,0.0,,,39509900.0,,53337800.0,0.0,,16619700.0,0.0,233906600.0,0.0,12249600.0,,39394600.0,0.0,32463200.0,0.0,20111000.0,0.0,26167300.0,,46857900.0,,,14298000.0,,475100.0,,,,8360800.0,,4470500.0,0.0,22686600.0,,,28824600.0,259543,0.0,250989400.0,0.0,59714200.0,,35530700.0,,64642500.0,,54676000.0,,10967400.0,,0.0,,36625500.0,0.0,91920400.0,,147984.0,126787700.0,0.0,36337200.0,0,241272000.0,,8996700.0,0.0,64112200.0,0.0,31386100.0,,0.0,12194700.0,0.0,1433300.0,0.0,4420100.0,25082.0,0.0,55338000.0,0.0,,27215200.0,,47081500.0,0.0,,0.0,50154600.0,,5337400.0,,31711700.0,0.0,70326000.0,0.0,,,1700100.0,,0.0,,,,68325300.0,,11229700.0,1587.0,12178300.0,0.0,7758800.0,,30586900.0,,80961100.0,,5524900.0,,49319800.0,0.0,71115680.0,,272126800.0,,80875700.0,,60260800.0,,10808300.0,,174300.0,,1110800.0,,0.0,17958200.0,,3544800.0,,61063000.0,,58384700.0,,25817100.0,,7241500.0,,21929600.0,,30041240.0,,27203300.0,,545300.0,0.0,21348700.0,0.0,5613600.0,0.0,14716700.0,,7262600.0,13,16683900.0,,7730500.0,,36526800.0,,,,9569900.0,,39645700.0,0.0,,,,,8136300.0,
2026-06-19,7478195.0,1831967.0,43284898.0,1728303.0,2109401.0,4125736.0,2963743.0,26620200.0,,,,,,,,,0.0,,,,0.0,,,,0.0,,,,,,,,0.0,,0.0,,0.0,,0.0,,0.0,,,,,,,,,,0.0,,,,,,,0.0,,,,,0.0,,,,,0.0,,0.0,0.0,,,0.0,,,,,0,,,,0.0,,,,0.0,,0.0,,0.0,,,,0.0,,,,0.0,,,,0.0,,0.0,,350680,,0.0,,0.0,,,,0.0,,,,,0.0,,,0.0,,,,,,,,,,,,0.0,,,,,,0.0,,,0.0,,0.0,,,,0.0,,0.0,,0.0,,,,,,,,,,,,,,,0.0,,,,,201404,0.0,,0.0,,,,,,,,,,,0.0,,,0.0,,,,,0.0,,864,,,,0.0,,0.0,,,,,0.0,,0.0,,25844.0,,,0.0,,,,,0.0,,0.0,,,,,,0.0,,0.0,,,,,,,,,,,,1641.0,,0.0,,,,,,,,,,0.0,,,,,,,,,,,,,,,0.0,,,,,,,,,,,,,,,,,,,,0.0,,0.0,,0.0,,,,0,,,,,,,,,,,,0.0,,,,,,
2026-06-20,,,,,,,,,,,,,,,,,0.0,,,,0.0,,,,0.0,,,,,,,,0.0,,0.0,,0.0,,0.0,,0.0,,,,,,,,,,0.0,,,,,,,0.0,,,,,0.0,,,,,0.0,,0.0,0.0,,,0.0,,,,,0,,,,0.0,,,,0.0,,0.0,,0.0,,,,0.0,,,,0.0,,,,0.0,,0.0,,286447,,0.0,,0.0,,,,0.0,,,,,0.0,,,0.0,,,,,,,,,,,,0.0,,,,,,0.0,,,0.0,,0.0,,,,0.0,,0.0,,0.0,,,,,,,,,,,,,,,0.0,,,,,173647,0.0,,0.0,,,,,,,,,,,0.0,,,0.0,,,,,0.0,,0,,,,0.0,,0.0,,,,,0.0,,0.0,,39600.0,,,0.0,,,,,0.0,,0.0,,,,,,0.0,,0.0,,,,,,,,,,,,1606.0,,0.0,,,,,,,,,,0.0,,,,,,,,,,,,,,,0.0,,,,,,,,,,,,,,,,,,,,0.0,,0.0,,0.0,,,,0,,,,,,,,,,,,0.0,,,,,,
2026-06-21,,,,,,,,,,,,,,,,,0.0,,,,0.0,,,,0.0,,,,,,,,0.0,,0.0,,0.0,,0.0,,0.0,,,,,,,,,,0.0,,,,,,,0.0,,,,,0.0,,,,,0.0,,0.0,0.0,,,0.0,,,,,18,,,,0.0,,,,0.0,,0.0,,0.0,,,,0.0,,,,0.0,,,,0.0,,0.0,,338701,,0.0,,0.0,,,,0.0,,,,,0.0,,,0.0,,,,,,,,,,,,0.0,,,,,,0.0,,,0.0,,0.0,,,,0.0,,0.0,,0.0,,,,,,,,,,,,,,,0.0,,,,,200550,0.0,,0.0,,,,,,,,,,,0.0,,,0.0,,,,,0.0,,0,,,,0.0,,0.0,,,,,0.0,,0.0,,45333.0,,,0.0,,,,,0.0,,0.0,,,,,,0.0,,0.0,,,,,,,,,,,,1589.0,,0.0,,,,,,,,,,0.0,,,,,,,,,,,,,,,0.0,,,,,,,,,,,,,,,,,,,,0.0,,0.0,,0.0,,,,0,,,,,,,,,,,,0.0,,,,,,
2026-06-22,5179795.0,962320.0,24330451.0,864651.0,866623.0,883692.0,3353936.0,19335392.0,31563111.0,44809494.0,241866864.0,28033273.0,57148117.0,2854390.0,22399530.0,14536900.0,0.0,44879900.0,,8282600.0,0.0,5584000.0,,10737300.0,0.0,25983200.0,,68388500.0,,8358900.0,,9416900.0,0.0,1793300.0,0.0,28409500.0,0.0,26403700.0,0.0,11975000.0,0.0,13220800.0,,,,11308600.0,,179896700.0,,35741100.0,0.0,412200.0,,543900.0,,6076300.0,,0.0,,,4331700.0,,0.0,46574.0,4033500.0,,4738700.0,0.0,3863800.0,0.0,0.0,315903.0,9178100.0,0.0,8507100.0,,,2191900.0,0,9694500.0,,9529700.0,0.0,20502800.0,,13743200.0,0.0,29892800.0,0.0,20174100.0,0.0,,,7336900.0,0.0,17396300.0,,8125300.0,0.0,56191600.0,,4243300.0,0.0,3231100.0,0.0,4418100.0,309735,10772900.0,0.0,17495400.0,0.0,7478700.0,,9287100.0,0.0,1426900.0,,1197.0,3916300.0,0.0,,18574300.0,0.0,6373000.0,,52814800.0,,1894400.0,,,4713600.0,,1163.0,22866900.0,0.0,,,31731200.0,,23278000.0,0.0,,9615400.0,0.0,127190600.0,0.0,5054400.0,,35086500.0,0.0,22796200.0,0.0,10182500.0,0.0,11719800.0,,21205900.0,,,11594000.0,,867100.0,,,,6909900.0,,3015000.0,0.0,14638600.0,,,15405500.0,199235,0.0,49225100.0,0.0,45171100.0,,25287400.0,,53140800.0,,57522000.0,,7790400.0,,0.0,,14697600.0,0.0,82203300.0,,151751.0,117605900.0,0.0,24940900.0,0,122041400.0,,17141300.0,0.0,58292900.0,0.0,22935400.0,,0.0,5855400.0,0.0,2276300.0,0.0,5113300.0,28139.0,0.0,56924500.0,0.0,,13179000.0,,18203400.0,0.0,,0.0,43518600.0,,4386400.0,,27347500.0,0.0,27782000.0,0.0,,,1175000.0,,16.0,,,,128512300.0,,8043000.0,1609.0,9977600.0,0.0,6014100.0,,32748400.0,,75634800.0,,9419400.0,,36399600.0,0.0,47578730.0,,169183800.0,,46628100.0,,49284500.0,,3507700.0,,109300.0,,346600.0,,0.0,4338500.0,,4947400.0,,61888900.0,,47819500.0,,13686200.0,,4373100.0,,8954600.0,,30278930.0,,21887100.0,,422700.0,0.0,16092000.0,0.0,5023800.0,0.0,15132400.0,,7284300.0,0,13160100.0,,18523600.0,,17053900.0,,,,16738700.0,,30765600.0,0.0,,,0.0,,5488400.0,
2026-06-23,8050335.0,1868817.0,41266630.0,1212394.0,1683494.0,1237796.0,1955116.0,32931869.0,43435789.0,48631069.0,244561408.0,29177335.0,33267703.0,2486790.0,15310725.0,13591900.0,0.0,52010900.0,,6910500.0,0.0,6478300.0,,12035100.0,0.0,30196800.0,,60492600.0,,5083700.0,,11079200.0,0.0,2415700.0,0.0,21231000.0,0.0,33122200.0,0.0,13032000.0,0.0,11335700.0,,,,11493600.0,,148301700.0,,31449100.0,0.0,438100.0,,349300.0,,4428100.0,,0.0,,,5303000.0,,0.0,22797.0,4286900.0,,8337400.0,0.0,3816500.0,0.0,0.0,203509.0,5954800.0,0.0,7590000.0,,,2529800.0,0,8875100.0,,10376100.0,0.0,20720700.0,,9488000.0,0.0,25319700.0,0.0,22654400.0,0.0,,,6643900.0,0.0,14457400.0,,14777700.0,0.0,82041900.0,,3531200.0,0.0,11166700.0,0.0,8882700.0,343946,43444500.0,0.0,18074300.0,0.0,7937800.0,,13325500.0,0.0,1523000.0,,252.0,3919200.0,0.0,,17968900.0,0.0,4002800.0,,34007700.0,,2066900.0,,,4788000.0,,1012.0,12550400.0,0.0,,,40632300.0,,20640100.0,0.0,,15686100.0,0.0,132976700.0,0.0,5652000.0,,32248100.0,0.0,26821700.0,0.0,7582200.0,0.0,18703800.0,,16854000.0,,,46322000.0,,501100.0,,,,4817100.0,,3316300.0,0.0,16065200.0,,,13103300.0,1969936,0.0,46361100.0,0.0,40647600.0,,22502900.0,,60243300.0,,83438000.0,,6648600.0,,0.0,,18767700.0,0.0,50806800.0,,76512.0,84538000.0,0.0,32559700.0,0,153496200.0,,17674300.0,0.0,45242000.0,0.0,33327900.0,,0.0,5430500.0,0.0,1913200.0,0.0,4808700.0,26086.0,0.0,44661900.0,0.0,,13930000.0,,23781900.0,0.0,,0.0,53354200.0,,3364900.0,,24290300.0,0.0,22306700.0,0.0,,,1411400.0,,56.0,,,,60658800.0,,19126000.0,1568.0,12868300.0,0.0,4511000.0,,46088400.0,,89307200.0,,5880000.0,,70699700.0,0.0,88624720.0,,155848100.0,,66846800.0,,72155500.0,,2153700.0,,103200.0,,195500.0,,0.0,7671700.0,,1695700.0,,82341800.0,,50420200.0,,20364500.0,,3151200.0,,10814300.0,,32487650.0,,20733900.0,,444300.0,0.0,11509900.0,0.0,7425700.0,0.0,11113400.0,,10277700.0,0,12684400.0,,7573200.0,,23411400.0,,,,10610000.0,,38690400.0,0.0,,,0.0,,3913300.0,
2026-06-24,7487916.0,1238769.0,47809959.0,1093489.0,1455973.0,966603.0,1449985.0,32994512.0,39958288.0,41404970.0,219904218.0,26225743.0,53080662.0,3235457.0,9414527.0,10609900.0,0.0,53081900.0,,6947400.0,0.0,4063500.0,,10726700.0,0.0,26548300.0,,70282600.0,,5414900.0,,8663900.0,0.0,2028200.0,0.0,21496400.0,0.0,29938700.0,0.0,13915100.0,0.0,15334300.0,,,,11015300.0,,251570900.0,,46267800.0,0.0,3318700.0,,625000.0,,4707800.0,,0.0,,,7957200.0,,595383.0,32834.0,3526000.0,,21373800.0,0.0,2802000.0,0.0,0.0,251403.0,4641200.0,0.0,10045500.0,,83.0,2020200.0,1773,11283600.0,,6666200.0,0.0,13146800.0,,7018000.0,0.0,22104300.0,0.0,21752900.0,0.0,,,6317200.0,0.0,12215500.0,,11698200.0,0.0,76629900.0,,2413200.0,0.0,4900200.0,0.0,3882600.0,319256,21161600.0,0.0,16604600.0,0.0,6825500.0,,8161900.0,0.0,1532700.0,,353.0,2948100.0,0.0,,19233800.0,0.0,3354300.0,,44997300.0,,1933100.0,,,6385000.0,,507.0,12600400.0,0.0,,,30220000.0,,21053300.0,0.0,,8149900.0,0.0,104591700.0,0.0,4667200.0,,38885600.0,0.0,28664900.0,0.0,7907400.0,0.0,11543700.0,,20632600.0,,,30888000.0,0.0,298000.0,,,,4452700.0,,2908200.0,0.0,12016700.0,,,13963600.0,626201,0.0,35747400.0,0.0,44509900.0,,40121100.0,,68935700.0,,96982000.0,,5238000.0,,0.0,,15286300.0,0.0,48001500.0,,39410.0,91575300.0,0.0,17246400.0,3367,151810700.0,,15078200.0,0.0,74614000.0,0.0,38305000.0,,2.0,4895700.0,0.0,1808200.0,0.0,2712500.0,26086.0,0.0,46520700.0,0.0,,15478100.0,,25519600.0,0.0,,0.0,52480400.0,,4166300.0,,23138200.0,0.0,26770900.0,0.0,,,935900.0,,79.0,,,,51833500.0,0.0,11902000.0,1576.0,10421300.0,0.0,4320100.0,,35403500.0,,119994800.0,,5416800.0,0.0,57018500.0,0.0,82630030.0,,76101500.0,,57439500.0,,71325400.0,,6016900.0,,94100.0,,385600.0,,0.0,3256600.0,,6741300.0,,72009700.0,,37081400.0,,9991200.0,,4145000.0,,8761600.0,,31414680.0,,34823300.0,,875900.0,0.0,13174200.0,0.0,4859300.0,0.0,8197200.0,,6106100.0,0,12214400.0,,210481900.0,,20600100.0,,,,13716000.0,,43034600.0,0.0,,,0.0,,3865100.0,
2026-06-25,6790853.0,1084499.0,36157158.0,835786.0,1024898.0,809866.0,1063971.0,17200294.0,29472428.0,35024837.0,178920826.0,37609048.0,63246385.0,2963306.0,17053820.0,13301900.0,0.0,107013700.0,,6957500.0,0.0,4956700.0,,16477800.0,0.0,27031300.0,,77674100.0,,4126500.0,,8379900.0,0.0,2197000.0,0.0,22388500.0,0.0,23353700.0,0.0,9257000.0,0.0,20248200.0,,,,13128300.0,,300539100.0,,43981200.0,0.0,1345900.0,,338900.0,,7054100.0,,0.0,,,4831600.0,,596978.0,27477.0,4642100.0,,18393400.0,0.0,3554900.0,0.0,0.0,228065.0,4530200.0,0.0,7807400.0,,,2492700.0,3375,10894700.0,,8181700.0,0.0,11324700.0,,12028800.0,0.0,21772100.0,0.0,26918700.0,0.0,,,11179200.0,0.0,12054400.0,,12556700.0,0.0,104823000.0,,2438500.0,0.0,4853100.0,0.0,6592300.0,308434,20944900.0,0.0,16827000.0,0.0,8365200.0,,7101900.0,0.0,1114400.0,,2724.0,2750900.0,0.0,,25620300.0,0.0,3820400.0,,44491400.0,,1950000.0,,,6974100.0,,660.0,15113700.0,0.0,,,23404400.0,,26924600.0,0.0,,8520700.0,0.0,122588800.0,0.0,6297600.0,,36214700.0,0.0,27599900.0,0.0,10043100.0,0.0,11963400.0,0.0,16021400.0,,,22476000.0,0.0,534400.0,,,,4522200.0,,2757200.0,0.0,16824000.0,0.0,,16968600.0,147660,0.0,39131600.0,0.0,66179000.0,,45066500.0,,82143900.0,,97934000.0,,6201900.0,,0.0,,14495500.0,0.0,44446900.0,,106506.0,76444200.0,0.0,23735600.0,0,149550000.0,,12471200.0,0.0,47837800.0,0.0,36844400.0,,43.0,8961300.0,0.0,1315300.0,0.0,3075600.0,25321.0,0.0,61840100.0,0.0,,10371600.0,,34793200.0,0.0,,0.0,49668000.0,,2780600.0,,26739700.0,0.0,26903000.0,0.0,,,812000.0,,148.0,,,,46077500.0,0.0,14877600.0,1590.0,15030200.0,0.0,5414800.0,,52741300.0,,88508100.0,,6698500.0,0.0,57401800.0,0.0,77759570.0,,62212400.0,,53934400.0,,74579700.0,,8636100.0,,72800.0,,406700.0,,0.0,7025300.0,,2143000.0,,105261200.0,,30138800.0,,14769500.0,,2851200.0,,8782800.0,,36925650.0,,14682100.0,,595900.0,0.0,11824500.0,0.0,5355200.0,0.0,7050200.0,,6305000.0,0,11717600.0,,102681100.0,,20384700.0,,,,12268600.0,,28221700.0,0.0,,,0.0,,3265300.0,
2026-06-26,7467492.0,1567612.0,39735951.0,1305633.0,1473699.0,851169.0,2018400.0,29479487.0,31872909.0,50942375.0,191622768.0,35281098.0,84453570.0,2498233.0,19699634.0,20188200.0,0.0,261775500.0,,9172100.0,0.0,6564800.0,,28138600.0,0.0,52705100.0,,248372100.0,,3426500.0,,7718200.0,0.0,2840000.0,0.0,22244800.0,0.0,34839300.0,0.0,16753300.0,0.0,18307600.0,,,,57203700.0,,232611400.0,,66502800.0,0.0,843200.0,,510500.0,,7250800.0,,0.0,,,7488100.0,,595561.0,19425.0,13948500.0,,10659000.0,0.0,8736100.0,0.0,0.0,249316.0,7103900.0,0.0,10494700.0,,230.0,8239200.0,0,14419000.0,,38637200.0,0.0,21267900.0,,13329200.0,0.0,47706000.0,0.0,51641400.0,0.0,,,10833000.0,0.0,13921400.0,,16724400.0,0.0,59400800.0,,5497200.0,0.0,4060800.0,0.0,7586900.0,303732,17108200.0,0.0,20641300.0,0.0,10063300.0,,9059100.0,0.0,10227000.0,,1431.0,3654200.0,0.0,,45397500.0,0.0,5703100.0,,114706300.0,,4008500.0,,,7771700.0,,16018.0,21434500.0,0.0,,,44936800.0,,36793900.0,0.0,,9719900.0,0.0,99475400.0,0.0,2157700.0,,50929300.0,0.0,39832500.0,0.0,17640900.0,0.0,21394400.0,0.0,53357500.0,,,18446000.0,0.0,365500.0,,,,9122000.0,,7725800.0,0.0,19733700.0,0.0,,18867700.0,1012979,0.0,41986200.0,0.0,186201600.0,,45680000.0,,86405300.0,,68414000.0,,3069300.0,,0.0,,13155000.0,0.0,74990300.0,,171611.0,142843700.0,0.0,27314900.0,0,179304100.0,,20136400.0,0.0,123720600.0,0.0,36532100.0,,23.0,8269800.0,0.0,767400.0,0.0,3864900.0,26224.0,6980.0,61360500.0,0.0,,33246300.0,,37128900.0,0.0,,0.0,47081800.0,,6325800.0,,42591500.0,0.0,34394200.0,0.0,,,1178000.0,,25322.0,,,,48554500.0,0.0,12728300.0,266.0,16867100.0,0.0,25607000.0,,40180700.0,,90629000.0,,5312300.0,0.0,51987400.0,0.0,68801770.0,,126932900.0,,71034000.0,,70343200.0,,6307900.0,,135000.0,,195600.0,,0.0,11486400.0,,1719300.0,,70427700.0,,53434100.0,,17974100.0,,6491700.0,,29822600.0,,37185960.0,,64581200.0,,353000.0,0.0,17077500.0,0.0,4600300.0,0.0,16717400.0,,21988200.0,0,23404400.0,,80470200.0,,36636000.0,,,,11014400.0,,19025200.0,0.0,,,0.0,,3881900.0,
2026-06-27,,,,,,,,,,,,,,,,,0.0,,,,0.0,,,,0.0,,,,,,,,0.0,,0.0,,0.0,,0.0,,0.0,,,,,,,,,,0.0,,,,,,,0.0,,,,,598095.0,,,,,0.0,,0.0,0.0,,,0.0,,,,,24,,,,0.0,,,,0.0,,0.0,,0.0,,,,0.0,,,,0.0,,,,0.0,,0.0,,312908,,0.0,,0.0,,,,0.0,,,,,0.0,,,0.0,,,,,,,,,,,,0.0,,,,,,0.0,,,0.0,,0.0,,,,0.0,,0.0,,0.0,,0.0,,,,,0.0,,,,,,,,0.0,,0.0,,,280594,0.0,,0.0,,,,,,,,,,,0.0,,,0.0,,,,,0.0,,0,,,,0.0,,0.0,,,,,0.0,,0.0,,26818.0,,,0.0,,,,,0.0,,0.0,,,,,,0.0,,0.0,,,,,,,,,,0.0,,18.0,,0.0,,,,,,,,0.0,,0.0,,,,,,,,,,,,,,,0.0,,,,,,,,,,,,,,,,,,,,0.0,,0.0,,0.0,,,,0,,,,,,,,,,,,0.0,,,0.0,,,
2026-06-28,,,,,,,,,,,,,,,,,0.0,,,,0.0,,,,0.0,,,,,,,,0.0,,0.0,,0.0,,0.0,,0.0,,,,,,,,,,0.0,,,,,,,0.0,,,,,596620.0,,,,,0.0,,0.0,0.0,,,0.0,,,,,0,,,,0.0,,,,0.0,,0.0,,0.0,,,,0.0,,,,0.0,,,,0.0,,0.0,,289665,,0.0,,0.0,,,,0.0,,,,,0.0,,,0.0,,,,,,,,,,,,0.0,,,,,,0.0,,,0.0,,0.0,,,,0.0,,0.0,,0.0,,0.0,,,,,0.0,,,,,,,,0.0,,0.0,,,100300,0.0,,0.0,,,,,,,,,,,0.0,,,0.0,,,,,0.0,,747,,,,0.0,,0.0,,,,,0.0,,0.0,,25122.0,,,0.0,,,,,0.0,,0.0,,,,,,0.0,,0.0,,,,,,,,,,0.0,,587.0,,0.0,,,,,,,,0.0,,0.0,,,,,,,,,,,,,,,0.0,,,,,,,,,,,,,,,,,,,,0.0,,0.0,,0.0,,,,0,,,,,,,,,,,,0.0,,,0.0,,,
2026-06-29,5217788.0,1190842.0,35436521.0,794289.0,1093200.0,938008.0,1599058.0,22249173.0,33066070.0,35817124.0,206092162.0,35289911.0,79469292.0,3230501.0,14026757.0,10321900.0,0.0,66427000.0,,7527300.0,0.0,6331400.0,,14165300.0,0.0,26671000.0,,77619200.0,,5300300.0,,8388000.0,0.0,1760500.0,0.0,33358000.0,0.0,24285200.0,0.0,6465300.0,0.0,21078900.0,,,,17520600.0,,252680100.0,,36386200.0,0.0,712600.0,,1614900.0,,5200700.0,,0.0,,,5104200.0,,598209.0,8613.0,3146900.0,,13285400.0,0.0,4074900.0,0.0,0.0,170488.0,7860000.0,0.0,7141100.0,,,2450000.0,0,9184700.0,,10111500.0,0.0,12664100.0,,19759200.0,0.0,21976900.0,0.0,22447200.0,0.0,,,8818500.0,0.0,10418100.0,,11266900.0,0.0,64700500.0,,2046800.0,0.0,6358900.0,0.0,5754900.0,157910,13495700.0,0.0,11718000.0,0.0,5994800.0,,10243000.0,0.0,1420900.0,,785.0,3180500.0,0.0,,24307500.0,0.0,4060300.0,,34213900.0,,1887200.0,,,5786500.0,,11357.0,14063900.0,0.0,,,20681600.0,,17151600.0,0.0,,6464200.0,0.0,106805300.0,0.0,3046600.0,,34318400.0,0.0,24834100.0,0.0,7981800.0,0.0,14628600.0,0.0,15015800.0,,,21584000.0,0.0,950200.0,,,,5604200.0,,3684700.0,0.0,14049600.0,0.0,,15011400.0,92674,0.0,31749200.0,0.0,51229900.0,,44931500.0,,60694100.0,,78064000.0,,5536200.0,0.0,0.0,,14299200.0,0.0,42429600.0,,153806.0,97835000.0,0.0,25023100.0,2798,148835700.0,,9324100.0,0.0,58289300.0,0.0,34310300.0,,10.0,10334700.0,0.0,1328400.0,0.0,2486300.0,28058.0,1716.0,45017400.0,0.0,,16684300.0,,21599500.0,0.0,,0.0,44939100.0,,3132800.0,,38775800.0,0.0,42899300.0,0.0,,,1712500.0,,3617.0,,,,91157900.0,0.0,10473900.0,1579.0,11251000.0,0.0,8381900.0,,46439800.0,,76797600.0,,5546200.0,0.0,48952600.0,0.0,77876610.0,,81443100.0,,58035200.0,,72454800.0,0.0,7537200.0,,107400.0,,436100.0,,0.0,5089100.0,,2288100.0,,79128400.0,0.0,57645800.0,,14881400.0,,3795100.0,,12982600.0,,33533730.0,,26220700.0,,280200.0,0.0,10057300.0,0.0,5123700.0,0.0,11710900.0,,6708600.0,0,11268900.0,,36706200.0,,20367000.0,,,,12227900.0,,25142300.0,0.0,,,0.0,,3220200.0,
2026-06-30,5109213.0,786003.0,29237216.0,1322616.0,822445.0,798942.0,1364895.0,17098232.0,38994409.0,56110661.0,173878074.0,27678291.0,65133829.0,2092894.0,15237645.0,7492800.0,0.0,65100200.0,,6269500.0,0.0,6066600.0,,16461200.0,0.0,34488500.0,,66228300.0,,5594100.0,,6267900.0,0.0,2712600.0,0.0,24185500.0,0.0,28517400.0,0.0,5070600.0,0.0,11816100.0,,,,14490600.0,,186549500.0,,38113000.0,0.0,451700.0,,1820900.0,,5910500.0,,0.0,,,7368600.0,,596974.0,39706.0,3287500.0,,8539000.0,0.0,2445500.0,0.0,0.0,194279.0,4428300.0,0.0,8754500.0,,,2870900.0,0,38127200.0,,8072100.0,0.0,13690500.0,,14752000.0,0.0,18789300.0,0.0,32465500.0,0.0,,,6903800.0,0.0,12717800.0,,10951200.0,0.0,37613100.0,,2881200.0,0.0,3669900.0,0.0,6311800.0,238622,16575600.0,0.0,13558600.0,0.0,5173700.0,,9118000.0,0.0,899100.0,,1108.0,3096200.0,0.0,,22702200.0,0.0,4358900.0,,35237200.0,,3162800.0,,,4579000.0,,1742.0,13416800.0,0.0,,,17220700.0,,19933200.0,0.0,,7458400.0,0.0,116996700.0,0.0,3647800.0,,28300000.0,0.0,23230300.0,0.0,8080100.0,0.0,19909300.0,0.0,16422100.0,,,12458000.0,0.0,1047800.0,,,,4246600.0,,3723600.0,0.0,16885100.0,0.0,,18111100.0,504941,0.0,37520100.0,0.0,44945700.0,,35676600.0,,42152600.0,,42110000.0,,5448200.0,0.0,0.0,,12870300.0,0.0,49240900.0,,207986.0,53067500.0,0.0,19433300.0,0,166476700.0,,8579300.0,0.0,81521100.0,0.0,35926900.0,,0.0,9634200.0,0.0,1724400.0,0.0,3928900.0,25744.0,44.0,38069700.0,0.0,,14229600.0,,22056100.0,0.0,,0.0,42121800.0,,2477800.0,,31373700.0,0.0,32812600.0,0.0,,,3619600.0,,1886.0,,,,56264000.0,0.0,9406900.0,1577.0,11454300.0,0.0,4689000.0,,40421600.0,,74330600.0,,5628000.0,0.0,36721000.0,0.0,58521310.0,,82047500.0,,55626000.0,,56647900.0,0.0,5220100.0,,96600.0,,547700.0,,0.0,5022400.0,,3286900.0,,58466200.0,0.0,43385600.0,,15074300.0,,3116300.0,,10944300.0,,23174830.0,,27806100.0,,287500.0,0.0,9009300.0,0.0,4261700.0,0.0,7957900.0,,7742500.0,0,9277300.0,,30055800.0,,23034000.0,,,,9017700.0,,28284000.0,0.0,,,0.0,,3824000.0,
2026-07-01,4277276.0,848321.0,24968382.0,989538.0,1015743.0,1518635.0,1449121.0,16469581.0,,,,27155710.0,,,,6477800.0,0.0,50164200.0,,5863800.0,0.0,5834800.0,,16089200.0,0.0,28326800.0,,53829900.0,,5920100.0,,5064700.0,0.0,2584700.0,0.0,18219300.0,0.0,23712600.0,0.0,6297100.0,0.0,11888600.0,,,,16354900.0,,228243400.0,,40513300.0,0.0,205800.0,,1383800.0,,4101300.0,,0.0,17370300.0,,5555900.0,,597105.0,37629.0,3914100.0,,8657100.0,0.0,2042900.0,0.0,0.0,200004.0,4316200.0,0.0,11992300.0,,,2909700.0,274,24659200.0,,7941300.0,0.0,14164600.0,,10740400.0,0.0,60851900.0,0.0,32016000.0,0.0,,,6027600.0,0.0,11590400.0,,9375300.0,0.0,72237500.0,,2683500.0,0.0,8458300.0,0.0,4323400.0,311327,28567200.0,0.0,17173100.0,0.0,4560000.0,,8362700.0,0.0,3065400.0,,770.0,2359600.0,0.0,,22393500.0,0.0,4476000.0,,26736400.0,,1735000.0,,,4041300.0,,1240.0,28032100.0,0.0,,,28100600.0,,20470800.0,0.0,,6905800.0,0.0,113107200.0,0.0,3574100.0,,41807500.0,0.0,20607900.0,0.0,15210200.0,0.0,24163600.0,0.0,21734800.0,,,36214000.0,0.0,897600.0,,,,4202800.0,,2720400.0,0.0,18699300.0,0.0,,45536300.0,118367,0.0,33822700.0,0.0,48065800.0,,34687100.0,,51328100.0,,67104000.0,,5091200.0,0.0,0.0,,30684800.0,0.0,43841800.0,,122894.0,55823800.0,0.0,26458600.0,18808,146147600.0,,11248400.0,0.0,88565900.0,0.0,45964000.0,,0.0,7265500.0,0.0,1138000.0,0.0,3186300.0,25375.0,12.0,58561300.0,0.0,,22969600.0,,23313200.0,0.0,,0.0,40803800.0,,8763500.0,,26987000.0,0.0,21668000.0,0.0,,,2208000.0,,367.0,,,,52034200.0,0.0,13424700.0,1661.0,11056500.0,0.0,5099000.0,,45900600.0,,81179900.0,,4725200.0,0.0,60156300.0,0.0,68950380.0,,109317600.0,,47100900.0,,47904300.0,0.0,2768900.0,,83200.0,,463500.0,,0.0,5465800.0,,3504500.0,,63348200.0,0.0,40127900.0,,18534800.0,,2305200.0,,8737100.0,,23531510.0,,12648000.0,,479400.0,0.0,13421900.0,0.0,4847700.0,0.0,13025900.0,,6259800.0,0,7934200.0,,30143600.0,,40391400.0,,,,7575200.0,,33662700.0,0.0,,,0.0,,3564600.0,
2026-07-02,7685914.0,1252976.0,38905074.0,917276.0,1162498.0,1450445.0,2074211.0,24238689.0,40905100.0,54587338.0,222813169.0,31762024.0,68122830.0,3051888.0,15662540.0,15986500.0,0.0,75352800.0,,7903100.0,0.0,7247100.0,,15071700.0,0.0,28142500.0,,48246400.0,,5996900.0,,7553900.0,0.0,2699100.0,0.0,15940200.0,0.0,26749500.0,0.0,10219800.0,0.0,11744600.0,,,,15724900.0,,205888400.0,,40996900.0,0.0,261500.0,,873600.0,,4386500.0,,0.0,7301600.0,,3603300.0,,594630.0,0.0,3568600.0,,6233900.0,0.0,2153800.0,0.0,0.0,183635.0,6965900.0,0.0,9656000.0,,,2785800.0,1515,17683500.0,,9047500.0,0.0,10486300.0,,10423900.0,0.0,32579500.0,0.0,24251000.0,0.0,,,6611600.0,0.0,11297800.0,,7359500.0,0.0,98441100.0,,2204500.0,0.0,7934600.0,0.0,5816500.0,314327,31638400.0,0.0,19430500.0,0.0,6566100.0,,10389600.0,0.0,2246100.0,,228.0,2360300.0,0.0,,21142600.0,0.0,4574300.0,,25974800.0,,1543500.0,,,3110500.0,,1080.0,16444200.0,0.0,,,41152400.0,,18968400.0,0.0,,5944100.0,0.0,124577600.0,0.0,5644200.0,,60144900.0,0.0,21178900.0,0.0,8413900.0,0.0,23622500.0,0.0,18308400.0,,,48652000.0,0.0,1754200.0,0.0,,,5217800.0,,3296100.0,0.0,18954700.0,0.0,,21705900.0,118944,0.0,38435900.0,0.0,42128900.0,,34625800.0,,61316900.0,,77318000.0,,5425800.0,0.0,0.0,,24804700.0,0.0,55456500.0,,137589.0,77939100.0,0.0,20227500.0,0,142068700.0,,12069100.0,0.0,86849000.0,0.0,44166700.0,,0.0,7697700.0,0.0,605000.0,0.0,3960000.0,27630.0,8.0,60641000.0,0.0,,14785400.0,,18661200.0,0.0,,0.0,50959800.0,,4460800.0,,78212500.0,0.0,22180300.0,0.0,,,2602200.0,,197.0,,,,42742400.0,0.0,21288600.0,1582.0,17259300.0,0.0,8093200.0,,93292200.0,,81161600.0,,5584700.0,0.0,91060900.0,0.0,93091920.0,,61257100.0,,57447800.0,,71536700.0,0.0,2870200.0,,103800.0,,704000.0,,0.0,5932300.0,0.0,2944000.0,,87308500.0,0.0,73717700.0,,18375000.0,,2033700.0,0.0,9766000.0,,33090830.0,,14087900.0,,361800.0,0.0,14155200.0,0.0,6548600.0,0.0,9814800.0,,5898700.0,0,8925700.0,,30408700.0,,29512200.0,,,,9683200.0,,28525600.0,0.0,,,0.0,,3514100.0,
2026-07-03,7984914.0,968532.0,31520538.0,1180205.0,1111357.0,824813.0,1441814.0,25609740.0,24957296.0,95345163.0,268232162.0,32861791.0,33741448.0,3661525.0,9866611.0,,0.0,,,,0.0,,,,0.0,,,,,,,,0.0,,0.0,,0.0,,0.0,,0.0,,,,,,,,,,0.0,,,,,,,0.0,,,,,594115.0,,,,,0.0,,0.0,0.0,,,0.0,,,,,0,,,,0.0,,,,0.0,,0.0,,0.0,,,,0.0,,,,0.0,,,,0.0,,0.0,,183165,,0.0,,0.0,,,,0.0,,,,,0.0,,,0.0,,,,,,,,,,,,0.0,,,,,,0.0,,,0.0,,0.0,,,,0.0,,0.0,,0.0,,0.0,,,,,0.0,,0.0,,,,,,0.0,,0.0,,,75936,0.0,,0.0,,,,,,,,,,0.0,0.0,,,0.0,,,,,0.0,,0,,,,0.0,,0.0,,,,,0.0,,0.0,,25800.0,,,0.0,,,,,0.0,,0.0,,,,,,0.0,,0.0,,,,,,,,,,0.0,,1582.0,,0.0,,,,,,,,0.0,,0.0,,,,,,,,0.0,,,,,,,0.0,,0.0,,,,0.0,,,,,,0.0,,,,,,,,0.0,,0.0,,0.0,,,,0,,,,,,,,,,,,0.0,,,0.0,,,
2026-07-04,,,,,,,,,,,,,,,,,0.0,,,,0.0,,,,0.0,,,,,,,,0.0,,0.0,,0.0,,0.0,,0.0,,,,,,,,,,0.0,,,,,,,0.0,,,,,594719.0,,,,,0.0,,0.0,0.0,,,0.0,,,236.0,,157,,,,0.0,,,,0.0,,0.0,,0.0,,,,0.0,,,,0.0,,,,0.0,,0.0,,132047,,0.0,,0.0,,,,0.0,,,,,0.0,,,0.0,,,,,,,,,,,,0.0,,,,,,0.0,,,0.0,,0.0,,,,0.0,,0.0,,0.0,,0.0,,,,,0.0,,0.0,,,,,,0.0,,0.0,,,323171,0.0,,0.0,,,,,,,,,,0.0,0.0,,,0.0,,,,,0.0,,0,,,,0.0,,0.0,,,,,0.0,,0.0,,25363.0,,,0.0,,,,,0.0,,0.0,,,,,,0.0,,0.0,,,,,,,,,,0.0,,1593.0,,0.0,,,,,,,,0.0,,0.0,,,,,,,,0.0,,,,,,,0.0,,0.0,,,,0.0,,,,,,0.0,,,,,,,,0.0,,0.0,,0.0,,,,0,,,,,,,,,,,,0.0,,,0.0,,,
2026-07-05,,,,,,,,,,,,,,,,,0.0,,,,0.0,,,,0.0,,,,,,,,0.0,,0.0,,0.0,,0.0,,0.0,,,,,,,,,,0.0,,,,,,,0.0,,,,,598816.0,,,,,0.0,,0.0,0.0,,,0.0,,,20.0,,389,,,,0.0,,,,0.0,,0.0,,0.0,,,,0.0,,,,0.0,,,,0.0,,0.0,,115290,,0.0,,0.0,,,,0.0,,,,,0.0,,,0.0,,,,,,,,,,,,0.0,,,,,,0.0,,,0.0,,0.0,,,,0.0,,0.0,,0.0,,0.0,,,,,0.0,,0.0,,,,,,0.0,,0.0,,,88594,0.0,,0.0,,,,,,,,,,0.0,0.0,,,0.0,,,,,0.0,,0,,,,0.0,,0.0,,,,,0.0,,0.0,,25358.0,,,0.0,,,,,0.0,,0.0,,,,,,0.0,,0.0,,,,,,,,,,0.0,,1618.0,,0.0,,,,,,,,0.0,,0.0,,,,,,,,0.0,,,,,,,0.0,,0.0,,,,0.0,,,,,,0.0,,,,,,,,0.0,,0.0,,0.0,,,,0,,,,,,,,,,,,0.0,,,0.0,,,
2026-07-06,4235360.0,793947.0,23872879.0,820561.0,686793.0,621690.0,1044645.0,20416755.0,41502083.0,87680557.0,160205588.0,31556610.0,50530384.0,3224092.0,15251047.0,8121000.0,0.0,53590000.0,,4800200.0,0.0,4124500.0,,8622800.0,0.0,30684200.0,,40044000.0,,5798800.0,,5276900.0,0.0,1945000.0,0.0,12128600.0,0.0,24544000.0,0.0,12035200.0,0.0,8948100.0,,,,11624400.0,,361084100.0,,46731000.0,0.0,261400.0,,1012200.0,,4126100.0,,0.0,5714900.0,,3156600.0,,598819.0,46238.0,2441700.0,,4946000.0,0.0,1329600.0,0.0,0.0,229909.0,3258300.0,0.0,6492800.0,,,2327500.0,0,13085900.0,,7501200.0,0.0,10595500.0,,10190000.0,0.0,21929600.0,0.0,22920000.0,0.0,,,7260400.0,0.0,10171900.0,,9557900.0,0.0,43810900.0,,1941700.0,0.0,4369000.0,0.0,5831300.0,110687,16759200.0,0.0,10689700.0,0.0,4619800.0,,6201200.0,0.0,1218400.0,,1024.0,2882900.0,0.0,,11938500.0,0.0,4089800.0,,26915800.0,,1754400.0,,,4460800.0,,1021.0,13739200.0,0.0,,,25587300.0,,16433200.0,0.0,,7181500.0,0.0,86950200.0,0.0,3118800.0,,53915700.0,0.0,18581300.0,0.0,8673500.0,0.0,12130800.0,0.0,18992600.0,,,17674000.0,0.0,473300.0,0.0,,,3805500.0,,2348800.0,0.0,13581700.0,0.0,,17674100.0,163342,0.0,25703100.0,0.0,34224500.0,,27536200.0,,37115800.0,,34906000.0,,3212500.0,0.0,0.0,,14918900.0,0.0,45056600.0,,205853.0,50473500.0,0.0,16524500.0,2459,108999000.0,,12333300.0,0.0,73394200.0,0.0,36683000.0,,0.0,8752700.0,0.0,792700.0,0.0,3014800.0,28544.0,18.0,37360100.0,0.0,,11504700.0,,15510500.0,0.0,,0.0,30220400.0,,5568900.0,,42436300.0,0.0,20511900.0,0.0,,,3056400.0,,69.0,,,,30951900.0,0.0,9820700.0,1592.0,9164200.0,0.0,3900600.0,,41173900.0,,80885300.0,,5016000.0,0.0,42756600.0,0.0,54487490.0,,188831300.0,,50673300.0,,49329800.0,0.0,2316800.0,,67200.0,,199600.0,,0.0,3447000.0,0.0,2117900.0,,54545100.0,0.0,54727900.0,,12788500.0,,1898400.0,0.0,6726400.0,,16533910.0,,15821500.0,,238800.0,0.0,7387900.0,0.0,6154700.0,0.0,11623800.0,,6428200.0,29,7600700.0,,20173100.0,,29523300.0,,,,7470600.0,,24735300.0,0.0,,,0.0,,3402000.0,
2026-07-07,6351195.0,949321.0,32421032.0,1107652.0,1077802.0,573842.0,1826162.0,23459803.0,55418434.0,451841317.0,202757349.0,29286443.0,117135979.0,3157752.0,8587037.0,9265800.0,0.0,42490000.0,,8615000.0,0.0,7181700.0,,12552400.0,0.0,29166800.0,,40579600.0,,4995100.0,,7269600.0,0.0,1863900.0,0.0,13093000.0,0.0,24116700.0,0.0,8360700.0,0.0,10204200.0,,,,11188700.0,,402717100.0,,32607800.0,0.0,176600.0,,710200.0,,3761400.0,,0.0,2431800.0,,3778800.0,,0.0,58154.0,3810200.0,,4827200.0,0.0,1815700.0,0.0,0.0,264072.0,5475000.0,0.0,4869400.0,,,1940200.0,0,8443800.0,,7836100.0,0.0,13057900.0,,9551200.0,0.0,23450300.0,0.0,16650900.0,0.0,,,7050100.0,0.0,9936400.0,,8864300.0,0.0,76703600.0,,2255500.0,0.0,6034200.0,0.0,5173300.0,184202,23664100.0,0.0,13776800.0,0.0,4729900.0,,9320000.0,0.0,1473300.0,,53.0,4223700.0,0.0,,13482800.0,0.0,4749600.0,,24045600.0,,1353500.0,,,3592800.0,,603.0,12296600.0,0.0,,,21833500.0,,16467600.0,0.0,,8618600.0,0.0,140405900.0,0.0,5174700.0,,42364000.0,0.0,18057100.0,0.0,7115800.0,0.0,17710900.0,0.0,17835200.0,,,29074000.0,0.0,680300.0,0.0,,,3750800.0,,2933800.0,0.0,15530600.0,0.0,,18560800.0,62761,0.0,36163800.0,0.0,29297500.0,,18218000.0,,52367500.0,,58922000.0,,4090600.0,0.0,0.0,,17160800.0,0.0,33257300.0,,172662.0,69554100.0,0.0,22339400.0,0,124154600.0,,12222700.0,0.0,60122300.0,0.0,47200000.0,,0.0,8775700.0,0.0,1666700.0,0.0,7603700.0,25873.0,0.0,52570400.0,0.0,,10213900.0,,16253600.0,0.0,,0.0,42483100.0,,4133900.0,,91175900.0,0.0,26177000.0,0.0,,,1962000.0,0.0,124.0,,,,38985400.0,0.0,14619200.0,942.0,14530800.0,0.0,5538400.0,,87136600.0,,77716400.0,,4637000.0,0.0,78957300.0,0.0,69078340.0,,83779700.0,,43721500.0,,59058000.0,0.0,1490200.0,,85700.0,,313600.0,,0.0,6405400.0,0.0,3285800.0,,70992900.0,0.0,38149900.0,,14898400.0,,2058900.0,0.0,8287400.0,,28212050.0,,15615600.0,,911200.0,0.0,14191400.0,0.0,9392200.0,0.0,7332500.0,,5986600.0,0,7993500.0,,14062100.0,,19941400.0,,,,9548200.0,,41833600.0,0.0,,,0.0,,2472800.0,
2026-07-08,6975631.0,917535.0,33525758.0,1209425.0,1090495.0,795509.0,3314380.0,28898857.0,56278627.0,147081538.0,409721593.0,31732800.0,72737280.0,3167210.0,17778166.0,6289000.0,0.0,41323500.0,,4508400.0,0.0,3473500.0,,7535700.0,0.0,23768500.0,,29653000.0,,4826900.0,,6128700.0,0.0,1424500.0,0.0,9520300.0,0.0,31624100.0,0.0,7390000.0,0.0,38869300.0,,,,19197800.0,,273172100.0,,28393100.0,0.0,125000.0,,588300.0,,4429600.0,,0.0,3136400.0,,3270000.0,,0.0,96042.0,2741500.0,,3367200.0,0.0,1826200.0,0.0,0.0,445251.0,3873700.0,0.0,4738700.0,,,1645500.0,0,8525600.0,,5727300.0,0.0,9792400.0,,7980600.0,0.0,23876900.0,0.0,18314100.0,0.0,,,9774300.0,0.0,8720800.0,,9810700.0,0.0,69855600.0,,2333700.0,0.0,5290600.0,0.0,7593000.0,266290,23158900.0,0.0,15224500.0,0.0,4411400.0,,15436200.0,0.0,1317100.0,,292.0,2804200.0,0.0,,8371300.0,0.0,3680700.0,,22094800.0,,1699000.0,,,4192300.0,,649.0,12576300.0,0.0,,,18287200.0,,18384700.0,0.0,,7416700.0,0.0,105488100.0,0.0,5210000.0,,34991000.0,0.0,24078400.0,0.0,18505200.0,0.0,13082600.0,0.0,14160000.0,,,49478000.0,0.0,703500.0,0.0,,,2586200.0,,2608600.0,0.0,8029400.0,0.0,,13606500.0,1250787,0.0,25541800.0,0.0,25908300.0,,17801100.0,,42979000.0,,47656000.0,,2974300.0,0.0,0.0,,17925700.0,0.0,34373500.0,,158732.0,58184800.0,0.0,15069400.0,0,147419100.0,,9137800.0,0.0,61771900.0,0.0,34607300.0,,0.0,9443700.0,0.0,815800.0,0.0,13797400.0,25460.0,3.0,40587800.0,0.0,,9601100.0,,10306800.0,0.0,,0.0,35603200.0,,2823800.0,,110859000.0,0.0,19194500.0,0.0,,,1764500.0,0.0,326.0,,,,37264400.0,0.0,9521300.0,12.0,12048600.0,0.0,4709000.0,,69917500.0,,90231100.0,,4961400.0,0.0,63175900.0,0.0,84320550.0,,60949400.0,,43767400.0,,65536300.0,0.0,1306200.0,,55300.0,,568800.0,,0.0,3194200.0,0.0,4100600.0,,70748500.0,0.0,33844900.0,,11411200.0,,1543900.0,0.0,6535400.0,,34364440.0,,12612900.0,,503400.0,0.0,9332500.0,0.0,9808800.0,0.0,10215200.0,,4425200.0,0,6870000.0,,13413300.0,,19892000.0,,,,10792500.0,,39741400.0,0.0,,,0.0,,3735500.0,
2026-07-09,6261504.0,1131600.0,29703616.0,981955.0,1207585.0,1361588.0,2127439.0,25543395.0,42402152.0,71767191.0,348613728.0,35888423.0,55805531.0,5175659.0,12088570.0,9211800.0,0.0,48124500.0,,4552900.0,0.0,3792700.0,,14418000.0,0.0,26900800.0,,38091700.0,,4706800.0,,7096500.0,0.0,1547400.0,0.0,10675600.0,0.0,28074000.0,0.0,7838500.0,0.0,14110600.0,,,,10512100.0,,326987000.0,,21063300.0,0.0,240100.0,,548700.0,,3393300.0,,0.0,2992100.0,,4327400.0,,0.0,47817.0,3521200.0,,4895300.0,0.0,2045400.0,0.0,0.0,264009.0,4158600.0,0.0,4755700.0,,,4545200.0,0,9366300.0,,6959200.0,0.0,13858600.0,,6283500.0,0.0,24829300.0,0.0,21293400.0,0.0,,,7928000.0,0.0,11448100.0,,13732600.0,0.0,73906300.0,,2223000.0,0.0,5664800.0,0.0,5557800.0,285587,20468800.0,0.0,15883000.0,0.0,4142100.0,,10475800.0,0.0,856900.0,,13.0,2327800.0,0.0,,9939200.0,0.0,2625100.0,,24729100.0,,1241800.0,,,2780800.0,,663.0,9262800.0,0.0,,,18718800.0,,26431400.0,0.0,,10842000.0,0.0,99352500.0,0.0,4368400.0,,38622400.0,0.0,16466800.0,0.0,15570600.0,0.0,13066400.0,0.0,15782500.0,,,34666000.0,0.0,1087600.0,0.0,,,5520000.0,,2088100.0,0.0,12119700.0,0.0,,26579700.0,134307,0.0,21245300.0,0.0,31083200.0,,13822800.0,,41110700.0,,51772000.0,,3350800.0,0.0,0.0,,13994700.0,0.0,36305700.0,,240595.0,97810600.0,0.0,14241400.0,0,132037400.0,,5458500.0,0.0,83193500.0,0.0,35221900.0,,0.0,8537400.0,0.0,674900.0,0.0,9675100.0,25293.0,24.0,35286100.0,0.0,,9104900.0,,12895200.0,0.0,,0.0,33654700.0,,2248700.0,,84068800.0,0.0,17866200.0,0.0,,,2079500.0,0.0,192.0,,,,33573100.0,0.0,9045100.0,,13359300.0,0.0,3702700.0,,64138800.0,,70443100.0,,3858900.0,0.0,52530500.0,0.0,68417330.0,,46468600.0,,41441700.0,,49639000.0,0.0,1189800.0,,105200.0,,307100.0,,0.0,3708100.0,0.0,2843800.0,,51726600.0,0.0,37835000.0,,11455600.0,,2375700.0,0.0,6228700.0,,16700710.0,,9895500.0,,348600.0,0.0,8317800.0,0.0,5145400.0,0.0,6606300.0,,3946300.0,0,6868500.0,,10047700.0,,20464500.0,,,,7532000.0,,21770700.0,0.0,,,0.0,,3109500.0,
2026-07-10,4827239.0,654103.0,20088811.0,875317.0,725383.0,793613.0,1319871.0,21935200.0,40440298.0,53347938.0,254498794.0,42326242.0,38059821.0,8594246.0,10719376.0,6738000.0,0.0,34132300.0,,3206800.0,0.0,2161500.0,,6279300.0,0.0,20704500.0,,31654000.0,,3493300.0,,2770900.0,0.0,1218400.0,0.0,7403600.0,0.0,14595900.0,0.0,7632600.0,0.0,16162200.0,,,,14888300.0,,270779400.0,,28702300.0,0.0,518200.0,,259300.0,,2736900.0,,0.0,1495000.0,,2568800.0,,0.0,39537.0,1959400.0,,5289100.0,0.0,1282900.0,0.0,0.0,219817.0,4030200.0,0.0,6133900.0,,71.0,2102300.0,0,36802100.0,,3977000.0,0.0,8321500.0,,9269800.0,0.0,12714000.0,0.0,26178700.0,0.0,,,5146800.0,0.0,10678900.0,,7721600.0,0.0,64704700.0,,2224600.0,0.0,3208500.0,0.0,8625300.0,256186,20040000.0,0.0,32977800.0,0.0,2723700.0,,8271000.0,0.0,1104300.0,0.0,389.0,1738800.0,0.0,,5357500.0,0.0,1846400.0,,18146100.0,,1110600.0,,,2748000.0,,561.0,11853700.0,0.0,,,25930200.0,,19441200.0,0.0,,3640100.0,0.0,70846600.0,0.0,2731900.0,0.0,30169800.0,0.0,15888500.0,0.0,6299000.0,0.0,7447800.0,0.0,10694600.0,,,25092000.0,0.0,504600.0,0.0,,,3675800.0,,2010200.0,0.0,6890900.0,0.0,,40608900.0,85323,0.0,15106000.0,0.0,24644600.0,,16284500.0,,31768100.0,,32710000.0,,1745200.0,0.0,0.0,,11490500.0,0.0,46713900.0,,187170.0,50198800.0,0.0,11096900.0,0,148421000.0,,6317800.0,0.0,67208000.0,0.0,29843300.0,,0.0,4679200.0,0.0,654800.0,0.0,6299900.0,25205.0,0.0,31163000.0,0.0,,10639400.0,,7064000.0,0.0,,0.0,26415900.0,,3756500.0,,40150500.0,0.0,14591800.0,0.0,,,1350600.0,0.0,73.0,107674700.0,0.0,,25067100.0,0.0,6608400.0,,11022700.0,0.0,4144600.0,,50350600.0,0.0,91658700.0,0.0,4625400.0,0.0,37626300.0,0.0,52604710.0,,46826000.0,,42191300.0,,46502400.0,0.0,1249500.0,,70600.0,,176900.0,,0.0,1571900.0,0.0,2205000.0,,46034400.0,0.0,33410000.0,,9595100.0,,2249100.0,0.0,4141500.0,,21169790.0,,9766800.0,,515800.0,0.0,5936800.0,0.0,7603500.0,0.0,4702800.0,,3001200.0,0,4814100.0,,7508500.0,,12461700.0,,,,12260000.0,,22974700.0,0.0,,,0.0,,2732600.0,
2026-07-11,,,,,,,,,,,,,,,,,0.0,,,,0.0,,,,0.0,,,,,,,,0.0,,0.0,,0.0,,0.0,,0.0,,,,,,,,,,0.0,,,,,,,0.0,,,,,0.0,,,,,0.0,,0.0,0.0,,,0.0,,,,,7,,,,0.0,,,,0.0,,0.0,,0.0,,,,0.0,,,,0.0,,,,0.0,,0.0,,215086,,0.0,,0.0,,,,0.0,,0.0,,,0.0,,,0.0,,,,,,,,,,,,0.0,,,,,,0.0,,,0.0,,0.0,,0.0,,0.0,,0.0,,0.0,,0.0,,,,,0.0,,0.0,,,,,,0.0,,0.0,,,34576,0.0,,0.0,,,,,,,,,,0.0,0.0,,,0.0,,,,,0.0,,1442,,,,0.0,,0.0,,,,,0.0,,0.0,,25098.0,,,0.0,,,,,0.0,,0.0,,,,,,0.0,,0.0,,,,0.0,,,0.0,,,0.0,,787.0,,0.0,,,,0.0,,,,0.0,,0.0,,,,,,,,0.0,,,,,,,0.0,,0.0,,,,0.0,,,,,,0.0,,,,,,,,0.0,,0.0,,0.0,,,,0,,,,,,,,143.0,,,,0.0,,,0.0,,,
2026-07-12,,,,,,,,,,,,,,,,,0.0,,,,0.0,,,,0.0,,,,,,,,0.0,,0.0,,0.0,,0.0,,0.0,,,,,,,,,,0.0,,,,,,,0.0,,,,,0.0,,,,,0.0,,0.0,0.0,,,0.0,,,,,0,,,,0.0,,,,0.0,,0.0,,0.0,,,,0.0,,,,0.0,,,,0.0,,0.0,,282200,,0.0,,0.0,,,,0.0,,0.0,,,0.0,,,0.0,,,,,,,,,,,,0.0,,,,,,0.0,,,0.0,,0.0,,0.0,,0.0,,0.0,,0.0,,0.0,,,,,0.0,,0.0,,,,,,0.0,,0.0,,,39375,0.0,,0.0,,,,,,,,,,0.0,0.0,,,0.0,,,,,0.0,,0,,,,0.0,,0.0,,,,,0.0,,0.0,,25150.0,,,0.0,,,,,0.0,,0.0,,,,,,0.0,,0.0,,,,0.0,,,0.0,,,0.0,,1597.0,,0.0,,,,0.0,,,,0.0,,0.0,,,,,,,,0.0,,,,,,,0.0,,0.0,,,,0.0,,,,,,0.0,,,,,,,,0.0,,0.0,,0.0,,,,0,,,,,,,,,,,,0.0,,,0.0,,,
2026-07-13,8040043.0,874265.0,31882652.0,1321694.0,757031.0,634267.0,2664002.0,28358089.0,24291842.0,70461507.0,206564861.0,34452091.0,40167927.0,8651006.0,12460614.0,6599200.0,0.0,43257800.0,,4624000.0,0.0,6286100.0,,7561700.0,0.0,22957400.0,,34636100.0,,10345900.0,,5301100.0,0.0,1419800.0,0.0,13047700.0,0.0,21294500.0,0.0,12456100.0,0.0,9559900.0,,,,10068600.0,,277275900.0,,26297000.0,0.0,309700.0,,285500.0,,3228900.0,,0.0,3556100.0,,3250200.0,,0.0,61577.0,1991000.0,,3500300.0,0.0,1220500.0,0.0,0.0,327411.0,3218900.0,0.0,5418100.0,,,2373300.0,0,12888800.0,,6736600.0,0.0,14020700.0,,6475300.0,0.0,18630100.0,0.0,17569200.0,0.0,,,4661700.0,0.0,9304200.0,,13615600.0,0.0,79517600.0,,2393800.0,0.0,3741200.0,0.0,8317700.0,167883,35909600.0,0.0,23496500.0,0.0,2781200.0,,7778400.0,0.0,780300.0,0.0,679.0,2258500.0,0.0,,7620500.0,0.0,2917400.0,,15901700.0,,1799500.0,,,3650400.0,,560.0,9410600.0,0.0,,,18222400.0,,18393400.0,0.0,,5024200.0,0.0,100988800.0,0.0,2848600.0,0.0,36157700.0,0.0,19375500.0,0.0,7120300.0,0.0,9947500.0,0.0,12085800.0,,,43306000.0,0.0,736700.0,0.0,,,3694400.0,,2072700.0,0.0,9770500.0,0.0,,19840700.0,50216,0.0,25615300.0,0.0,28914900.0,,12682300.0,,35536200.0,,35314000.0,,2997300.0,0.0,0.0,,10842300.0,0.0,35101800.0,,137746.0,103877800.0,0.0,16607300.0,1331,121411000.0,,7420400.0,0.0,107522300.0,0.0,56690300.0,,0.0,5374800.0,0.0,1723900.0,0.0,4019000.0,25127.0,0.0,39786500.0,0.0,,20294200.0,,13007300.0,0.0,,0.0,36552400.0,,4372100.0,,24217300.0,0.0,18864700.0,0.0,,,2411500.0,0.0,589.0,57284300.0,0.0,,22796300.0,0.0,8736500.0,1608.0,13900700.0,0.0,4195400.0,,69792900.0,0.0,97671600.0,,4657000.0,0.0,52686700.0,0.0,61337190.0,,71456500.0,,44013600.0,,49556900.0,0.0,920300.0,,68300.0,,248500.0,,0.0,3105000.0,0.0,2633600.0,,63317500.0,0.0,32809200.0,,14329800.0,,1252300.0,0.0,7559500.0,,20042100.0,,12458500.0,,629200.0,0.0,9208700.0,0.0,9132400.0,0.0,9964600.0,,3720300.0,0,4780800.0,,12607100.0,,17043400.0,,,,11350500.0,,41200900.0,0.0,,,0.0,,3180500.0,
2026-07-14,10447011.0,1300166.0,40086496.0,1471004.0,946614.0,947589.0,1853525.0,33989327.0,25540540.0,93126177.0,235763261.0,40047572.0,49973353.0,8728357.0,9558369.0,9987000.0,0.0,36336800.0,,5823400.0,0.0,3280900.0,,6513900.0,0.0,21201400.0,,30108100.0,,6664200.0,,8484300.0,0.0,2529100.0,0.0,9555500.0,0.0,20118700.0,0.0,10302700.0,0.0,8272300.0,,,,8768300.0,,407703000.0,,51558100.0,0.0,193100.0,,381000.0,,4110200.0,,0.0,2727000.0,,3932100.0,,0.0,115669.0,2028600.0,,4744600.0,0.0,1247200.0,0.0,0.0,409973.0,3093700.0,0.0,7407800.0,,131.0,2409200.0,0,15796900.0,,4162800.0,0.0,13507900.0,,12139500.0,0.0,25969000.0,0.0,21935600.0,0.0,,,7198300.0,0.0,7651600.0,,12374000.0,0.0,87158000.0,,4464800.0,0.0,4475700.0,0.0,7077200.0,273798,29670300.0,0.0,18359100.0,0.0,2439900.0,,6564900.0,0.0,1117900.0,0.0,1281.0,1771500.0,0.0,,6966300.0,0.0,2782900.0,,18259400.0,,3792600.0,,,2807300.0,,773.0,7734300.0,0.0,,,17916700.0,,17133500.0,0.0,,67440900.0,0.0,91129000.0,0.0,3693600.0,0.0,35274500.0,0.0,18326900.0,0.0,14537900.0,0.0,9033100.0,0.0,13775400.0,,,52938000.0,0.0,531800.0,0.0,,,3768900.0,,2642900.0,0.0,10699100.0,0.0,,16748200.0,61648,0.0,20705500.0,0.0,27863900.0,,18043700.0,,30835200.0,,32564000.0,,2626000.0,0.0,0.0,,17928500.0,0.0,33312100.0,,113702.0,87527100.0,0.0,23213100.0,0,124379600.0,,6623700.0,0.0,108473900.0,0.0,52670400.0,,0.0,6013200.0,0.0,538800.0,0.0,4728500.0,25513.0,6.0,49963700.0,0.0,,9416000.0,,13090400.0,0.0,,0.0,29448100.0,,2433300.0,,31269400.0,0.0,15801700.0,0.0,,,1916000.0,0.0,131.0,72647700.0,0.0,,22413500.0,0.0,7581100.0,1587.0,9630900.0,0.0,5385300.0,,49599100.0,0.0,89343000.0,,4229200.0,0.0,49269200.0,0.0,49315190.0,,46694800.0,,35143100.0,,51166800.0,0.0,1289300.0,,37700.0,,383700.0,,0.0,2111200.0,0.0,4201600.0,,58097300.0,0.0,23385000.0,,14279000.0,,1461500.0,0.0,5836800.0,,22004020.0,,18703500.0,,490700.0,0.0,10182400.0,0.0,5820400.0,0.0,6632400.0,,3560900.0,0,5293200.0,,6529100.0,,14682000.0,,,,8187600.0,,32579000.0,0.0,,,0.0,,3197800.0,
2026-07-15,6046951.0,941250.0,24873414.0,942313.0,674208.0,2355581.0,1412397.0,21886708.0,33780856.0,64812032.0,151795185.0,24794635.0,88085818.0,6663747.0,9110385.0,10324200.0,0.0,60957600.0,,4771400.0,0.0,3380800.0,,8168200.0,0.0,27826200.0,,45240600.0,,4631300.0,,5708900.0,0.0,4189300.0,0.0,15617400.0,0.0,16324100.0,0.0,6852500.0,0.0,20233300.0,,,,11200200.0,,496250000.0,,42764200.0,0.0,157200.0,,562200.0,,5134500.0,,0.0,1011800.0,,5478600.0,,0.0,52882.0,2703600.0,,4605000.0,0.0,1655800.0,0.0,0.0,239855.0,5188100.0,0.0,7570700.0,,82.0,2423200.0,0,12928300.0,,5569100.0,0.0,13328100.0,,12002800.0,0.0,24132300.0,0.0,23829100.0,0.0,,,12957600.0,0.0,10219200.0,,10525300.0,0.0,91975900.0,,3115900.0,0.0,4838200.0,0.0,7445800.0,278645,28751000.0,0.0,26641300.0,0.0,5034700.0,,5853300.0,0.0,708900.0,0.0,374.0,2693400.0,0.0,,13357900.0,0.0,2560800.0,,28284600.0,,2736800.0,,,3953100.0,,941.0,14427600.0,0.0,,,21078600.0,,19917300.0,0.0,,29590400.0,0.0,120625500.0,0.0,6058000.0,0.0,36231900.0,0.0,18832700.0,0.0,10750000.0,0.0,10625500.0,0.0,18383800.0,,,30652300.0,0.0,866700.0,0.0,,,4205400.0,,2552200.0,0.0,10257300.0,0.0,,19003400.0,33592,0.0,26827600.0,0.0,36253700.0,,14584900.0,,54779200.0,,41013700.0,,3110000.0,0.0,0.0,,18844400.0,0.0,32854300.0,,114040.0,115056200.0,0.0,13784200.0,0,124797200.0,,10314900.0,0.0,131731400.0,0.0,48520400.0,,0.0,6703800.0,0.0,692800.0,0.0,9701400.0,25799.0,0.0,26064500.0,0.0,,90995100.0,,9440900.0,0.0,,0.0,32627600.0,,4070500.0,,29115800.0,0.0,15407500.0,0.0,,,1447000.0,0.0,568.0,76307700.0,0.0,,25550600.0,0.0,11020800.0,1599.0,19082600.0,0.0,3791000.0,,116573400.0,0.0,72414200.0,,3046900.0,0.0,67008900.0,0.0,52702200.0,,58040900.0,,43844800.0,,54608500.0,0.0,1008500.0,,78400.0,,233500.0,,0.0,3182600.0,0.0,3254200.0,,68547800.0,0.0,31549800.0,,17012300.0,,1630200.0,0.0,6393100.0,,3307300.0,,13876600.0,,342400.0,0.0,8060100.0,0.0,8184200.0,0.0,8850000.0,,3873700.0,1,7926900.0,,8383400.0,,16467900.0,,,,5608900.0,,33184200.0,0.0,,,0.0,,3754300.0,
2026-07-16,5608812.0,791287.0,27001478.0,635308.0,737459.0,1483602.0,1389002.0,20103895.0,42851475.0,141243407.0,319311311.0,30663363.0,100388858.0,5227121.0,27066067.0,9966600.0,0.0,62970600.0,,5787300.0,0.0,4689900.0,,8406100.0,0.0,27093700.0,,45343700.0,,5166200.0,,9788000.0,0.0,2581400.0,0.0,53050100.0,0.0,23407200.0,0.0,9197800.0,0.0,9653500.0,,,,16336100.0,,553007500.0,,28528200.0,0.0,121100.0,,604600.0,,4195000.0,,0.0,1967600.0,,3773000.0,,0.0,39917.0,3586600.0,,3771100.0,0.0,2602500.0,0.0,0.0,188731.0,4962600.0,0.0,6328700.0,,46.0,2735300.0,806,9798100.0,,7997000.0,0.0,12057500.0,,8026800.0,0.0,25033000.0,0.0,25222400.0,0.0,,,6441800.0,0.0,7480000.0,,8841800.0,0.0,98677400.0,,4822100.0,0.0,3334700.0,0.0,4695600.0,211796,23259000.0,0.0,19397300.0,0.0,4448000.0,,6577800.0,0.0,761500.0,0.0,812.0,2829500.0,0.0,,17706100.0,0.0,3517600.0,,41158500.0,,2529400.0,,,3810300.0,,1289.0,15528500.0,0.0,,,28465800.0,,27344000.0,0.0,,22533300.0,0.0,107742900.0,0.0,4319000.0,0.0,41339100.0,0.0,24081300.0,0.0,12432400.0,0.0,14957000.0,0.0,17889900.0,,,26129800.0,0.0,885600.0,0.0,,,3984900.0,,2791100.0,0.0,10641300.0,0.0,,15816000.0,50559,0.0,34893000.0,0.0,37047400.0,,11365100.0,,46718000.0,,44695400.0,,3672100.0,0.0,0.0,,28410900.0,0.0,77505200.0,,141791.0,144325400.0,0.0,20318200.0,1001,122986100.0,,9792400.0,0.0,109308900.0,0.0,54780900.0,,0.0,5884000.0,0.0,623200.0,0.0,3755900.0,55370.0,24.0,28951300.0,0.0,,33840900.0,,15951600.0,0.0,,0.0,39402000.0,,3758300.0,,41104800.0,0.0,31134300.0,0.0,,,2657600.0,0.0,1809.0,56250500.0,0.0,,36021900.0,0.0,12353300.0,1581.0,17449900.0,0.0,3345600.0,,121497100.0,0.0,72016300.0,,4574700.0,0.0,76391300.0,0.0,62582100.0,0.0,58725600.0,,46409800.0,,53850200.0,0.0,979000.0,,111600.0,,200600.0,,0.0,3623900.0,0.0,2332300.0,,66953300.0,0.0,29269100.0,,24891300.0,,1558400.0,0.0,7151300.0,,4135300.0,0.0,17903600.0,,628100.0,0.0,12283300.0,0.0,7747700.0,0.0,9073200.0,,5017800.0,0,10527000.0,,9415800.0,,20777600.0,,,5.0,9850600.0,,27477000.0,0.0,,,0.0,,2723500.0,
2026-07-17,,,,,,,,,36237657.0,83630638.0,279882322.0,56186085.0,79212029.0,5488935.0,12052493.0,9637800.0,0.0,63407100.0,,7269900.0,0.0,7235800.0,,10326500.0,0.0,32115900.0,,43572400.0,,5627900.0,,8239000.0,0.0,2209400.0,0.0,30377000.0,0.0,23272200.0,0.0,8218500.0,0.0,11282100.0,,,,17067000.0,,639696400.0,,36010800.0,0.0,94000.0,,628600.0,,5591300.0,,0.0,1222600.0,,4805600.0,,0.0,30997.0,3377200.0,,5278300.0,0.0,3366100.0,0.0,0.0,96003.0,5956400.0,0.0,6487100.0,,,2508000.0,0,8758000.0,,8283300.0,0.0,10191500.0,,9102600.0,0.0,35882600.0,0.0,28459500.0,0.0,,,7290800.0,0.0,10496500.0,,12735500.0,0.0,136040800.0,,5099000.0,0.0,8287500.0,0.0,11174500.0,369696,38339300.0,0.0,13548200.0,0.0,5220300.0,,8796100.0,0.0,1166300.0,0.0,141.0,3285000.0,0.0,,14221000.0,0.0,2624200.0,,29959300.0,,2162700.0,,,4434000.0,,1819.0,9909500.0,0.0,,,27608600.0,,14894100.0,0.0,,13150200.0,0.0,126779300.0,0.0,5080300.0,0.0,47227400.0,0.0,28738500.0,0.0,9250900.0,0.0,13061800.0,0.0,32903000.0,,,41101300.0,0.0,909000.0,0.0,,,4940200.0,,2757500.0,0.0,12805700.0,0.0,,22267900.0,41023,0.0,29656300.0,0.0,33049800.0,,13064500.0,,63346300.0,,70199600.0,,3719900.0,0.0,0.0,,24912200.0,0.0,142029200.0,,106995.0,116156300.0,0.0,16207300.0,0,144281900.0,,9542600.0,0.0,214489300.0,0.0,39917100.0,,0.0,7802700.0,0.0,825800.0,0.0,4131400.0,26212.0,4.0,31875100.0,0.0,,19847300.0,,16291100.0,0.0,,0.0,54109300.0,,3327300.0,,28927500.0,0.0,22367300.0,0.0,,,2072800.0,0.0,427.0,73978300.0,0.0,,32264800.0,0.0,22083900.0,1564.0,19810900.0,0.0,5456800.0,,151571300.0,0.0,89973800.0,,3739500.0,0.0,105762300.0,0.0,107781500.0,0.0,83706200.0,,62651000.0,,57071700.0,0.0,974900.0,,168400.0,,443300.0,,0.0,3518700.0,0.0,3583300.0,,75465200.0,0.0,31394600.0,,20986500.0,,2361000.0,0.0,7655000.0,,5680000.0,0.0,18317900.0,,573600.0,0.0,9797300.0,0.0,12750400.0,0.0,7400400.0,,6068200.0,0,11777100.0,,10066900.0,,28289800.0,,,,11572800.0,,31397800.0,0.0,,,0.0,,2751200.0,950.0
2026-07-18,,,,,,,,,,,,,,,,,0.0,,,,0.0,,,,0.0,,,,,,,,0.0,,0.0,,0.0,,0.0,,0.0,,,,,,,,,,0.0,,,,,,,0.0,,,,,0.0,,,,,0.0,,0.0,0.0,,,0.0,,,,,16,,,,0.0,,,,0.0,,0.0,,0.0,,,,0.0,,,,0.0,,,,0.0,,0.0,,312702,,0.0,,0.0,,,,0.0,,0.0,,,0.0,,,0.0,,,,,,,,,,,,0.0,,,,,,0.0,,,0.0,,0.0,,0.0,,0.0,,0.0,,0.0,,0.0,,,,,0.0,,0.0,,,,,,0.0,,0.0,,,123329,0.0,,0.0,,,,,,,,,,0.0,0.0,,,0.0,,,,,0.0,,0,,,,0.0,,0.0,,,,,0.0,,0.0,,25993.0,,,0.0,,,,,0.0,,0.0,,,,,,0.0,,0.0,,,,0.0,,,0.0,,,0.0,,1593.0,,0.0,,,,0.0,,,,0.0,,0.0,,0.0,,,,,,0.0,,,,,,,0.0,,0.0,,,,0.0,,,,,,0.0,,,,0.0,,,,0.0,,0.0,,0.0,,,,0,,,,,,,,,,,,0.0,,,0.0,,,0.0
2026-07-19,,,,,,,,,,,,,,,,,0.0,,,,0.0,,,,0.0,,,,,,,,0.0,,0.0,,0.0,,0.0,,0.0,,,,,,,,,,0.0,,,,,,,0.0,,,,,0.0,,,,,0.0,,0.0,0.0,,,0.0,,,,,0,,,,0.0,,,,0.0,,0.0,,0.0,,,,0.0,,,,0.0,,,,0.0,,0.0,,301701,,0.0,,0.0,,,,0.0,,0.0,,,0.0,,,0.0,,,,,,,,,,,,0.0,,,,,,0.0,,,0.0,,0.0,,0.0,,0.0,,0.0,,0.0,,0.0,,,,,0.0,,0.0,,,,,,0.0,,0.0,,,133415,0.0,,0.0,,,,,,,,,,0.0,0.0,,,0.0,,,,,0.0,,0,,,,0.0,,0.0,,,,,0.0,,0.0,,28290.0,,,0.0,,,,,0.0,,0.0,,,,,,0.0,,0.0,,,,0.0,,,0.0,,,0.0,,1608.0,,0.0,,,,0.0,,,,0.0,,0.0,,0.0,,,,,,0.0,,,,,,,0.0,,0.0,,,,0.0,,,,,,0.0,,,,0.0,,,,0.0,,0.0,,0.0,,,,0,,,,,,,,,,,,0.0,,,0.0,,,11.0
2026-07-20,5876444.0,904770.0,26804038.0,965749.0,630080.0,791151.0,1208377.0,24229515.0,30822839.0,43582340.0,167547303.0,45366520.0,63809984.0,5402644.0,10741067.0,5163500.0,0.0,53468000.0,,5123700.0,0.0,2945500.0,,6558300.0,0.0,23440700.0,,32406500.0,,5120600.0,,3374000.0,0.0,1639000.0,0.0,15854800.0,0.0,14420500.0,0.0,6681300.0,0.0,14750900.0,,,,17260000.0,,440000000.0,,32178800.0,0.0,204700.0,,467200.0,,3426600.0,,0.0,2803100.0,,4765500.0,,0.0,50407.0,2770000.0,,4262900.0,0.0,1757400.0,0.0,0.0,99783.0,3606800.0,0.0,5720200.0,,,1507900.0,0,13867100.0,,5200600.0,0.0,13426500.0,,7379300.0,0.0,22799500.0,0.0,15821200.0,0.0,,,4725800.0,0.0,9861700.0,,11197000.0,0.0,50527400.0,,3581400.0,0.0,3362700.0,0.0,11692100.0,342264,19112200.0,0.0,14152700.0,0.0,3432400.0,,4379000.0,0.0,1025800.0,0.0,231.0,2542100.0,0.0,,7826900.0,0.0,3923300.0,,24736600.0,,1718300.0,,,4125300.0,,821.0,8343400.0,0.0,,,18740100.0,,11883400.0,0.0,,9585000.0,0.0,89741400.0,0.0,2800000.0,0.0,93338200.0,0.0,20539900.0,0.0,7723300.0,0.0,8396400.0,0.0,14967200.0,,,23105800.0,0.0,717700.0,0.0,,,4428700.0,,2644200.0,0.0,8074400.0,0.0,,10225200.0,37180,0.0,25070600.0,0.0,27915800.0,,16170500.0,,37705200.0,,37075100.0,,3135000.0,0.0,0.0,,16901600.0,0.0,60669100.0,,131706.0,81281900.0,0.0,20547100.0,0,88701500.0,,7299000.0,0.0,187251400.0,0.0,36793200.0,,0.0,5567200.0,0.0,842800.0,0.0,6132500.0,25146.0,1.0,30571300.0,0.0,,24700800.0,,9649600.0,0.0,,0.0,29687600.0,,4055400.0,,15882300.0,0.0,17937400.0,0.0,,,1986700.0,0.0,1714.0,37817500.0,0.0,,24919400.0,0.0,6962600.0,1578.0,12572000.0,0.0,3795700.0,,70028900.0,0.0,81150800.0,,5237800.0,0.0,52804300.0,0.0,53490400.0,0.0,57337300.0,,50422300.0,,48043000.0,0.0,923700.0,,56200.0,,283200.0,,0.0,2940500.0,0.0,3255100.0,,50076700.0,0.0,33901500.0,,11653600.0,,1352100.0,0.0,5206900.0,,4152400.0,0.0,14948000.0,,416400.0,0.0,14994100.0,0.0,7228600.0,0.0,7616800.0,,3770300.0,0,5403500.0,,6056500.0,,17738900.0,,,,7797500.0,,27329300.0,0.0,,,0.0,,2586500.0,0.0
2026-07-21,4639208.0,1118030.0,20386896.0,649462.0,876385.0,741706.0,1151424.0,20630435.0,21362780.0,29856516.0,158569307.0,48115735.0,33366001.0,8735779.0,10641850.0,10284700.0,0.0,41338900.0,,5060600.0,0.0,3887000.0,,7636400.0,0.0,29045100.0,,27732100.0,,4862600.0,,5135800.0,0.0,1681100.0,0.0,21478800.0,0.0,17291100.0,0.0,9330900.0,0.0,9338200.0,,,,14946900.0,,442967700.0,,35861100.0,0.0,187100.0,,376000.0,,4473100.0,,0.0,1551700.0,,5183500.0,,0.0,43104.0,3219600.0,,6244200.0,0.0,2036400.0,0.0,0.0,298109.0,4531800.0,0.0,13677200.0,,,1833500.0,0,18181300.0,,4765200.0,0.0,12831800.0,,9880300.0,0.0,24907000.0,0.0,17031500.0,0.0,,,5277300.0,0.0,9745400.0,,9899600.0,0.0,70930300.0,,4356200.0,0.0,6375600.0,0.0,6612200.0,315077,21114700.0,0.0,11932500.0,0.0,3178200.0,,6724700.0,0.0,1259300.0,0.0,87.0,3536500.0,0.0,,10182800.0,0.0,2916200.0,,23369800.0,,1718600.0,,,3112600.0,,812.0,9755100.0,0.0,,,19670300.0,,13224500.0,0.0,,11954400.0,0.0,105429400.0,0.0,5368400.0,0.0,51030000.0,0.0,18190200.0,0.0,6015300.0,0.0,9947400.0,0.0,12949400.0,,,21649200.0,0.0,1451300.0,0.0,,,4043600.0,,2092000.0,0.0,11936500.0,0.0,,9140500.0,45857,0.0,22153600.0,0.0,24126600.0,,20223500.0,,49369000.0,,51680500.0,,3079500.0,0.0,0.0,,25632600.0,0.0,56565800.0,,105685.0,101227600.0,0.0,19158500.0,593,108685600.0,,5785800.0,0.0,283626500.0,0.0,27748100.0,,0.0,6738100.0,0.0,574700.0,0.0,3155500.0,26637.0,0.0,23161800.0,0.0,,15952100.0,,13243200.0,0.0,,0.0,33728300.0,,2602800.0,,25632000.0,0.0,20061100.0,0.0,,,2305600.0,0.0,124.0,38925600.0,0.0,,51156400.0,0.0,7129800.0,1600.0,14295900.0,0.0,3166800.0,,83080700.0,0.0,86400300.0,,3363000.0,0.0,55698500.0,0.0,66515300.0,0.0,79718100.0,,34324300.0,,42590100.0,0.0,902000.0,,144800.0,,142500.0,,0.0,3997900.0,0.0,2949100.0,,37772500.0,0.0,32735300.0,,18210100.0,,1195700.0,0.0,10204200.0,,3487800.0,0.0,11769000.0,,414000.0,0.0,9374500.0,0.0,5484000.0,0.0,6027300.0,,3485200.0,0,7449100.0,,5328200.0,,22717000.0,,,,7759200.0,,20315700.0,0.0,,,0.0,,2570000.0,0.0
2026-07-22,4802637.0,877549.0,22292003.0,808253.0,896565.0,915641.0,1738718.0,18621312.0,66379871.0,68534115.0,147613446.0,36798027.0,40530626.0,7285857.0,8993962.0,8073000.0,0.0,38755900.0,,4361300.0,0.0,3104600.0,,4963500.0,0.0,24776700.0,,34112700.0,,7820900.0,,2601700.0,0.0,1007400.0,0.0,10936500.0,0.0,16966200.0,0.0,4864600.0,0.0,7085800.0,,,,9325600.0,,363300900.0,,35271600.0,0.0,104100.0,,257100.0,,3179300.0,,0.0,1946300.0,,3958900.0,,0.0,55526.0,1976900.0,,10774700.0,0.0,1755700.0,0.0,0.0,358021.0,2769700.0,0.0,6953800.0,,,1762700.0,8807,10842600.0,,4036500.0,0.0,12194500.0,,9080600.0,0.0,23467300.0,0.0,13726600.0,0.0,,,7215000.0,0.0,9119200.0,,18940500.0,0.0,44652000.0,,3799300.0,0.0,3433600.0,0.0,4238500.0,320172,12918200.0,0.0,20586000.0,0.0,2769800.0,,8732700.0,0.0,693700.0,0.0,133.0,4903800.0,0.0,,9996800.0,0.0,3171200.0,,39334100.0,,1538700.0,,,2907700.0,,1105.0,8314500.0,0.0,,,11151700.0,,14833900.0,0.0,,14606700.0,0.0,78431000.0,0.0,3506900.0,0.0,41772800.0,0.0,19116000.0,0.0,8040200.0,0.0,9051200.0,0.0,11701300.0,,,19792600.0,0.0,478600.0,0.0,,,3876200.0,,1555800.0,0.0,6344700.0,0.0,,11019600.0,51876,0.0,16890300.0,0.0,28142500.0,,13066300.0,,31588600.0,,35252300.0,,2773600.0,0.0,0.0,,16921100.0,0.0,44947300.0,,127528.0,93751200.0,0.0,43600900.0,0,137645600.0,,8289400.0,0.0,176206900.0,0.0,21096700.0,,0.0,6338100.0,0.0,813700.0,0.0,2260000.0,25194.0,0.0,38588300.0,0.0,,11187000.0,,7777600.0,0.0,,0.0,23692200.0,,8987000.0,,21196700.0,0.0,21031400.0,0.0,,,1319100.0,0.0,358.0,27122800.0,0.0,,163015100.0,0.0,5249700.0,1605.0,10539100.0,0.0,3052100.0,,78771800.0,0.0,90299800.0,,2718400.0,0.0,46926500.0,0.0,59449500.0,0.0,92731800.0,,32836200.0,,39488300.0,0.0,627400.0,,85900.0,,331500.0,,0.0,2143000.0,0.0,4143200.0,,36062100.0,0.0,30646100.0,,10259500.0,,1273800.0,0.0,10747300.0,,3483600.0,0.0,15001000.0,,281900.0,0.0,9614200.0,0.0,5741500.0,0.0,4622200.0,,2935100.0,0,5435000.0,,6743200.0,,23494800.0,,,,6301200.0,,29548600.0,0.0,,,0.0,,3088500.0,0.0
2026-07-23,4119477.0,717603.0,16011816.0,663151.0,1907827.0,1111998.0,1096100.0,13470411.0,22888528.0,26618712.0,87139468.0,27254102.0,63249932.0,3629586.0,7254760.0,6288600.0,0.0,40840800.0,,4363200.0,0.0,2810700.0,,5706400.0,0.0,27155100.0,,47465300.0,,5364100.0,,3603200.0,0.0,1106700.0,0.0,11963300.0,0.0,16348700.0,0.0,4852700.0,0.0,8500200.0,,,,9430500.0,,167550100.0,,42765000.0,0.0,227200.0,,380400.0,,2883000.0,,0.0,2051600.0,,8260000.0,,0.0,48567.0,2677100.0,,8227200.0,0.0,1803700.0,0.0,0.0,401934.0,2853300.0,0.0,5607000.0,,,1785200.0,0,10409700.0,,4503000.0,0.0,12775000.0,,6592300.0,0.0,18173700.0,0.0,15175500.0,0.0,,,5118500.0,0.0,13562500.0,,12296600.0,0.0,55562400.0,,4412100.0,0.0,4430500.0,0.0,3698600.0,293879,18576300.0,0.0,16399100.0,0.0,3473900.0,,5665700.0,0.0,806900.0,0.0,59.0,3560100.0,0.0,,8954100.0,0.0,3683600.0,,69419700.0,,1852700.0,,,4523100.0,,1155.0,32621700.0,0.0,,,16539900.0,,11989100.0,0.0,,15306000.0,0.0,140806900.0,0.0,11615800.0,0.0,41864300.0,0.0,27795100.0,0.0,10913000.0,0.0,8774000.0,0.0,13755600.0,,,23109700.0,0.0,953200.0,0.0,,,4547400.0,,1909900.0,0.0,8106900.0,0.0,,15494800.0,38701,0.0,16359900.0,0.0,30351800.0,,17186400.0,,40196300.0,,45357600.0,,2797200.0,0.0,0.0,,15309800.0,0.0,45029100.0,,125863.0,183175400.0,0.0,48998200.0,0,110505300.0,,8178200.0,0.0,86047600.0,0.0,30900600.0,,0.0,5938200.0,0.0,654600.0,0.0,3077600.0,25315.0,1.0,29757900.0,0.0,,13945300.0,,10827500.0,0.0,,0.0,44028600.0,,3842600.0,,30050300.0,0.0,14155500.0,0.0,,,1196600.0,0.0,28.0,36234900.0,0.0,,86788900.0,0.0,7963200.0,1562.0,12756900.0,0.0,3114300.0,,84286800.0,0.0,73418100.0,,3972600.0,0.0,57831400.0,0.0,68543000.0,0.0,75246500.0,,55437300.0,,53258300.0,0.0,1270700.0,,82000.0,,248800.0,,0.0,2092400.0,0.0,4637700.0,,80277500.0,0.0,115606400.0,,11048800.0,,1486000.0,0.0,11742800.0,,4053200.0,0.0,23649300.0,,213300.0,0.0,8482600.0,0.0,10960600.0,0.0,4183300.0,,3098500.0,3,5689300.0,,6140900.0,,21516800.0,,,,6647000.0,,35838600.0,0.0,,,0.0,,3031500.0,0.0
2026-07-24,4935624.0,896066.0,26175580.0,565681.0,1048497.0,561294.0,1207025.0,16981074.0,22959603.0,28934610.0,100009828.0,21687683.0,32833485.0,4559986.0,5891934.0,7103600.0,0.0,47489400.0,,4719900.0,0.0,4275600.0,,6262200.0,0.0,27200700.0,,35017400.0,,4855100.0,,4884800.0,0.0,1315000.0,0.0,11099700.0,0.0,15149400.0,0.0,5743400.0,0.0,6943000.0,,,,16017600.0,,158756700.0,,31759400.0,0.0,110400.0,,444800.0,,3933000.0,,0.0,2202500.0,,6222300.0,,0.0,33923.0,1982100.0,,5949700.0,0.0,1489200.0,0.0,0.0,365438.0,3765800.0,0.0,5372100.0,,8.0,1586300.0,0,8358500.0,,5926600.0,0.0,10899100.0,,5779200.0,0.0,25487800.0,0.0,19131700.0,0.0,,,4604100.0,0.0,12153100.0,,8094700.0,0.0,73665700.0,,3488800.0,0.0,3092000.0,0.0,4275800.0,278859,21010800.0,0.0,14012700.0,0.0,4723200.0,,5597300.0,0.0,783500.0,0.0,2.0,2489400.0,0.0,,8965900.0,0.0,2575300.0,,31806600.0,,1381400.0,,,3874500.0,,1164.0,28490300.0,0.0,,,24405000.0,,11332900.0,0.0,,10578800.0,0.0,181132900.0,0.0,12813900.0,0.0,34580400.0,0.0,19771000.0,0.0,7520800.0,0.0,11304900.0,0.0,11980400.0,,,29177800.0,0.0,877300.0,0.0,,,3651200.0,,1983300.0,0.0,9278400.0,0.0,,11503500.0,31241,0.0,19837100.0,0.0,27659400.0,,13088100.0,,40803100.0,,39818700.0,,2157000.0,0.0,0.0,,24095300.0,0.0,37593500.0,,69670.0,119145400.0,0.0,29625400.0,602,114836800.0,,10799100.0,0.0,101181000.0,0.0,46405700.0,,0.0,5134300.0,0.0,749500.0,0.0,3602100.0,25251.0,0.0,21177000.0,0.0,,11763000.0,,9998000.0,0.0,,0.0,42876700.0,,3539600.0,,27457400.0,0.0,18959500.0,0.0,,,1651600.0,0.0,5.0,26255500.0,0.0,,49701600.0,0.0,19156400.0,1579.0,14081100.0,0.0,3454600.0,,85052300.0,0.0,92994800.0,,3872800.0,0.0,71734900.0,0.0,63109300.0,0.0,56786100.0,,44782000.0,,56609400.0,0.0,1556900.0,,81500.0,,186900.0,,0.0,2945200.0,0.0,2822300.0,,69267700.0,0.0,62760000.0,,11525100.0,,1343400.0,0.0,8270000.0,,2317800.0,0.0,27966300.0,,233300.0,0.0,9017700.0,0.0,7957700.0,0.0,4482800.0,,3405200.0,0,4775600.0,,7083200.0,,18405900.0,,,4.0,7387100.0,,34181900.0,0.0,,,0.0,,3982000.0,0.0
2026-07-25,,,,,,,,,,,,,,,,,0.0,,,,0.0,,,,0.0,,,,,,,,0.0,,0.0,,0.0,,0.0,,0.0,,,,,,,,,,0.0,,,,,,,0.0,,,,,0.0,,,,,0.0,,0.0,0.0,,,0.0,,,64.0,,42,,,,0.0,,,,0.0,,0.0,,0.0,,,,0.0,,,,0.0,,,,0.0,,0.0,,307442,,0.0,,0.0,,,,0.0,,0.0,,,0.0,,,0.0,,,,,,,,,,,,0.0,,,,,,0.0,,,0.0,,0.0,,0.0,,0.0,,0.0,,0.0,,0.0,,,,,0.0,,0.0,,,,,,0.0,,0.0,,,26387,0.0,,0.0,,,,,,,,,,0.0,0.0,,,0.0,,,,,0.0,,0,,,,0.0,,0.0,,,,,0.0,,0.0,,29460.0,,,0.0,,,,,0.0,,0.0,,,,,,0.0,,0.0,,,,0.0,,,0.0,,,0.0,,1588.0,,0.0,,,,0.0,,,,0.0,,0.0,,0.0,,,,,,0.0,,,,,,,0.0,,0.0,,,,0.0,,,,,,0.0,,,,0.0,,,,0.0,,0.0,,0.0,,,,0,,,,,,,,,,,,0.0,,,0.0,,,
2026-07-26,,,,,,,,,,,,,,,,,0.0,,,,0.0,,,,0.0,,,,,,,,0.0,,0.0,,0.0,,0.0,,0.0,,,,,,,,,,0.0,,,,,,,0.0,,,,,0.0,,,,,0.0,,0.0,0.0,,,0.0,,,,,77,,,,0.0,,,,0.0,,0.0,,0.0,,,,0.0,,,,0.0,,,,0.0,,0.0,,171356,,0.0,,0.0,,,,0.0,,0.0,,,0.0,,,0.0,,,,,,,,,,,,0.0,,,,,,0.0,,,0.0,,0.0,,0.0,,0.0,,0.0,,0.0,,0.0,,,,,0.0,,0.0,,,,,,0.0,,0.0,,,36241,0.0,,0.0,,,,,,,,,,0.0,0.0,,,0.0,,,,,0.0,,1160,,,,0.0,,0.0,,,,,0.0,,0.0,,31258.0,,,0.0,,,,,0.0,,0.0,,,,,,0.0,,0.0,,,,0.0,,,0.0,,,0.0,,1582.0,,0.0,,,,0.0,,,,0.0,,0.0,,0.0,,,,,,0.0,,,,,,,0.0,,0.0,,,,0.0,,,,,,0.0,,,,0.0,,,,0.0,,0.0,,0.0,,,,0,,,,,,,,,,,,0.0,,,0.0,,,
2026-07-27,4030933.0,563634.0,23296044.0,611650.0,2705093.0,518644.0,873829.0,15613649.0,14454552.0,27500609.0,274937407.0,25590266.0,65382089.0,4395966.0,9565960.0,6662400.0,0.0,49604300.0,,5541200.0,0.0,4110400.0,,8011400.0,0.0,31800300.0,,34999500.0,,5146200.0,,5047200.0,0.0,3325500.0,0.0,8327700.0,0.0,18502100.0,0.0,5594200.0,0.0,9232700.0,,,,15658400.0,,130160200.0,,62612600.0,0.0,74800.0,,246800.0,,3482400.0,,0.0,3308400.0,,6801300.0,,0.0,34887.0,3150000.0,,5268600.0,0.0,1512500.0,0.0,0.0,352813.0,4637800.0,0.0,6851700.0,,,2109500.0,192,8661200.0,,5010000.0,0.0,17312000.0,,6580300.0,0.0,17999200.0,0.0,15974600.0,0.0,,,4960400.0,0.0,10593900.0,,10287700.0,0.0,77080600.0,,4173800.0,0.0,2493000.0,0.0,4702600.0,166715,19210100.0,0.0,14603800.0,0.0,6735900.0,,8573500.0,0.0,800300.0,0.0,36.0,3580000.0,0.0,,14036500.0,0.0,3901600.0,,28471600.0,,2538900.0,,,3622400.0,,865.0,16175400.0,0.0,,,16616600.0,,13744600.0,0.0,,8362300.0,0.0,133247300.0,0.0,8302300.0,0.0,34868100.0,0.0,19445500.0,0.0,7884900.0,0.0,14194900.0,0.0,19937600.0,,,30813800.0,0.0,831700.0,0.0,,,3744200.0,,1592800.0,0.0,14117600.0,0.0,,11195300.0,55635,0.0,21637700.0,0.0,27856200.0,,17633500.0,,47591200.0,,45270200.0,,2655900.0,0.0,0.0,,18169100.0,0.0,39090800.0,,57067.0,97130500.0,0.0,32533700.0,4191,154353700.0,,6803000.0,0.0,66469800.0,0.0,36916600.0,,0.0,5223400.0,0.0,923500.0,0.0,2390500.0,26036.0,0.0,36708200.0,0.0,,14864400.0,,12487100.0,0.0,,0.0,42681500.0,,4263900.0,,35152600.0,0.0,15752100.0,0.0,,,2339600.0,0.0,3.0,50747400.0,0.0,,35912300.0,0.0,38682200.0,1615.0,21275600.0,1459985.0,5224100.0,,155884100.0,0.0,66663000.0,,7494900.0,0.0,90434900.0,0.0,67257400.0,0.0,64540700.0,,41461200.0,,49533800.0,0.0,1468000.0,,121400.0,,360800.0,,0.0,4145300.0,0.0,2838800.0,0.0,70531600.0,0.0,44919400.0,,17932300.0,,2027500.0,0.0,9072800.0,,2769100.0,0.0,25722900.0,,235000.0,0.0,8782200.0,0.0,6005000.0,0.0,6631100.0,,5017300.0,0,6217000.0,,9354000.0,,19008700.0,,,,9321300.0,,33819500.0,0.0,,,0.0,,3131100.0,
2026-07-28,8120587.0,898415.0,41639623.0,1198287.0,2281917.0,705041.0,949737.0,21909756.0,18143997.0,26226403.0,227304562.0,54105056.0,63694323.0,5424460.0,11178789.0,10840300.0,0.0,51859000.0,,8098700.0,0.0,4760900.0,,9891300.0,0.0,36315500.0,,44521600.0,,5574500.0,,5852000.0,0.0,3010100.0,0.0,13110700.0,0.0,20328400.0,0.0,8330100.0,0.0,6426700.0,,,,29397000.0,,160343700.0,,33499000.0,0.0,152700.0,,1032900.0,,6362100.0,,0.0,2801700.0,,6229400.0,,0.0,32213.0,3808600.0,,4756200.0,0.0,4177400.0,0.0,0.0,368026.0,8375000.0,0.0,5112000.0,,,2682800.0,0,8128200.0,,6706100.0,0.0,17204600.0,,8475300.0,0.0,29855900.0,0.0,27972100.0,0.0,,,9448700.0,0.0,11389300.0,,10372200.0,0.0,88785200.0,,3775700.0,0.0,5319400.0,0.0,5843200.0,94068,31679500.0,0.0,13846500.0,0.0,11029000.0,,6437300.0,0.0,913600.0,0.0,248.0,3897400.0,0.0,,46223200.0,0.0,3964900.0,,29511900.0,,2173100.0,,,4308000.0,,817.0,12836900.0,0.0,,,21666200.0,,20961600.0,0.0,,13263000.0,0.0,154346700.0,78166.0,6545700.0,0.0,47608800.0,0.0,20531100.0,0.0,6533800.0,0.0,17199200.0,0.0,34982900.0,,,58076100.0,0.0,811200.0,0.0,,,5642300.0,,2375400.0,0.0,16097700.0,0.0,,12009300.0,50778,0.0,29188500.0,0.0,32367500.0,,13353300.0,,61039300.0,,59716400.0,,3289200.0,0.0,0.0,,28902400.0,0.0,47160200.0,,45760.0,108249100.0,0.0,33681100.0,0,134111500.0,,9521700.0,0.0,61977200.0,0.0,32665400.0,,0.0,6507500.0,0.0,1356800.0,0.0,4088700.0,28490.0,2.0,43597300.0,0.0,,22908900.0,,16147500.0,0.0,,0.0,51398700.0,,2892100.0,,16119900.0,0.0,18442100.0,0.0,,,4372400.0,0.0,2.0,51088300.0,0.0,,36449800.0,0.0,18429000.0,1570.0,26627200.0,1917922.0,5145100.0,,178127600.0,0.0,83122300.0,,9777100.0,0.0,125338900.0,0.0,70523900.0,0.0,81714300.0,,47322200.0,,58376200.0,0.0,854000.0,,298300.0,,398800.0,,0.0,5795500.0,0.0,5803300.0,0.0,73235900.0,0.0,39802400.0,,18276300.0,,1943100.0,0.0,11160400.0,,4365300.0,0.0,20969300.0,,301000.0,0.0,13171000.0,0.0,5931400.0,0.0,11061900.0,,8157500.0,0,10511900.0,,6725400.0,,24867900.0,,,,8913700.0,,27800800.0,0.0,,,0.0,,3455100.0,60.0
2026-07-29,12428883.0,1566493.0,65555523.0,1436271.0,1978355.0,1378514.0,1652978.0,38902565.0,36203193.0,43220249.0,482247702.0,46871501.0,81344260.0,11948530.0,15878996.0,12204300.0,0.0,56090800.0,,9881800.0,0.0,5367800.0,,10166900.0,0.0,32304900.0,,44957500.0,,5599400.0,,9419100.0,0.0,2538800.0,0.0,12875300.0,0.0,21374400.0,0.0,8028100.0,0.0,9066400.0,,,,44264900.0,,137093900.0,,32464000.0,0.0,207700.0,,746400.0,,5057500.0,,0.0,1432600.0,,6291600.0,,0.0,22489.0,5966400.0,,6436900.0,0.0,2633300.0,0.0,0.0,327417.0,6900600.0,0.0,6802400.0,,,1973400.0,0,7734000.0,,7010900.0,0.0,18139500.0,,7152500.0,0.0,37130100.0,0.0,22761500.0,0.0,,,6349100.0,0.0,11070100.0,,7597300.0,0.0,125046500.0,,3113200.0,0.0,5649200.0,0.0,9733800.0,89093,48396200.0,0.0,19502500.0,0.0,9974000.0,,6707800.0,0.0,1160100.0,0.0,89664.0,3697300.0,0.0,,25603400.0,0.0,2637500.0,,27501600.0,,3198400.0,,,4028500.0,,4649.0,29237500.0,0.0,,,23046600.0,,12304800.0,0.0,,8806700.0,0.0,152394600.0,0.0,7537100.0,0.0,71021400.0,0.0,33297400.0,0.0,8265300.0,0.0,20427600.0,0.0,21711700.0,,,93790800.0,0.0,795700.0,0.0,,,6388600.0,,2170900.0,0.0,16103100.0,0.0,,22371100.0,275183,0.0,25708900.0,0.0,47209000.0,,14243200.0,,69846000.0,,82932000.0,,3657500.0,0.0,0.0,,39775900.0,0.0,43737600.0,,112922.0,94740900.0,0.0,40448100.0,0,147680800.0,,8713000.0,0.0,59019400.0,0.0,28081800.0,,14.0,6336700.0,0.0,1023000.0,0.0,3169400.0,68041.0,75.0,27207900.0,0.0,,18759500.0,,19240700.0,0.0,,0.0,57233300.0,,4231300.0,,18465800.0,0.0,19510900.0,0.0,,,3990000.0,0.0,382.0,65810000.0,0.0,,40892200.0,0.0,19440900.0,1739.0,24491100.0,0.0,8782300.0,,221465500.0,0.0,193584300.0,,9040600.0,0.0,149950200.0,0.0,78342300.0,0.0,53995200.0,,70697200.0,,67201900.0,0.0,1065600.0,,218200.0,,364200.0,,0.0,9221700.0,0.0,6811900.0,0.0,103582900.0,0.0,39478000.0,,21700200.0,,2480600.0,0.0,10212400.0,,5140100.0,0.0,12052100.0,,392800.0,0.0,13484800.0,0.0,11417600.0,0.0,11289900.0,,21265700.0,0,9231500.0,,6714200.0,,23480000.0,,,,9042200.0,,34166800.0,0.0,,,0.0,,3093200.0,0.0
2026-07-30,9543189.0,961582.0,46694193.0,1400040.0,1680475.0,1398060.0,1265580.0,40431123.0,31791979.0,37884770.0,242298426.0,69370223.0,50353885.0,10294960.0,16124933.0,10949200.0,0.0,74817800.0,,6869000.0,0.0,6352700.0,,12166300.0,0.0,36936600.0,,101839800.0,,7541500.0,,12805900.0,0.0,2170500.0,0.0,12852700.0,0.0,23639800.0,0.0,18555600.0,0.0,7921300.0,,,,35304300.0,,56882100.0,,35754200.0,0.0,133900.0,,611500.0,,4055100.0,,0.0,1318900.0,,5740600.0,,0.0,6854.0,3505200.0,,6702900.0,0.0,2461500.0,0.0,0.0,235395.0,6357000.0,0.0,7881300.0,,,2334500.0,162,8150300.0,,6966700.0,0.0,12182400.0,,8958800.0,0.0,44148900.0,0.0,25570000.0,0.0,,,6193700.0,0.0,21112400.0,,10773600.0,0.0,130110900.0,,2706600.0,0.0,6534600.0,0.0,6122800.0,196402,50705000.0,0.0,17505500.0,0.0,8155800.0,,5496700.0,0.0,771500.0,0.0,16985.0,3134700.0,0.0,,18987700.0,0.0,2353600.0,,30168000.0,,2330800.0,,,6275400.0,,3459.0,17215900.0,0.0,,,29692500.0,,20281900.0,0.0,,9675200.0,0.0,140322600.0,205358.0,7177300.0,0.0,72983600.0,0.0,22198800.0,0.0,7606500.0,0.0,17485100.0,0.0,17616100.0,,,73107500.0,0.0,2731100.0,0.0,,,5621200.0,,3027700.0,0.0,22085800.0,0.0,,42271500.0,104743,0.0,29861700.0,0.0,110160700.0,,13472200.0,,63075300.0,,86628600.0,,3876900.0,0.0,0.0,,42302400.0,0.0,54261000.0,,122809.0,106977600.0,0.0,29757900.0,0,129010200.0,,10594900.0,0.0,55505800.0,0.0,41338400.0,,1.0,6859300.0,0.0,1281400.0,0.0,2873900.0,28100.0,17.0,27801600.0,0.0,,11974400.0,,24336800.0,0.0,,0.0,66753700.0,,11864900.0,,26866500.0,0.0,18165300.0,0.0,,,4489900.0,0.0,138.0,52881200.0,0.0,,38544900.0,0.0,14175000.0,1613.0,24398700.0,2804782.0,6453500.0,,203988900.0,0.0,83365000.0,,7715300.0,0.0,109931900.0,0.0,83779800.0,0.0,56008000.0,,66811300.0,,65273700.0,0.0,1078000.0,,272300.0,,213700.0,,0.0,7309100.0,0.0,6905600.0,0.0,75877800.0,0.0,38005400.0,,17474200.0,,2309500.0,0.0,9238400.0,,3329100.0,0.0,14183500.0,,392800.0,0.0,11208300.0,0.0,7128200.0,0.0,8391400.0,,14508000.0,0,8408800.0,,5411500.0,,28747000.0,,,,6725300.0,,23045700.0,0.0,2.0,,0.0,,2840600.0,0.0
2026-07-31,10499619.0,1085656.0,58478873.0,613210.0,1766586.0,2222655.0,1754895.0,34727609.0,31100240.0,45160299.0,414222166.0,56942000.0,50464900.0,13482948.0,10573360.0,9739900.0,0.0,132489100.0,,5589500.0,0.0,5329400.0,,7411500.0,0.0,26615700.0,,129054800.0,,15452200.0,,7229200.0,0.0,1601400.0,0.0,9758400.0,0.0,20391000.0,0.0,29625900.0,0.0,17030500.0,,,,21963500.0,,83316000.0,,35751900.0,0.0,507600.0,,769600.0,,3939800.0,,0.0,1106300.0,,4897900.0,,0.0,46811.0,2423600.0,,3787400.0,0.0,1948400.0,0.0,0.0,257851.0,5475200.0,0.0,20870300.0,,,1760200.0,0,13726400.0,,6428500.0,0.0,9691500.0,,7887400.0,0.0,26415900.0,0.0,18812000.0,0.0,,,4853900.0,0.0,11193000.0,,8444700.0,0.0,101145600.0,,3676100.0,0.0,5290700.0,0.0,8744000.0,201417,37067900.0,0.0,23577500.0,0.0,6644400.0,,7627700.0,0.0,864100.0,0.0,1166.0,2357600.0,0.0,,14523400.0,0.0,2509300.0,,46498000.0,,1553700.0,,,4961900.0,,1669.0,12585300.0,0.0,,,22953500.0,,17247400.0,0.0,,9093600.0,0.0,109039500.0,292083.0,4420000.0,0.0,65451200.0,0.0,28350700.0,0.0,6603400.0,0.0,13512400.0,0.0,14725900.0,,,70820600.0,0.0,1518900.0,0.0,,,4550400.0,,2884600.0,0.0,12561200.0,0.0,,24261500.0,44547,0.0,26835500.0,0.0,60846000.0,,20678300.0,,54538600.0,,83591000.0,,3412100.0,0.0,0.0,,25703400.0,0.0,35847500.0,,117480.0,91720600.0,0.0,20525300.0,0,139961200.0,,26798000.0,0.0,59686600.0,0.0,34438700.0,,0.0,5027700.0,0.0,1416200.0,0.0,2791100.0,50520.0,1.0,29085100.0,0.0,,9773000.0,,13811200.0,0.0,,0.0,50540500.0,,29916700.0,,54522300.0,0.0,13533800.0,0.0,,,3388000.0,0.0,65.0,46065100.0,0.0,,34956100.0,0.0,14673900.0,1616.0,21176600.0,2177126.0,7383100.0,,173673200.0,0.0,56688800.0,,9674300.0,0.0,102613300.0,0.0,97611400.0,0.0,58835700.0,,62445900.0,,60246600.0,0.0,2079300.0,,227300.0,,387700.0,,0.0,3771500.0,0.0,11063500.0,0.0,86709900.0,0.0,36630600.0,,11956100.0,,1931000.0,0.0,8835500.0,,4581500.0,0.0,11993900.0,,408000.0,0.0,11678700.0,0.0,8718700.0,0.0,7828400.0,,10849600.0,0,9502300.0,,5321300.0,,22799100.0,,,,8044000.0,,23556500.0,0.0,0.0,,0.0,,4598800.0,0.0
2026-08-01,,,,,,,,,,,,,,,,,0.0,,,,0.0,,,,0.0,,,,,,,,0.0,,0.0,,0.0,,0.0,,0.0,,,,,,,,,,0.0,,,,,,,0.0,,,,,0.0,,,,,0.0,,0.0,0.0,,,0.0,,,,,44,,,,0.0,,,,0.0,,0.0,,0.0,,,,0.0,,,,0.0,,,,0.0,,0.0,,249648,,0.0,,0.0,,,,0.0,,0.0,,,0.0,,,0.0,,,,,,,,,,,,0.0,,,,,,0.0,,,0.0,,30321.0,,0.0,,0.0,,0.0,,0.0,,0.0,,,,,0.0,,0.0,,,,,,0.0,,0.0,,,131579,0.0,,0.0,,,,,,,,,,0.0,0.0,,,0.0,,,,,0.0,,0,,,,0.0,,0.0,,,,,0.0,,0.0,,26112.0,,,0.0,,,,,0.0,,0.0,,,,,,0.0,,0.0,,,,0.0,,,0.0,,,0.0,,1575.0,,155661.0,,,,0.0,,,,0.0,,0.0,,0.0,,,,,,0.0,,,,,,,0.0,,0.0,,0.0,,0.0,,,,,,0.0,,,,0.0,,,,0.0,,0.0,,0.0,,,,0,,,,,,,,,,,,0.0,0.0,,0.0,,,0.0
2026-08-02,,,,,,,,,,,,,,,,,0.0,,,,0.0,,,,0.0,,,,,,,,0.0,,0.0,,0.0,,0.0,,0.0,,,,,,,,,,0.0,,,,,,,0.0,,,,,0.0,,,,,0.0,,0.0,0.0,,,0.0,,,52.0,,25,,,,0.0,,,,0.0,,0.0,,0.0,,,,0.0,,,,0.0,,,,0.0,,0.0,,236168,,0.0,,0.0,,,,0.0,,0.0,,,0.0,,,0.0,,,,,,,,,,,,0.0,,,,,,0.0,,,0.0,,49705.0,,0.0,,0.0,,0.0,,0.0,,0.0,,,,,0.0,,0.0,,,,,,0.0,,0.0,,,1421504,0.0,,0.0,,,,,,,,,,0.0,0.0,,,0.0,,,,,0.0,,0,,,,0.0,,0.0,,,,,0.0,,0.0,,25248.0,,,0.0,,,,,0.0,,0.0,,,,,,0.0,,0.0,,,,0.0,,,0.0,,,0.0,,1594.0,,257626.0,,,,0.0,,,,0.0,,0.0,,0.0,,,,,,0.0,,,,,,,0.0,,0.0,,0.0,,0.0,,,,,,0.0,,,,0.0,,,,0.0,,0.0,,0.0,,,,0,,,,,,,,,,,,0.0,,,0.0,,,0.0
2026-08-03,5432833.0,826843.0,27825493.0,1107138.0,662318.0,679433.0,754750.0,27169695.0,38649910.0,42666995.0,291271451.0,32185235.0,39105188.0,5034470.0,13490332.0,12055500.0,0.0,75052000.0,,4293800.0,0.0,4136300.0,,5978900.0,0.0,24422300.0,,90830200.0,,4591800.0,,6049200.0,13723.0,1437400.0,0.0,12578200.0,0.0,17315100.0,0.0,17636100.0,0.0,14603700.0,,,,18450900.0,,99674600.0,,21896700.0,0.0,261000.0,,521000.0,,4249000.0,,0.0,1294200.0,,5503800.0,,0.0,38780.0,3314300.0,,4894800.0,0.0,1243700.0,0.0,0.0,294823.0,5547900.0,0.0,9148500.0,,40.0,2014100.0,0,15928800.0,,4667700.0,0.0,12908000.0,,10302600.0,0.0,44558900.0,0.0,17712400.0,0.0,,,4838300.0,0.0,11480300.0,,12326800.0,0.0,64583400.0,,6517800.0,0.0,4024500.0,0.0,5349300.0,240565,21410100.0,0.0,13943200.0,0.0,4319900.0,,6978200.0,0.0,803500.0,0.0,698.0,2011400.0,0.0,,12618600.0,0.0,41713200.0,,38669700.0,,1706500.0,,,2908100.0,,833.0,14796000.0,0.0,,,19740500.0,,17026300.0,0.0,,7974700.0,0.0,96633600.0,226718.0,3558500.0,0.0,43898300.0,0.0,23175700.0,0.0,6436600.0,0.0,10263000.0,0.0,23197100.0,,,36954300.0,0.0,1510000.0,0.0,,,4198400.0,,2934000.0,0.0,10010900.0,0.0,,25938100.0,627285,0.0,21015800.0,0.0,66762100.0,,13894600.0,,42607100.0,,54970300.0,,2589700.0,0.0,0.0,,28630300.0,0.0,33922300.0,,101918.0,61112500.0,0.0,24517500.0,0,128406900.0,,11859700.0,0.0,55788300.0,0.0,49696900.0,,0.0,7306700.0,0.0,1355200.0,0.0,1910700.0,25897.0,0.0,77282900.0,0.0,,9303200.0,,13700700.0,0.0,,0.0,44965100.0,,10648300.0,,22327700.0,0.0,16768900.0,0.0,,,2469400.0,0.0,90.0,29619600.0,0.0,,24010900.0,0.0,7283800.0,1586.0,14759300.0,1431931.0,7988000.0,,115916300.0,0.0,83847200.0,,5736700.0,0.0,81117500.0,0.0,67768600.0,0.0,70524000.0,,59927500.0,,139019300.0,0.0,1839600.0,,164000.0,,548500.0,,0.0,2698700.0,0.0,5387800.0,0.0,62223600.0,0.0,38281400.0,,12676900.0,,1630000.0,0.0,8017300.0,,5293000.0,0.0,12953300.0,,432400.0,0.0,11158100.0,0.0,6052600.0,0.0,5521300.0,,9517100.0,3,8279900.0,,5038500.0,,23942500.0,,,,6719000.0,,26038400.0,0.0,,,0.0,,3355000.0,0.0
2026-08-04,5391210.0,680354.0,29433821.0,982295.0,2278507.0,865479.0,1179360.0,21430764.0,24860019.0,40959210.0,154554311.0,50591256.0,45144070.0,6003469.0,8381789.0,21013700.0,0.0,68001000.0,,4203000.0,0.0,10057000.0,,7971700.0,0.0,48463600.0,,69748100.0,,7149600.0,,9892200.0,24503.0,1526700.0,0.0,20484200.0,0.0,29564200.0,0.0,23589300.0,0.0,10755800.0,,,,18854900.0,,72560100.0,,28707800.0,0.0,296100.0,,377500.0,,4771300.0,,0.0,2214400.0,,5864000.0,,0.0,64851.0,6230100.0,,5315900.0,0.0,2068800.0,0.0,0.0,362270.0,8958000.0,0.0,7289000.0,,,2437300.0,0,12757700.0,,6945100.0,0.0,9326900.0,,8354500.0,0.0,33601300.0,0.0,26637900.0,0.0,,,7583200.0,0.0,16796800.0,,12847600.0,0.0,53900200.0,,4586200.0,0.0,3303900.0,0.0,4749500.0,267649,23897700.0,0.0,26218600.0,0.0,4710900.0,,9302200.0,0.0,932000.0,0.0,426.0,2187700.0,0.0,0.0,19442500.0,0.0,10836600.0,,35705700.0,,2653600.0,,,4275000.0,,952.0,11425600.0,0.0,,,22639500.0,,25682700.0,0.0,,7537900.0,0.0,124355100.0,178685.0,6629500.0,0.0,41251300.0,0.0,20751800.0,0.0,8477200.0,0.0,13251400.0,0.0,17085700.0,,,36860400.0,0.0,2205000.0,0.0,,,6642900.0,,4097200.0,0.0,15796600.0,0.0,,17959200.0,109901,0.0,33923400.0,0.0,50455500.0,,15220800.0,,37478600.0,,40340500.0,,5751100.0,0.0,0.0,,21356700.0,0.0,42877900.0,,139814.0,99289300.0,0.0,19398600.0,23,134922000.0,,47478800.0,0.0,73361700.0,0.0,43723500.0,,0.0,8186900.0,0.0,855600.0,0.0,1968700.0,29400.0,0.0,175034700.0,0.0,,10322200.0,,16351500.0,0.0,,0.0,59778600.0,,6155500.0,,23356500.0,0.0,19421300.0,0.0,,,2155500.0,0.0,9.0,34369800.0,0.0,,56404600.0,0.0,9566200.0,1601.0,14685300.0,1658919.0,5632100.0,,106661200.0,0.0,61346100.0,,7056900.0,0.0,78456600.0,0.0,83746200.0,0.0,144130100.0,,69154800.0,,78911900.0,0.0,1798100.0,,111100.0,,332100.0,,0.0,4144100.0,0.0,5796200.0,0.0,73728500.0,0.0,33318300.0,,13929100.0,,2096600.0,0.0,8978800.0,,5854900.0,0.0,20046000.0,,627600.0,0.0,13881600.0,0.0,7088500.0,0.0,7497500.0,,5802700.0,0,7806200.0,,5089600.0,,29620000.0,,,,7841300.0,,37661500.0,0.0,,,0.0,,3653500.0,0.0
2026-08-05,3945674.0,545657.0,22577128.0,1023094.0,1090483.0,626113.0,1343478.0,18191398.0,25662478.0,33205906.0,140378692.0,72323043.0,39987699.0,8351691.0,6638049.0,12480200.0,0.0,49438800.0,,4285500.0,0.0,9286100.0,,5358100.0,0.0,49615800.0,,45119800.0,,10805000.0,,4439300.0,17546.0,1221000.0,0.0,12188600.0,0.0,16880400.0,0.0,13625400.0,0.0,9553900.0,,,,13321700.0,,74923200.0,,29280000.0,0.0,67600.0,,186000.0,,3749400.0,,0.0,5172600.0,,3791100.0,,0.0,43282.0,3363200.0,,3650800.0,0.0,1773900.0,0.0,0.0,259965.0,5780900.0,0.0,6818900.0,,353.0,1692400.0,0,20101200.0,,4282000.0,0.0,9605500.0,,7324900.0,0.0,20798100.0,0.0,18468700.0,0.0,,,6984200.0,0.0,20809000.0,,26981300.0,0.0,48149600.0,,7274700.0,0.0,2777700.0,0.0,6605400.0,231850,14363000.0,0.0,18736600.0,0.0,3361300.0,,18407700.0,0.0,533000.0,0.0,1349.0,1704200.0,0.0,0.0,8877800.0,0.0,8358000.0,,46926300.0,,1648000.0,,,3140400.0,,1603.0,8377400.0,0.0,,,15234500.0,,17337900.0,0.0,,5726900.0,6477.0,85388400.0,132689.0,4282700.0,0.0,34371000.0,0.0,17791000.0,0.0,5269500.0,0.0,10017200.0,0.0,15868600.0,,,30672100.0,0.0,2296600.0,0.0,,,3421900.0,,6445700.0,0.0,9302000.0,0.0,,14897200.0,146739,0.0,16884600.0,26807.0,33388900.0,,13695600.0,,34720300.0,,51818100.0,,3381600.0,0.0,0.0,,15769000.0,0.0,28969400.0,,87311.0,68253700.0,0.0,15596900.0,0,158187400.0,,22275700.0,0.0,108975500.0,0.0,23524100.0,,0.0,5607500.0,0.0,1015900.0,0.0,1324300.0,27396.0,0.0,63515900.0,0.0,,8523900.0,,9725700.0,0.0,,0.0,33540200.0,,4169300.0,,17681100.0,0.0,16755300.0,0.0,,,1310100.0,0.0,6.0,19977000.0,0.0,,35605000.0,0.0,6209400.0,1594.0,16369800.0,2146091.0,4590900.0,,123281000.0,0.0,56859700.0,,4230300.0,0.0,67515700.0,0.0,65233400.0,0.0,208488400.0,,44689100.0,,55642300.0,0.0,1397700.0,,99300.0,,145200.0,,0.0,3183600.0,0.0,3437600.0,0.0,70885800.0,0.0,27820800.0,,12790400.0,,2109200.0,0.0,5414400.0,,4900800.0,0.0,50131900.0,,541400.0,0.0,9375100.0,0.0,7560800.0,0.0,6065300.0,,5933200.0,0,9633600.0,,5099500.0,,21446300.0,,,,8973800.0,,33213500.0,0.0,,,0.0,,2557800.0,0.0
2026-08-06,5498295.0,527513.0,26101823.0,971901.0,961609.0,449146.0,910158.0,14845527.0,21801977.0,32397693.0,199623572.0,42295059.0,25553923.0,5519415.0,19505149.0,15377200.0,0.0,46139900.0,,4700600.0,0.0,4944000.0,,4173200.0,0.0,24675300.0,,30672900.0,,15235900.0,,4375100.0,19353.0,1072500.0,0.0,13024500.0,0.0,13907500.0,0.0,11410200.0,0.0,4900100.0,,,,11843200.0,,60246100.0,,25003800.0,0.0,133900.0,,156600.0,,4352800.0,,0.0,2601500.0,,3801700.0,,0.0,40651.0,2896500.0,,2956200.0,0.0,1354100.0,0.0,0.0,246260.0,6037000.0,0.0,5850800.0,,,2116500.0,1055,12340000.0,,3657900.0,0.0,13297600.0,,6911300.0,0.0,16601400.0,0.0,14049700.0,0.0,,,6094400.0,0.0,14047200.0,,25692100.0,0.0,54819600.0,,7232900.0,0.0,2694600.0,0.0,4650500.0,260935,17697600.0,0.0,20191400.0,0.0,3566600.0,,28500200.0,0.0,459200.0,0.0,3101.0,1763700.0,0.0,0.0,12305900.0,0.0,7354400.0,,25235900.0,,1726500.0,,,2622400.0,,987.0,8294500.0,0.0,,,12443600.0,,17447500.0,0.0,,4250100.0,10488.0,78088100.0,93875.0,3462600.0,0.0,31457000.0,0.0,16314100.0,0.0,5820100.0,0.0,13257400.0,0.0,13568500.0,,,35365000.0,0.0,836200.0,0.0,,,4140200.0,,3422400.0,0.0,7430400.0,0.0,,11811500.0,76729,0.0,16804200.0,47548.0,36441500.0,,10128700.0,,35784100.0,,42020900.0,,2419900.0,0.0,0.0,,26723800.0,0.0,28892700.0,,124916.0,47149200.0,0.0,16281500.0,0,113940600.0,,13121000.0,0.0,69285000.0,0.0,23073300.0,,0.0,5684200.0,0.0,532700.0,0.0,1141900.0,25051.0,0.0,41751400.0,0.0,,10754100.0,,7232800.0,0.0,,0.0,33035900.0,,3466400.0,,13934600.0,0.0,19508300.0,0.0,,,1347800.0,0.0,8.0,22257500.0,0.0,,26698000.0,0.0,6231700.0,1569.0,19161700.0,3096717.0,5968400.0,,142418800.0,0.0,45351100.0,,5511800.0,0.0,57025200.0,0.0,70920500.0,0.0,255176600.0,,38416900.0,,54593800.0,0.0,1350900.0,,134000.0,,157400.0,,0.0,2629600.0,0.0,3309400.0,0.0,60887200.0,0.0,26033800.0,,10628900.0,,3985700.0,0.0,4795100.0,,4693700.0,0.0,31510100.0,,306200.0,0.0,10449100.0,0.0,5660900.0,0.0,5022300.0,,5084700.0,0,16190100.0,,12691800.0,,23203100.0,,,,8778700.0,,25084300.0,0.0,,,0.0,,2017000.0,0.0
2026-08-07,5002539.0,415672.0,20546010.0,894867.0,1755934.0,732793.0,1456931.0,14130664.0,16319939.0,23414357.0,148233931.0,57189157.0,28419007.0,7487226.0,8351920.0,24102400.0,0.0,34437200.0,,4752600.0,0.0,3547300.0,,4555000.0,0.0,26618800.0,,33861400.0,,7737000.0,,3831200.0,36852.0,1064900.0,0.0,14397100.0,0.0,14698300.0,0.0,19172800.0,0.0,6061700.0,,,,15103400.0,,57717000.0,,29938600.0,0.0,66800.0,,588200.0,,3645100.0,,0.0,1887900.0,,4069700.0,,0.0,37626.0,2443800.0,,4156800.0,0.0,1887200.0,0.0,0.0,241222.0,11257200.0,0.0,8747700.0,,29.0,1523800.0,0,12164500.0,,4265500.0,0.0,11392800.0,,5882000.0,0.0,18664100.0,0.0,15964600.0,0.0,,,5208400.0,0.0,10929700.0,,37778300.0,0.0,50283500.0,,5512400.0,0.0,4484900.0,0.0,2213800.0,224257,15097500.0,0.0,19423000.0,0.0,3374000.0,,8480900.0,0.0,521800.0,0.0,422.0,2477400.0,0.0,0.0,10740900.0,0.0,4766500.0,,19859900.0,,1429400.0,,,3584800.0,,1449.0,8391200.0,0.0,,,14860500.0,,14041900.0,0.0,,4763300.0,13226.0,76760600.0,124287.0,2976400.0,0.0,32417500.0,0.0,18416800.0,0.0,4566200.0,0.0,8974100.0,0.0,11221700.0,,,29245900.0,0.0,2406600.0,0.0,,,5818800.0,,2898500.0,0.0,6714100.0,0.0,,11250300.0,49867,0.0,19663400.0,58356.0,28846200.0,,29002700.0,,34568500.0,,35819800.0,,3904500.0,0.0,0.0,,22822900.0,0.0,24819000.0,,157146.0,50168600.0,0.0,26705900.0,0,105669400.0,,12079400.0,0.0,72873400.0,0.0,22874000.0,,8.0,4811300.0,0.0,769600.0,0.0,2061000.0,24546.0,0.0,77579900.0,0.0,,8413900.0,,9723300.0,0.0,,0.0,31070400.0,,4509600.0,,17681100.0,0.0,24244900.0,0.0,,,2617000.0,0.0,461.0,34377400.0,0.0,,32380700.0,0.0,6505000.0,1595.0,13953700.0,1335229.0,6217400.0,,98238800.0,0.0,51642400.0,,4414600.0,0.0,61350700.0,0.0,57604600.0,0.0,242130700.0,,43586300.0,,52557900.0,0.0,1498700.0,,121000.0,,229600.0,,0.0,3737900.0,0.0,4228700.0,0.0,59409800.0,0.0,39492300.0,,9159600.0,,3987100.0,0.0,7713700.0,,3753800.0,0.0,33069600.0,,611200.0,0.0,19079300.0,0.0,6758100.0,0.0,5112500.0,,3909500.0,0,11820800.0,,18286100.0,,18819300.0,,,,8397100.0,,21092700.0,0.0,3.0,,0.0,,3360600.0,0.0
2026-08-08,,,,,,,,,,,,,,,,,0.0,,,,0.0,,,,0.0,,,,,,,,1932.0,,0.0,,0.0,,0.0,,0.0,,,,,,,,,,0.0,,,,,,,0.0,,,,,0.0,,,,,0.0,,0.0,0.0,,,0.0,,,,,0,,,,0.0,,,,0.0,,0.0,,0.0,,,,0.0,,,,0.0,,,,0.0,,0.0,,224418,,0.0,,0.0,,,,0.0,,0.0,,,0.0,0.0,,0.0,,,,,,,,,,,,0.0,,,,,,0.0,,,4241.0,,31970.0,,0.0,,0.0,,0.0,,0.0,,0.0,,,,,0.0,,0.0,,,,,,0.0,,0.0,,,24888,0.0,,7016.0,,,,,,,,,,0.0,0.0,,,0.0,,,,,0.0,,0,,,,0.0,,0.0,,,,,0.0,,0.0,,24573.0,,,0.0,,,,,0.0,,0.0,,,,,,0.0,,0.0,,,,0.0,,,0.0,,,0.0,,1583.0,,143282.0,,,,0.0,,,,0.0,,0.0,,0.0,,,,,,0.0,,,,,,,0.0,,0.0,,0.0,,0.0,,,,,,0.0,,,,0.0,,,,0.0,,0.0,,0.0,,,,0,,,,,,,,,,,,0.0,0.0,,0.0,,,124.0
2026-08-09,,,,,,,,,,,,,,,,,0.0,,,,0.0,,,,0.0,,,,,,,,1753.0,,0.0,,0.0,,0.0,,0.0,,,,,,,,,,0.0,,,,,,,0.0,,,,,0.0,,,,,0.0,,0.0,0.0,,,0.0,,,,,138,,,,0.0,,,,0.0,,0.0,,0.0,,,,0.0,,,,0.0,,,,0.0,,0.0,,231939,,0.0,,0.0,,,,0.0,,0.0,,,0.0,0.0,,0.0,,,,,,,,,,,,0.0,,,,,,0.0,,,4350.0,,24711.0,,0.0,,0.0,,0.0,,0.0,,0.0,,,,,0.0,,0.0,,,,,,0.0,,0.0,,,27569,0.0,,5838.0,,,,,,,,,,0.0,0.0,,,0.0,,,,,0.0,,0,,,,0.0,,0.0,,,,,0.0,,0.0,,27070.0,,,0.0,,,,,0.0,,0.0,,,,,,0.0,,0.0,,,,0.0,,,0.0,,,0.0,,1579.0,,167032.0,,,,0.0,,,,0.0,,0.0,,0.0,,,,,,0.0,,,,,,,0.0,,0.0,,0.0,,0.0,,,,,,0.0,,,,0.0,,,,0.0,,0.0,,0.0,,,,0,,,,,,,,,,,,0.0,0.0,,0.0,,,1760.0
2026-08-10,3295283.0,458584.0,16327805.0,612678.0,733171.0,591703.0,1054814.0,13128894.0,15508724.0,21862682.0,149650782.0,52592131.0,25201362.0,4056368.0,13414139.0,18508700.0,0.0,44812500.0,,4052600.0,0.0,3364800.0,,7019400.0,0.0,19656600.0,,35731900.0,,6272900.0,,3182800.0,18478.0,1107000.0,0.0,15033200.0,0.0,13854100.0,0.0,18598700.0,0.0,9449400.0,,,,9013500.0,,61322400.0,,27665500.0,0.0,176200.0,,368300.0,,6094800.0,,0.0,7008800.0,,5260100.0,,0.0,30023.0,1900900.0,,3691000.0,0.0,2021700.0,0.0,0.0,271132.0,9845600.0,0.0,6089900.0,,,1479200.0,0,7901700.0,,4320600.0,0.0,9706600.0,,8178500.0,0.0,20894800.0,0.0,21131900.0,0.0,,,4986600.0,0.0,8631900.0,,18762600.0,0.0,27639400.0,,5113200.0,0.0,2595800.0,0.0,4619100.0,209349,13583700.0,0.0,23089000.0,0.0,2930900.0,,5188600.0,0.0,743000.0,0.0,1303.0,1587500.0,0.0,0.0,7678200.0,0.0,8613100.0,,18991400.0,,1819100.0,,,3124800.0,,1049.0,17688800.0,0.0,,,11971600.0,,15824100.0,0.0,,7348900.0,7844.0,101153400.0,124884.0,4247100.0,0.0,33395800.0,0.0,16226900.0,0.0,5327500.0,0.0,10318300.0,0.0,13710800.0,,,21725800.0,0.0,519400.0,0.0,,,6155000.0,,3011900.0,0.0,7022800.0,0.0,,14967300.0,34319,0.0,20948500.0,83764.0,31206100.0,,13560300.0,,27818600.0,,29435800.0,,3291400.0,0.0,0.0,,16165200.0,0.0,26959900.0,,215477.0,42593200.0,0.0,17216100.0,0,115846600.0,,10185200.0,0.0,88050300.0,0.0,24265000.0,,0.0,5828000.0,0.0,762200.0,0.0,1806000.0,26415.0,0.0,57402700.0,0.0,,6707100.0,,9260000.0,0.0,,0.0,26243200.0,,3101700.0,,18181200.0,0.0,34015000.0,0.0,,,1226400.0,0.0,24.0,17486200.0,0.0,,56320400.0,0.0,6476700.0,1602.0,10870900.0,1496205.0,4668700.0,,64923500.0,0.0,38213700.0,,4567000.0,0.0,50105400.0,0.0,41822200.0,0.0,169934300.0,,39249500.0,,38040800.0,0.0,1254800.0,,28000.0,,242600.0,,0.0,2377200.0,0.0,3820500.0,0.0,44224500.0,0.0,25003800.0,,11776100.0,,3776700.0,0.0,4210800.0,,4035000.0,0.0,27263300.0,,234000.0,0.0,17425800.0,0.0,4925800.0,0.0,7552200.0,,2859500.0,0,7258600.0,,13528900.0,,19144000.0,,,,7454700.0,,33677800.0,0.0,,,0.0,,3347000.0,140.0
2026-08-11,3817655.0,327064.0,23310969.0,724733.0,649296.0,416434.0,800188.0,14065397.0,19558079.0,44645983.0,120335468.0,33973722.0,33413204.0,3558893.0,8205640.0,9211200.0,0.0,37476700.0,,4675200.0,0.0,2707100.0,,6973800.0,0.0,18052500.0,,31895700.0,,8030100.0,,3176900.0,22487.0,1479700.0,0.0,13435000.0,0.0,12882700.0,0.0,7555100.0,0.0,6783900.0,,,,8714500.0,,84406400.0,,19611300.0,0.0,190100.0,,525200.0,,4718600.0,,0.0,4473000.0,,7373700.0,,0.0,35498.0,2173800.0,,3203200.0,0.0,1534900.0,0.0,0.0,283823.0,6507100.0,0.0,6472600.0,,,1801400.0,0,14290900.0,,2456300.0,0.0,11171600.0,,6343100.0,0.0,46381400.0,0.0,16377800.0,0.0,,,4796100.0,0.0,6781600.0,,11397900.0,0.0,32397500.0,,2954000.0,0.0,1683500.0,0.0,4224800.0,236220,13177900.0,0.0,34926500.0,0.0,2887700.0,,4171300.0,0.0,699500.0,0.0,204.0,1631900.0,0.0,0.0,6070300.0,0.0,5306000.0,,29081800.0,,1829300.0,,,2549700.0,,1564.0,23169300.0,0.0,,,11712700.0,,10844900.0,0.0,,4469000.0,5773.0,164063600.0,91463.0,3043700.0,0.0,42117200.0,0.0,14942800.0,0.0,4576500.0,0.0,8098400.0,0.0,16018000.0,,,22584500.0,0.0,,0.0,,,5985700.0,,2113200.0,0.0,7669400.0,0.0,,13146900.0,58229,0.0,15429200.0,40670.0,23049800.0,,12159900.0,,29438300.0,,29501900.0,,1024100.0,0.0,0.0,,22528700.0,0.0,27840500.0,,191841.0,65915900.0,0.0,13461000.0,0,101273100.0,,7834700.0,0.0,74807400.0,0.0,28761800.0,,0.0,6039700.0,0.0,,0.0,1227500.0,24964.0,0.0,43162500.0,0.0,,9752300.0,,6326700.0,0.0,,0.0,29286100.0,,2735400.0,,15414100.0,0.0,30082100.0,0.0,,,1355200.0,0.0,8.0,17091000.0,0.0,,95520500.0,0.0,5029000.0,1559.0,9412800.0,1263371.0,3662000.0,,56742800.0,0.0,38901400.0,,3757400.0,0.0,38282500.0,0.0,37132000.0,0.0,108900600.0,,36740600.0,,36101100.0,0.0,1036300.0,,,,419200.0,,0.0,1810700.0,0.0,4142100.0,0.0,43674100.0,0.0,23345200.0,,9703600.0,,2447600.0,0.0,4470100.0,,3825800.0,0.0,18711700.0,,,0.0,15138500.0,0.0,4136700.0,0.0,4440900.0,,3686900.0,0,6095100.0,,7920300.0,,17005800.0,,,,6203700.0,,22400800.0,0.0,,,0.0,,,85.0
2026-08-12,4566672.0,411565.0,27102479.0,701750.0,833014.0,581820.0,3086187.0,15084783.0,27593015.0,47119678.0,106974043.0,31072873.0,33443066.0,3825476.0,12043127.0,13189200.0,0.0,41657800.0,,4191700.0,0.0,4453700.0,,7495000.0,0.0,18628300.0,,29941100.0,,9322300.0,,3368900.0,12736.0,1388800.0,0.0,11472700.0,0.0,15859200.0,0.0,11280900.0,0.0,9231700.0,,,,15885700.0,,55870000.0,,21885200.0,0.0,120500.0,,546800.0,,4599100.0,,0.0,3435300.0,,4182400.0,,0.0,35263.0,3148500.0,,11303300.0,0.0,3989300.0,0.0,0.0,250779.0,12452800.0,0.0,5927300.0,,8.0,1311800.0,0,8679200.0,,5267100.0,0.0,12787900.0,,6919400.0,0.0,87308400.0,0.0,36223000.0,0.0,0.0,0.0,6243900.0,0.0,6717500.0,,8727600.0,0.0,53541800.0,,4200900.0,0.0,2240900.0,0.0,4651400.0,183727,17891300.0,0.0,25018500.0,0.0,3505800.0,,4049700.0,0.0,1038600.0,0.0,660.0,1497900.0,0.0,0.0,10086900.0,0.0,5162100.0,,25012000.0,,1737800.0,,,3965800.0,,638.0,16908500.0,0.0,,,13871400.0,,22395200.0,0.0,,5696200.0,7559.0,162446700.0,155262.0,4439800.0,0.0,48616700.0,0.0,15480600.0,0.0,4366800.0,0.0,11951900.0,0.0,12651900.0,,,25245700.0,0.0,923300.0,0.0,0.0,,11774600.0,,1941600.0,0.0,8075600.0,0.0,0.0,16186900.0,24881,0.0,25134300.0,49644.0,29001500.0,,11468100.0,,36804900.0,,38770400.0,,3220000.0,0.0,0.0,,63538200.0,0.0,20773100.0,,179743.0,115698800.0,0.0,12654600.0,0,108783600.0,,9563800.0,0.0,86718100.0,0.0,43559400.0,,0.0,5492100.0,0.0,1229100.0,0.0,1477200.0,25180.0,0.0,35220300.0,0.0,,6141400.0,,7731700.0,0.0,,0.0,29066000.0,,3318600.0,,14781700.0,0.0,16943300.0,0.0,,,2572100.0,0.0,186.0,25793200.0,0.0,,165736400.0,0.0,7414100.0,1554.0,12054700.0,1426146.0,4286000.0,,76315900.0,0.0,37161800.0,,4107100.0,0.0,55970000.0,0.0,51002300.0,0.0,167236400.0,,33179100.0,,41761500.0,0.0,1160400.0,,78300.0,,89300.0,,0.0,2957100.0,0.0,4426900.0,0.0,46867300.0,0.0,28698900.0,,9534200.0,,1842200.0,0.0,5904600.0,,4555200.0,0.0,19192500.0,,222900.0,0.0,11148700.0,0.0,6553300.0,0.0,3794200.0,,4034300.0,0,5750500.0,,45088900.0,,22054700.0,,,,6047300.0,,22584200.0,0.0,,,0.0,,2133800.0,120.0
2026-08-13,4680347.0,590756.0,35530867.0,1157518.0,1834477.0,744192.0,1210921.0,18227047.0,66424623.0,37601319.0,116473440.0,29337122.0,21499771.0,4095318.0,13775057.0,10700700.0,0.0,40349300.0,,5201600.0,0.0,3343100.0,,12963300.0,0.0,18764900.0,,32170200.0,,7521900.0,,4798400.0,24178.0,1237900.0,0.0,9434700.0,0.0,13180500.0,0.0,7452000.0,0.0,11583600.0,,,,11380200.0,,62915900.0,,24393200.0,0.0,101800.0,,295900.0,,4713400.0,,0.0,4636900.0,,4228900.0,,0.0,28399.0,2523500.0,,16564800.0,0.0,2912900.0,0.0,0.0,245842.0,13072500.0,0.0,7458900.0,,,1324900.0,0,10750400.0,,4298000.0,0.0,15058700.0,,5822700.0,0.0,50680200.0,0.0,61560400.0,0.0,0.0,0.0,8064000.0,0.0,7100000.0,,8296300.0,0.0,78210600.0,,3232700.0,0.0,2766100.0,0.0,3462700.0,252473,18507300.0,0.0,23831500.0,0.0,2215700.0,,6907900.0,0.0,1185600.0,0.0,1491.0,1709100.0,0.0,0.0,8579100.0,0.0,5369800.0,,17866100.0,,1421700.0,,,2439900.0,,592.0,12722200.0,0.0,,,16201700.0,,26124000.0,0.0,,5395200.0,28933.0,116837600.0,140325.0,5415900.0,0.0,87993100.0,0.0,14719300.0,0.0,5102700.0,0.0,8543100.0,0.0,10140600.0,,,29069900.0,0.0,918400.0,0.0,0.0,,4646000.0,,1927300.0,0.0,8901000.0,0.0,0.0,11164200.0,18369,0.0,19255500.0,62651.0,23039000.0,,18336800.0,,36704700.0,,45470700.0,,2847400.0,0.0,0.0,,36239100.0,0.0,41452900.0,,197560.0,112102100.0,0.0,23124900.0,53,98867200.0,,10186900.0,0.0,125170100.0,0.0,25740000.0,,4.0,4593400.0,0.0,649000.0,0.0,1697800.0,25104.0,0.0,36511200.0,0.0,,9568900.0,,7716600.0,0.0,,0.0,31599700.0,,4658000.0,,12165500.0,0.0,17306200.0,0.0,,,1791000.0,0.0,3.0,32480200.0,0.0,,122775700.0,0.0,6786000.0,1600.0,22094400.0,2158972.0,3022500.0,,175839800.0,0.0,61870100.0,,4299300.0,0.0,54831600.0,0.0,66460500.0,0.0,120282200.0,,35634500.0,,47286300.0,0.0,1237400.0,,96800.0,,149500.0,,0.0,1880300.0,0.0,3965200.0,0.0,49822600.0,0.0,34708300.0,,8194000.0,,1667600.0,0.0,5327700.0,,4214800.0,0.0,13239300.0,,348000.0,0.0,8912700.0,0.0,5830000.0,0.0,8142600.0,,3120100.0,0,8699100.0,,12612200.0,,16822200.0,,,,7535100.0,,20703600.0,0.0,,,0.0,,3850900.0,0.0
2026-08-14,4520990.0,1203960.0,21669476.0,968103.0,750112.0,558447.0,1598040.0,17088038.0,30601060.0,46867792.0,91055676.0,20014655.0,75329330.0,3788942.0,5403919.0,18701900.0,0.0,28186700.0,,2874100.0,0.0,2518100.0,,13114200.0,0.0,25481000.0,,27184900.0,,5261900.0,,2089200.0,25403.0,928100.0,0.0,7349300.0,0.0,29432900.0,0.0,9608500.0,0.0,8210700.0,,,,12212000.0,,47843000.0,,26210200.0,0.0,103200.0,,295400.0,,3961400.0,,0.0,2236500.0,,3803400.0,,0.0,27826.0,1893400.0,,14620000.0,0.0,2518000.0,0.0,0.0,164535.0,8740100.0,0.0,7245100.0,,,1165100.0,0,8517300.0,,3367600.0,0.0,8659300.0,,6740900.0,0.0,33283000.0,0.0,29390600.0,0.0,0.0,0.0,3989100.0,0.0,8172300.0,,8887700.0,0.0,64706600.0,,2760500.0,0.0,1891900.0,0.0,1803700.0,233788,11839800.0,0.0,20656000.0,0.0,2389400.0,,3972300.0,0.0,1448900.0,0.0,124670.0,1489000.0,0.0,0.0,8301600.0,0.0,4217800.0,,17753300.0,,1592900.0,,,3072500.0,,37260.0,8973800.0,0.0,,,13983800.0,,11739900.0,0.0,,4519900.0,11712.0,95105600.0,123002.0,3383100.0,0.0,41918800.0,0.0,13150100.0,0.0,5058000.0,0.0,7349600.0,0.0,9159800.0,,,20407800.0,0.0,517700.0,0.0,0.0,,4237900.0,,2272100.0,0.0,7420500.0,0.0,0.0,8731600.0,95635,0.0,14437700.0,62742.0,16205200.0,,20609800.0,,27772200.0,,31071900.0,,2446000.0,0.0,0.0,,28947000.0,0.0,26705100.0,,109180.0,68339300.0,0.0,15002500.0,0,75504000.0,,10836300.0,0.0,96480400.0,0.0,21832100.0,,3440.0,4347600.0,0.0,620200.0,0.0,1369500.0,25669.0,11905.0,23985400.0,0.0,,15627600.0,,5804200.0,0.0,,0.0,23748000.0,,21473100.0,,17139800.0,0.0,13855300.0,0.0,,,1424700.0,0.0,31855.0,20581800.0,0.0,,61849700.0,0.0,5521200.0,1586.0,20839600.0,2139006.0,2580800.0,,154562200.0,0.0,34243800.0,,5819600.0,0.0,45015200.0,0.0,44101600.0,0.0,96253600.0,,31332500.0,,36317100.0,0.0,1196600.0,,124700.0,,258200.0,,0.0,1840000.0,0.0,4255600.0,0.0,36399400.0,0.0,45375100.0,,6307000.0,,1118400.0,0.0,4760800.0,,3479200.0,0.0,10180400.0,,250700.0,0.0,16482300.0,0.0,7112800.0,0.0,8105600.0,,3151000.0,0,9930800.0,,7148300.0,,14506600.0,,,,6321300.0,,22759600.0,0.0,,,0.0,,2782900.0,0.0
2026-08-15,,,,,,,,,,,,,,,,,0.0,,,,0.0,,,,0.0,,,,,,,,2449.0,,0.0,,0.0,,0.0,,0.0,,,,,,,,,,0.0,,,,,,,0.0,,,,,0.0,,,,,0.0,,0.0,0.0,,,0.0,,,,,0,,,,0.0,,,,0.0,,0.0,,0.0,0.0,0.0,,0.0,,,,0.0,,,,0.0,,0.0,,217742,,0.0,,0.0,,,,0.0,,0.0,,,0.0,0.0,,0.0,,,,,,,,,,,,0.0,,,,,,0.0,,,5011.0,,10110.0,,0.0,,0.0,,0.0,,0.0,,0.0,,,0.0,,0.0,,0.0,0.0,0.0,,,,0.0,,0.0,0.0,,19060,0.0,,8750.0,,,,,,,,,,0.0,0.0,0.0,,0.0,,,,,0.0,,0,,,,0.0,,0.0,,,,,0.0,,0.0,,24641.0,,,0.0,,,,,0.0,,0.0,,,,,,0.0,,0.0,,0.0,,0.0,,,0.0,,,0.0,,1587.0,,140128.0,,,,0.0,,,,0.0,,0.0,,0.0,,,,,,0.0,,,,,,,0.0,,0.0,,0.0,,0.0,,,,,,0.0,,,,0.0,,,,0.0,,0.0,,0.0,,,,0,,,,,,,,,,,,0.0,,,0.0,0.0,,0.0
2026-08-16,,,,,,,,,,,,,,,,,0.0,,,,0.0,,,,0.0,,,,,,,,3733.0,,0.0,,0.0,,0.0,,0.0,,,,,,,,,,0.0,,,,,,,0.0,,,,,597804.0,,,,,0.0,,0.0,593414.0,,,0.0,,,6.0,,658,,,,0.0,,,,0.0,,0.0,,0.0,0.0,0.0,,0.0,,,,0.0,,,,0.0,,0.0,,230894,,7306.0,,0.0,,,,0.0,,0.0,,,0.0,0.0,,0.0,,,,,,,,,,,,0.0,,,,,,0.0,,,5358.0,,20014.0,,0.0,,0.0,,0.0,,0.0,,0.0,,,0.0,,0.0,,0.0,0.0,0.0,,,,0.0,,0.0,0.0,,229129,0.0,,5383.0,,,,,,,,,,0.0,0.0,0.0,,0.0,,,,,0.0,,203,,,,0.0,,0.0,,,,,0.0,,0.0,,24731.0,,,0.0,,,,,0.0,,0.0,,,,,,0.0,,0.0,,0.0,,0.0,,,0.0,,,0.0,,1595.0,,84527.0,,,,0.0,,,,0.0,,0.0,,0.0,,,,,,0.0,,,,,,,0.0,,0.0,,0.0,,0.0,,,,,,0.0,,,,0.0,,,,0.0,,0.0,,0.0,,,,0,,,,,,,,104.0,,,,0.0,2.0,,0.0,0.0,,23.0
